49557128860
41228550808
08090399908
13100936957
39700574857
10302374680
92294464087
38581981968
29561656825
07069808593
44371913822
77734106668
09493228908
25492816837
52229056832
08828875720
04882420376
28044585800
12085141994
40145213897
61870112369
39201843860
70015703118
17323187869
61399497340
07703262935
51909966894
45485102816
10387125728
14315406848
07166497726
32651588881
14522789467
05220163914
48319634881
89196635487
07960833982
72986999034
43009101899
21514856840
13135284719
09712406989
40398276862
43833213809
04476030785
35684686893
07335703131
47789221825
07949212993
46219593871
40405672004
08521570961
11035585952
06904223936
05646018374
95980504672
38524288825
27577038890
11628555840
61136417400
31676279806
13209806780
17850475828
71495045404
35673143869
17542862839
74681591904
16754766751
05338392976
15486498802
27026598880
31171296851
27129079819
53959523300
10283643935
37116919864
29216078839
05018812044
21875932828
89725107187
44641430837
05227765669
06459719950
07008684100
06319934603
30282133895
11361546980
35268759876
88174166068
69053405100
62920510568
17446954744
38703035816
24857787873
94250790215
40101706898
06298049150
36463983888
50312716800
08416098964
45097398858
06959592984
77951506400
11491451700
10460568914
39041883304
07101885446
36816901894
04653461465
30824447840
29570833882
10405735766
06425757469
17413194805
46438864803
41149274840
40271637889
22693308895
15464322809
07659942409
17743336786
10237139936
29144785852
09717142904
40236500805
38007701800
46102662881
05044722162
35405696854
93483007253
22089758805
78717981620
05278498129
16684922881
11488876444
08548754419
07821169900
54341303830
08562082996
98430998420
15948698807
05436723950
09340577965
05610840171
37616331220
11274339707
47532673855
05152405164
41806339811
40611649888
39723038315
39423942865
06172995952
08745241643
06751033125
14540500635
08390227789
46379440828
12093772680
04718723000
27352115846
07946881363
27893138300
10395496675
12332613986
06334664921
84742135253
39623468806
85770169516
15569197788
83682163387
30684845881
70912688491
07361930301
35718213860
10298067994
71321330472
09322319429
06376925944
07384056985
12034863755
49248659829
49290843268
44333602874
04368671090
04543079000
99863510734
12719961620
45452824820
04476932126
04894381990
38314994898
08323406936
09837131705
49787407893
37235718838
51443120553
24582499813
09948408616
39999701892
42032477807
05895754902
11026110858
27369174808
44034359803
06086439125
07687514971
76816940210
47764421839
86989200987
10877555907
11765099854
10202490998
04835971981
06624003138
11379815983
04908093245
40865531803
16857350701
07989002965
29432799867
09597118998
70809678217
04714928929
07041202160
29697124825
06220631978
08428809763
43983533809
06676519933
11434129748
08279253521
39215388826
84873620953
47679156867
11138471828
16942835773
46174503860
11647439701
44523810818
91232724904
12968247999
04470577405
39494836839
05657620950
42743574810
34011201820
09843412931
04893332490
10604166974
35966979804
30758958811
89457064100
43119798860
65444639491
18631295701
48112582823
40248757873
06310668706
21859871860
07602104978
40624997898
13184414710
09206994999
04717178009
15763699785
05879811999
04613584922
94961190934
48820696878
32880344840
05476869514
61395166331
10715612948
06560801675
13538210640
53810627534
10181773961
09829973964
79216943653
10676871496
12130554741
09831788796
04830137061
40482837829
11409260631
70730056295
06701398154
70833255100
04459228009
86125699749
05939942130
14828298436
06859956909
24578464806
07984648956
36642816838
48194723809
06773308801
09217531952
68232365072
52332536825
42288077808
47288560899
10856338966
09150148907
70408653191
27106512893
07996936773
17891268789
62665940302
89293070944
43339221863
43682611860
09888135996
23342546816
16516519730
42175005801
15177578941
81221908049
38980296894
89675517115
14835948823
07239663701
26831543804
10479159955
14509371608
90160770220
13724955413
13912019657
85280305553
12111140821
62244154394
09998954940
06272370962
44547904855
85829823560
06661308508
92782116991
16844274793
41103269828
09145339910
04645602179
29621424860
10028139488
72171057904
29582282827
70199705674
18191478781
04302635118
05922870688
23229796861
70250393654
51483993841
09139873951
05530478255
33561481841
04404603010
33273587881
95535241504
08431596503
46517158855
81554990220
06966109304
48570986874
17895074806
28644242822
05200373409
08922206942
14787831682
06100799561
33240081822
08135669402
12771452707
05500707965
92358071900
07758686630
05697886179
09917408401
16328283830
69549419487
28156081897
44104277843
33457830886
54507324572
10631086919
04450403606
09131938604
04219758909
03541958677
03610919582
03545171477
03542547409
03540915060
03525212950
03480592058
03478176026
03384267010
03252803984
03250697192
03249445274
03240469286
03233692196
03232871151
03231955980
03231926963
03229069030
03228551440
03226183044
02531061924
02531911065
02529965005
02524286096
02517487073
02507228792
01907542140
01801754080
01766150675
01764856198
01743055242
01685177603
00404294901
00323534058
00001063057
06418281950
05992122923
50435495801
29368329850
11729997910
05709495131
47041576876
07539047640
16169470801
08263014956
86610647593
48683499880
33351867883
95202765991
69974543568
22865793850
07056110193
31340697840
07757192935
04624587090
28447765822
60322961300
05431332147
09503449901
17951378780
43944115805
45072348830
41051080851
74168452972
06254836181
05624221371
04682042963
11019099437
88826481253
09907813990
04912008117
13160951421
06173341107
82669759068
12767825782
45244651897
17765496867
95996370034
06881624360
09706998837
53218503809
08315812718
70377011657
12986613748
30182736806
46958120884
81980019134
32317785810
07644436901
52177779820
13911591799
37846826859
08796578980
56733950197
10959570748
05883185231
34435944847
24968775873
47211479884
38646309835
18586817740
47006343836
09298113994
39011987845
82836990597
49312039814
09447266908
07398070993
08369360432
09582950935
40734407807
73916250515
08033681780
06812693162
38147613830
10130260983
07924077928
43558063830
33292085896
14046491663
15622445744
05977870507
08323748900
40533499828
04548951512
38946331828
51851946187
39540712823
05749173909
07311739969
36428002892
07942666492
10097299936
71252099479
11429782498
10447707400
10243373910
09296790913
15079106735
25515021878
33328638865
37055257867
06547000109
53313984053
30293269858
06192057176
08153700324
10172227976
06431830199
08892116983
99004070591
04882051150
12433038910
07007542107
51265071845
85877875949
08678673966
10035892781
95506756291
81783370530
09861184783
30053647807
08698603483
08356969956
96621605153
91990521991
45331106811
70609293478
70081438184
08393555728
75354829100
41065203896
36073503881
29146317821
40491010842
78271568949
32798910862
42569023841
11319945660
83887750659
81764391691
31745053808
55674143900
14011983845
10371312744
62827111691
40649675851
39784299852
05859223307
13172227766
33699819809
95671374120
41665212845
07879617604
44127104830
24687140831
40739407830
06893411480
04319642970
37430911862
25780372802
30699268869
75416450010
07899824982
33005659879
42938862814
05132022936
07866679746
05320217110
10621836737
39710401874
81136790144
97669741449
06235192592
06691696840
35626391800
42039972838
43551732833
43026625817
35817587840
33678735860
14892900877
35001289807
04567119614
18531982855
17056925839
28806589857
76228800191
15985179885
63994950910
10096910828
09620264762
32147269867
87559285953
80544797434
28210573500
71361901268
05100800496
18333973809
68957220097
28419222860
15478006823
27450416816
36732596870
24605946829
31617953857
08845499766
93844743120
04796006869
07125519997
27176045372
18550369837
07851579805
48361720553
41159159866
08083201731
08361528911
83749438234
46669390831
38477716803
18553347800
07312284647
77474201100
07559012744
67069363087
10607379499
15713845885
78567041953
30485894149
33412834807
06128506925
25484047811
14013687860
84530669904
34166953800
27637617807
22170094865
30006212883
95932097787
10827213794
51714922391
88270793604
32339562821
99613280944
88750094149
05908552399
83667199953
96174331172
79406238772
69842698491
04367370194
12121594620
68289030649
12893865607
17555520842
26325239822
26907934825
36985463886
91518415920
04594903622
10955281903
44698752876
44506484800
29408316886
73750735115
27433138897
05849496939
13630948740
11983815748
16166567782
35160505865
31265314829
33213507857
12313434435
51340623749
09298439911
07010544760
11760534935
10820627909
88084299620
64463168368
09471771919
86144948589
04409128060
19090689850
17191776862
95761195291
05778410760
68738846268
05459275954
78997291904
06319258993
11903377706
17439935870
39937369827
89083377687
11414500467
09396339903
23231163803
51648057829
36192698821
21641267852
79713874900
32410530087
10322206944
05941021704
11261944410
10456304975
30299210855
05696366988
06028965928
09492926997
07768804970
14099092801
35643004810
48695776824
33821774800
90684443287
61056049987
45087137857
28949296845
64185966415
46358446843
42842610881
16779023884
40789746867
99079143987
40861327888
25302126869
42881628826
37431008864
50862111587
08846389794
40376686880
10189172843
30514414812
06843154670
32028424800
08252044964
09957280708
29015021805
11055449825
09172540907
69017948434
28422124874
31697304877
06501976901
43081616816
06148269694
31597186899
43063823899
04786985503
11917044674
29997394860
22377268846
06427118951
89113942204
16964848800
04480096337
29660019840
06661821671
40846977885
05879463931
07476859677
08815994688
06280396541
41379418828
05732959998
36959122864
07459911496
89633164753
25042204806
07285951927
22070039811
74384910215
05376667960
05611568165
44345732840
23006270860
13558602889
06973831567
67002285491
28048190869
08904036194
09167993443
49746665847
05484636973
22933267802
28901492857
73898880249
10410173916
39006082880
30870176803
14982891850
37959319839
40870138391
17536091869
33538200866
06155859906
75278456949
70088819167
76204952234
06795906507
37158495841
43951194847
20185877818
47712067830
06889671830
10205083960
28262180852
10581925904
92036147100
16060922783
31956824863
05058059959
30999989820
35917872805
13036811885
38584876863
36019366820
85603570920
21286870801
39538065808
09995085631
12595296655
96385014215
58951768015
43070597866
48671402878
08458357429
06472950679
42442477858
07580900998
11803345900
47443380895
10710065841
93452993191
07517523988
16689985806
36601045829
82835667091
50213982889
37743779874
06525206189
12317822774
05811855796
84812400104
04524557903
09685296669
38337118253
21261006852
05110218102
98571141304
08169197554
09713771460
08325598735
04356546911
79883591772
81634579968
08349192658
35822904840
42668803837
08917764940
41778127819
40350466807
05879484777
34048328840
52222403987
70601650107
27395178823
28181311892
36750237886
94567581091
04414537169
04452945074
28964595882
78732352972
32859029818
92398332934
12288982780
47626639804
84618060000
07070286120
34202345894
11647724902
08201159918
04499946190
19196620730
46617280091
81536348015
39712145840
11883392900
06147065130
36381411287
68010796972
10995457905
09086185908
30826909809
47503386134
42067769898
84631384204
38644624873
36780752827
71852024429
10307556719
51061791904
29926160875
05226959575
22822320896
41960676890
09717717745
95479252100
93282850204
48367948890
30091764220
44293252860
99528479049
05627731931
88422208504
13422426965
22252795867
47501501858
11952879680
33090988852
39645553806
48522221855
41621499847
45338790807
30123937817
43292197864
93362412904
10239334973
08579086779
10520606922
89943961287
10237698757
07211306904
10204293995
86085811594
05643336111
05823132107
22484259883
70282676600
47217155878
60885941365
30453059899
40571003850
19209161807
21135118434
12288609630
37660825828
09047911733
10162723679
07786903771
41256956368
05092984198
43759781802
46103058287
11400195977
96909790006
09036244943
34416994168
30542211807
05537294974
11789889456
05747793616
26798010830
30603523803
04306539563
44984229888
12672053936
54289408320
82199205053
13856902830
11797394770
37659583875
92224938500
97072141049
70399107649
40646828827
85483389034
22331315841
48736634824
05104038912
04786711993
12462048600
85725439020
24623096831
38772253819
09665541919
09428382620
09114579928
62719485373
05210572994
49703310818
05477631155
36746868800
91695929772
04411760975
10019216904
06270089921
46366067953
09877737639
59354364268
39611220839
04733903618
04926485656
10180224735
11167832906
06603284537
42846131899
43741767808
05907665700
35571491884
23059849870
54999028875
07369962903
05165818055
06390874189
39386773848
61629255360
05542830854
07344843722
08226608651
27742671883
33150827825
13497700436
08166509180
16112377349
11434095908
99844362172
70460663100
37072328831
70884463168
70358939208
85417742449
70604556128
70569929199
11426189788
49895478968
41039314856
09755321977
11652143939
47395560817
55436854168
05634584701
91027187900
11016463901
25223748859
37785507805
10415403960
37723167865
92274676372
21720528845
05562575299
12514574790
41934521825
37023823808
09852823981
08049037940
92482821134
16709205851
08868900637
04560385661
49839507885
09061668450
10953432971
14507915732
06504577145
43347995821
07661845440
05783946931
13612084810
13692293720
91465281991
08625002900
35252490805
06958603133
47410000953
16609814767
11826801782
16841900880
12396888650
11662495730
30666091897
25186232807
08487385354
09387073459
70453007198
34474752856
06781614967
25683858801
34388908878
14637888786
89748425649
11016059604
11571903674
28262626885
38378175987
13632212996
22532674814
41175696862
07673857804
06167852910
10419538950
39176691888
60506106306
34527218840
18763364808
35673345810
08534868751
65509358220
12706687908
21939093856
05229380004
46135810871
08741386981
26099167870
07566396978
04443773010
12196263761
39092468851
15475687803
40928648842
09976030703
46083856825
22861853875
99930552049
05590859409
11131021959
84856254049
18356955823
08860163986
13761111606
84347325134
38617621885
63350947972
32891431120
09504628966
16728146857
06834415661
05869554454
06085775962
07784396902
39461311826
13292425484
15962990889
07130725982
16709949885
07875058112
31970445840
58181695453
09576804655
70773577246
36057187873
60440406153
35391951810
37665679854
04312110352
78035384953
30847914810
07299066980
31386436801
24986748882
82474630597
30965894886
30725846801
49091038802
07887794781
89232992515
37495517824
28903431898
21782364803
70438502159
12918542660
22416917803
17192466700
05258920445
15164700875
08294117986
45774359859
41309578800
49145360804
34246392812
11707036403
52056827875
10280024916
05714132939
47550053880
44699237886
42763451896
75655241900
10893141755
08660208960
36673196220
10818054719
31864577851
47996370885
99274817304
08566835743
10055836925
05476566961
09773635970
79831630106
05148297107
76843092691
14319601793
15433436780
60901560600
08308938906
48049115453
41393972845
35688462841
06649985341
06929431966
08701493930
77943414772
06759418905
41434644898
70645750433
11671652924
51637511825
05502893995
17570125835
32600392874
39621840821
83454063000
48750400835
49483582822
05521687262
41240481810
06477995107
10665050984
10847612970
43101713897
04677860548
42774912865
38492677848
61382512376
21566795842
22549887867
09998333679
50416737803
12488562440
45285630886
05824977950
98602470134
92078826200
08930965989
21803147873
11760549967
28794144826
42779671831
20350520178
14389656724
07745824729
47862750934
17212599700
06940216103
39845908810
15762247759
12434548903
07309178947
09607155920
45851917806
45409037804
37311339898
29773433854
13653110742
90127056149
07511082947
06964132996
44265344020
07009985510
08358747888
46990487810
40825497817
09446766931
95843418200
78065127134
78465290059
09486515476
52254482831
46877750802
05737743900
15968580607
40221019898
47924464816
51741702836
04454538344
22472019890
06596806537
85189820068
06892978401
11476499950
37275597802
04697196996
43882895829
14342918803
21470016869
91449952453
38962888149
10233155996
10611316617
18073918765
10184461928
50438122810
26051754806
09324022750
72997354900
09313822970
28890745878
21393735886
07754046911
71569561087
10902154796
20105863874
41088374875
12032385929
07226577909
14083456680
33397479894
10940112663
07662814424
97362247320
06649864390
13458063706
09282433978
12889751988
29291105899
07515116765
06224964416
80110747925
12500148912
09122128700
05370673616
17387774803
08652009635
15919775840
05914235537
06801227963
70055054170
10279012985
06994473996
28866408832
39172837861
34547648824
12474604600
14926899809
18173198845
45073204883
04648216148
07979943350
12137205750
31827979801
11691317942
46740966850
51629993859
43874008894
44586490861
04694820109
14327620874
46083645883
31673435831
10597035997
06168568905
34034227800
06192581878
83737774072
11955532931
09151687828
09627542938
06957249913
51390028844
49779853898
35107787827
97074055972
87426749568
12929375990
80398154449
10349191999
06191424990
11975933494
18747536870
06885422983
10905315839
89255003372
44975383896
48532467890
51852089881
41114622869
34521081800
25909276816
08348131906
22017872806
86316689586
42349736881
09539665779
40682744875
05732067914
09958952793
04297686058
10116416904
21549669850
42063212805
15258365875
51604841249
16740011770
12631789792
04519601576
36364026842
06895524320
15211046897
06050669732
87556324400
12532227974
71358711119
05275064195
06183720321
08882507890
10214823741
08290977913
16123750739
06361183394
95251944420
70725939184
09820465966
11659799937
05418882937
13583512448
05113165344
23792099870
41949523837
05561490923
91043336087
44721651805
29937490804
08339145967
09122385509
07844266864
15131142717
54412331091
05613528101
89206886649
06463768960
05520917906
07502183710
04907273525
06982325938
66967155415
19338543757
11391856759
35683280893
05388206912
29554153830
05241921540
06124367998
07114100116
11628078731
56226322187
57700230153
09243754424
55549942020
92976999287
04799155474
05172619950
15343831826
16025809798
05346590714
42089143860
07236145122
05682248171
22452055883
41598897861
06654750470
98786423215
46074143870
38334210884
65198425591
08716982932
36933858820
21809804850
09584871978
12031420992
07037685496
44737764841
07425181916
43062213850
43541009837
90017510244
41319155880
06554711970
12734857774
38317682854
06709683907
09904742910
38579504805
08898736401
15538649806
51600869866
70010039139
04774759570
36608519818
06701323901
68410190249
12356272925
46889717880
81025173015
38650267882
33217658884
06466896811
06654308921
88020347100
76420469015
25661360843
18087765770
34489299800
12976157430
26672957812
42828969819
46085187807
08308568548
48802619808
08075983726
38743303897
28171074898
05459882923
12130513719
13260583718
06181836985
36310373846
28289349858
25458911857
11176556959
09379260946
08844287455
04966397650
12247273980
10513288619
08341682940
07418119445
15553292840
09792582940
09729535906
05268080121
18153707779
11530769930
06379048936
10428213995
11900967901
21445493896
85071951053
31200136845
32123559806
42043602896
08498523664
09326362922
17386576803
07317362140
88285618072
90270614915
30442151888
08582503490
42301466809
19999723845
21980493847
89197496987
06921378152
41149454822
09869330746
12051415617
16154668783
12214452605
28633003856
13910011683
11051815452
07389380926
13633126856
48647396847
48035763865
85602213015
15886230769
07199380909
05034687976
08553786978
42309040886
08836171885
18354794806
11135056641
80839509200
13673899929
42773280830
15692950774
48859930839
59387564134
37472509809
97108723034
11578911958
10264024923
28308918808
17293884770
09875388882
07793261488
08053267904
09848589708
33918498867
39641523821
43923279817
41775177807
42119658838
93039751387
91383145091
80812279115
10523848706
06479139682
06529648933
61359906320
60400609991
08766058970
43940409812
39246722884
07530798448
49882426840
05908158143
70843699299
37237185829
10973318651
42336018845
30201258803
06115054958
10385810954
61390777375
06166813996
51019314893
08614338660
57295006885
08257963690
08332956161
25862713867
38644564870
69461694253
06502880339
22933260808
06058034477
04595830181
33287610805
11471170713
10231551410
05173346906
29951980813
12472074638
98335006253
14462858638
07036831448
07401993902
32543896899
12883006628
06733365901
30047644826
41537298844
40692782818
35978085811
05368063148
05140990113
41127397885
06234775640
14236353610
05847571909
50470476877
06100636930
31618317806
11525938622
34707343805
14534078803
06958126963
20618799770
10652056946
31993568859
78359562415
13798891702
38754862850
52164209249
10172282993
05376222926
10212390970
04420747609
09624642958
09994745611
08881410923
44607863890
11857448782
29611638892
06029404199
12905874694
11557601402
83138382215
40807523852
34521092837
41153988844
36613635812
34180378876
99856719100
05797391120
51704639875
32242043897
30636657892
41109264836
42340145830
10380522977
06908154416
12415314633
37558556821
09018895989
14858448789
13218862760
15745495707
19806614720
09287920990
09061093619
86015966068
71091391408
34090429897
07707942469
12794411861
98904647134
53024222987
06868319185
06186684628
62059521149
47627954886
11043190635
06507312800
45522559837
04359161573
39940429843
12940021635
89949781000
38048685841
70753974193
06542478116
11540568482
11545768846
07367132474
08500217740
43767653842
10677679750
06582293974
07637008355
46784244826
70849273102
29910908808
57771812015
10696347784
95671269504
08539241986
50635324890
22623112851
32105682863
11041874936
41334425809
38355280253
33882945850
74410539272
13250011800
35164757818
09907011584
44509661800
11788792670
04308172314
05572971847
05316681932
04951640112
46814539861
84904011015
96639300559
04973806927
11873704798
08130955903
45405138851
70494577100
14913733699
06100939592
92463002204
43709879892
04297227886
40333218884
98214900778
43119716804
08922561920
29242262870
13248587610
43130063897
09010587932
18499692800
41574810898
45532622825
90370449215
06295518710
17163415826
13112308743
08408268503
40753703807
95391215315
10548182906
50034952934
78952808720
13179841613
32802909886
05048274997
11056285745
12837737674
11090857969
11165013924
92047548187
50522401805
30644838892
12748004981
10360804985
06598407583
04952192318
41278721878
08702726408
07515485965
49175053802
11885492863
16031737736
07311002982
74930494168
44703983818
10377890758
38225388844
44035204803
09898044969
09485532512
07209840176
18530044215
06123335901
61461156220
60217618120
10609711946
12503365973
07304343974
09784790416
05402882096
42677816806
33700508972
32960599896
61032667346
04367810186
09908097490
43828279813
07789647792
10071273921
61545969361
70249337126
31730295851
12903613982
37389954809
48904017840
21973705885
84110325587
82271755549
27797748861
11331846773
06899880105
35763575806
10722464908
06576774427
39854422828
42088615920
12360272802
11334931909
30398880808
10476222621
35155805813
42703572824
09621747937
15209756785
80508251087
05352963713
05520853673
40911433856
33403324877
52017602876
12640427601
38575592840
11790952786
11364120933
45457193845
06746648680
86216308505
11875354948
12363827902
07660730924
33677311888
05044540137
08026488431
07169252732
14401192796
26386999851
13063976776
06029282816
06151395905
49378984851
10875061664
44081754802
07140902984
31198553839
52729850449
22997069840
08809108604
95988262104
05713892956
60973107308
12075223920
37984526877
06737141951
14643760770
40873362802
40476689821
11606910450
26970493806
13436569402
17233875766
43977532880
44370880858
70430718101
70319156435
66761093520
04941467965
60056133081
86207295510
08524315113
13318415936
15438747709
13265635643
14364898732
05417633348
28477966818
07062322326
48458418860
17738051850
09361926900
11885501951
94958270191
28673254809
70341503460
29787136822
47077760278
96379243020
08823395917
60813784620
09974656974
39914767893
41410428893
42920992864
46867073824
06556743909
90303350415
05788246121
19247714893
35407333880
13311796616
04313264108
06162411354
21689897880
36501339898
43486535854
37824728889
05354920906
22066699861
15227083754
41435785819
11548714798
05669183665
46761852862
05499386307
08247267748
07817187673
07553134961
10963161962
16316071701
43361073863
11412401909
80023533668
05662278946
42495950809
10701865970
05040130929
11939564719
07271449957
45612399871
61491981385
13297529881
90498089215
04828927069
91083672649
07920400902
99071940500
63089459272
05082794531
63297060930
09955946784
29958082896
08929608418
17279629741
05835418957
44699914810
43526113874
07579567938
08592777712
36361420892
04385562164
04784338160
13292155916
38069198877
70145356256
07196471180
08648339979
08047506102
06861901571
42361075890
04547961107
06857763283
05174127566
12707224847
13782778642
06072832113
21244721867
48887781591
21690349867
12902620985
45881151895
77810414020
15535161764
47504491802
82277001520
29845169821
88541177904
08955185979
70256518181
09628504975
10301869600
37049700851
61424307520
62488325287
29100884804
15032822795
09041803955
43427018806
09967739401
52511251000
77925688068
97334707915
12528300921
08215559441
32617670813
31636239803
95326324091
06495144164
22225658803
40165770805
42529773807
46566500804
18222171720
43007549850
64754189000
46230183854
35036422856
05876921114
36991614807
33960688822
09517652992
11446755703
40918470803
51199334839
05965058179
06774507611
15881813839
73180106115
79459862934
93478542120
73631531087
79451730559
31432705865
08290433905
29754782830
46382831875
04982656924
06330021783
42391419821
06083814464
49032233882
47461497049
13101896924
08020813551
08876882413
81432437534
05499179182
07515720123
42422723837
46034290880
70232691185
05833284740
11707386722
08327399950
13805396767
69538441672
06262672184
07649163946
62057936015
11580045910
82276366087
76413012404
42933640805
12001881959
44533268153
42027374825
05074178606
18323179867
30057214859
43912988803
27133489864
13083731809
09956324728
06707512943
35351529840
16726167784
12493698789
29547632809
29402511857
14180638940
04503981617
05779700117
14533250858
16560293750
04333897378
97428205115
95295046087
09319031908
11530639484
67027679000
70273358162
09286247494
08988139992
29097903807
47862133811
13456748990
36075193820
45609146801
07196238478
04939317404
78682525291
12383358703
80852408234
50603587801
16475490865
98626841191
85851388072
46543928824
40202150810
40595982832
32884666869
58447210120
06596565580
39787003873
04463956927
04818384062
96819456204
45250136800
50925222836
30488487897
34405753814
13316436944
94800154120
12879804736
15633404459
34296484249
44145599870
37797410836
10388985950
70977373444
08251769990
96962739591
09434421926
43956355806
04498574923
33625880857
42602739812
28058212890
06389733259
11183553935
21667664808
08301332913
05908389382
70438035275
69851140244
08775937956
93775261915
08559707581
08377416964
06694734999
32463712880
18660735757
40875792120
34460471825
36722724859
71408479087
43369795884
92815359049
11095603973
45076192894
47463509818
04618064951
90740491687
43023332860
39667784835
07105209992
22776771835
51999043880
05463233403
34560094888
13456655983
14349999981
79217087300
11134177496
37829383804
06142967144
10256200971
10884221440
12515085709
07874328817
50826340890
07069672594
44772628843
49468951839
05529299059
12646122900
32365153844
63305119004
97998443049
13613117622
04760371150
04535763542
37640601827
12318147990
09299470707
04520618061
31140922840
13216709663
12311708910
13598054602
53486994034
05597777521
45823342888
29590036830
07200477907
10297169947
09185340979
09816689502
16238113766
57835594153
93156480215
29451932801
10704885930
27184435885
39408966830
39192974821
13987574704
86205168502
45075487807
05234563103
41674292848
29487628800
53644724857
10069915490
70297089625
42324594803
26577321272
44268946896
37065231836
04672139174
39973113829
05053123101
98793276915
12975115652
74733346700
33590992816
05997300994
15028570736
28306948807
07773556636
16718981761
13679008910
04802399677
83926720115
56563655068
09899005762
42004052880
43644089809
57758034349
30979630819
76331008349
50950967149
98713272004
04557567592
37121160803
08249968441
04364290122
04657010948
45963794838
29598760839
85100595787
19925903890
07811846144
10054136733
46929146889
48989165890
83942629534
49902848877
15741464750
05070142941
07121266946
10974387401
28374586869
41007606800
08454870946
05369164118
45777697860
10524663971
14296994778
11934509930
07980846931
29008423871
10846687690
25924281191
30977085880
38480234822
14370162602
14455561463
05956874155
50681249153
04749656194
39527250803
27550520828
09637364692
12004135638
51333323867
10421347902
08861435947
04941429281
96529695168
68723466200
15209140830
49127913856
12820891616
15881562810
18985674765
90748794204
20938748068
08577522946
11532717962
90526597020
80028089910
05919257709
05221265109
10198722923
22356443843
07286949560
51645957888
12445847974
23540117334
49409750881
08774429752
47079447879
09254718793
52474537864
08080376921
05493220946
31965796893
13590118628
22857643837
21338924869
09093543911
07646953393
26810823824
46166553838
08980312490
06113228975
86203427543
06218028917
06892144640
07367213989
05312638510
08800858783
34342922843
28528781860
12162530724
33420983840
40595268862
86815121291
79651038187
94132470997
12302634705
61832150313
33189511888
44361709858
12355004625
38610482804
56350340809
06834203990
41213410827
30433598875
04689687170
13190363684
43341471863
45432517841
51139498843
39934887843
31487115806
40700499830
34496997843
35767944091
74820826034
97382310604
27559591850
96333936987
34514384372
44493598875
12444440650
09741522851
88912531972
09173201669
35229586168
79095755568
07874202635
14366679760
61066044953
09406756927
08695575993
07141191992
05506099975
72294701968
05546726938
12834387800
82418837904
12631362497
10363328963
11263561829
35025789826
08292136940
10966333969
08205163928
42765716854
07219523998
05476036490
08297164918
48105239850
10415783429
87008688091
05247600983
15822017819
86467077091
41059655810
32813654850
13504335947
06194844973
12453675877
39753224893
09697443904
39485729847
10140001573
37118235806
23747693806
28004475833
34914490811
17312091857
06327417833
11929201710
82671354215
97534650330
44955189253
09877241188
45188701820
12818351960
10245661530
07923917809
17109823814
15880309894
85282880059
18482106716
08317017907
05254342595
48079672822
09083346641
92200702949
43111469816
05800785155
04697507908
10308166620
10991135474
42066896870
05463067996
24728827852
15606773767
18201007824
09978113908
45904232861
07743333914
09098295789
62921920328
04837994083
48766563801
16826727862
49409942870
13203366479
61598650300
06313539176
10217221971
08618974986
46796153898
08882218945
47843481826
09239934952
28854488810
34099564843
93266871120
08111381514
14825795617
38337475870
37849909836
38555212391
87556650472
78576920930
33933088828
11615462430
11231026944
29020540840
08682510545
22503975895
29137506803
08096989863
26230384817
12002714401
07438507939
08784517905
16986811861
08647581970
08058910139
14186278873
07475820505
10740680927
09828825481
07535249965
74765345220
16726832702
49519766847
10788281720
95776222087
16977834811
61536914398
49937493846
93059949115
09728573626
98382128300
36828269802
70538917121
70385360363
87947919020
47182689820
07259601752
45658926858
05225522424
04771217645
07034230960
08281287403
06757823926
16771331717
38166871807
81677391049
35061528824
23085341846
35183577862
12538778662
12204401757
04860636236
07318160303
79710433172
46840392856
08237136950
05468815486
08433999966
04742543564
09151495759
47885428893
43880010234
08642899360
12884084983
09042621702
05192600740
08519018831
97118621153
13677944473
05362347950
15610669669
47527239808
33321997819
12915363960
20150717253
45550489899
06263699914
52341823807
13882109670
39983493837
47436029800
38056385827
10369388674
05618774160
15629204645
07265383370
10952524708
05506910908
64871665291
70160482259
70104919680
07791503506
40470403802
37752980889
67461123068
24655846852
50196233852
13003147889
11455773930
78886902387
56266820587
60754447340
09801167670
05534021454
06269992192
06163311183
05282040093
06151778910
42981343858
42109014822
17921842712
06984403669
86045407334
48014568800
36508353802
10306696940
09542431961
04556600421
08406023678
98753720997
28271659880
28295860852
18306275896
31802790870
94515182234
04304937111
71236368053
06121689137
06232232950
40240310829
44905433878
16617089782
99182440115
45146273804
35524683829
04947922486
17350501803
27194015870
11259279928
07214459930
46530594892
80298567920
49775451841
92757944720
38774135287
08707664494
08523237941
09066171979
41161224831
14111819648
09621250919
42940353824
34198114897
59859814287
16570102877
93424701149
34371480870
05542688683
29755316809
12293493911
04599487090
50708547800
09166410746
15594072713
26079583852
16512667786
05282079038
06781793101
45875451807
12141098882
10477719422
37071556253
10716102951
43496130210
05826346795
43223528806
54213452468
05436765793
49336474880
04762981133
05134105111
06327105947
07194723930
05086743958
26059756816
12133438440
07879521925
10068159706
42199727904
08328945401
11594073635
97188824053
05179504643
11022824643
34248024845
05975144108
11366994906
30907204856
30868825816
70302492240
22638795879
13586321627
99497344449
61243060263
48472690806
41921045809
07419077711
18281134763
54105277120
37895329839
42205290800
38624078881
49104268253
53730409832
57857385204
04984209909
10614589460
50593117832
30264259823
29202549877
80046644903
21975466861
10565339940
23414732882
44422262882
44929912806
31827843829
16401640731
16754014890
10719443717
11534721983
14441491646
14174991766
10148490719
70204114608
95502599787
21935501828
06806242871
70107472104
11266355456
13695078871
10283430940
38135185820
80720129591
95313389068
52524904814
42992525863
04635309002
26617454839
95848487200
09161802476
46857155860
09940165900
09810695926
45115365898
09918083980
12618701747
38936683810
41667647806
31797518860
42020074842
14796012680
09850057939
83645519068
50595853870
45145698879
10908489943
60185765033
05561800973
05351418584
37542039830
07745568978
53406082807
21798554860
04589632918
05916788967
11444638742
06718327948
11592259740
10478259700
06393050160
12170831703
13383545660
42965094890
75774534987
05057229923
05893263685
74313274634
09681141997
05561190539
10393664902
71438142455
11472389956
16112314851
11907808442
05473060676
35678338803
10727573462
33137284805
18160259840
44858249859
09049725694
05018813105
34313703810
33563029814
05886828370
40830993134
04322688551
34820921843
05873524505
69193991053
48850136234
07698568881
39557087803
15926300738
04908234329
04322847960
10736325980
05206334901
15899143843
45970266817
12770066870
10967484952
36646625808
35000442806
07415714989
37387142866
56244169972
48543892813
22563114810
54338158204
82256470091
11622559606
10810464900
87953595249
10308048938
47111984900
99015528187
22718188855
95982990159
40993593879
36623686843
96266252600
06525340900
08734655980
06149255506
31359253823
08980670737
70199095230
05135481907
45586229889
45484338808
11882665430
98149709720
89139437353
33302688830
90951700049
05835359926
07468009910
04906641130
41022594818
47493682968
05116038602
08272457938
09589334806
37659835866
05723319400
42208655869
11947767950
76479790944
44426058821
86002423559
09736299910
05532823952
08691653728
36516006881
09166275946
13833401702
09389239940
10638352754
04563040533
15481977770
15794589809
42070322823
05921741906
10989372600
09168517963
43413778846
12758491729
86140380545
37227336859
61627115366
10637741951
36141997899
72054034991
19176405877
84728124053
22096916801
07543030128
59003006920
04961073482
40936707810
12399349989
17367486616
17903613707
41735065897
07468019983
24201678806
23145607871
44152147890
19637180893
15764735700
21357634897
11393153747
32472490879
08356865905
10740011847
70236561111
06573668111
75454122149
62467286347
07558297354
49581099867
31110319851
26434713851
58693246968
68526571087
08187120908
12725681642
14684711714
34921175896
29172332816
10979710901
83720456072
28933261885
17164330883
07598684766
13868936840
08527349647
09614120460
09294405958
45477039817
06194209950
86317525501
08986062925
19695700837
60290647380
07970511392
10182269906
27446073802
06466560589
07748295751
44230604858
06562457947
05114857002
09769071862
70384467113
43821255889
37956152836
16508473786
11020827912
10846834901
37289328841
43230102819
49345709851
07711405332
07423889997
28509697884
04979383165
13628434823
55444490072
08287084792
49022799832
04903328970
35761068800
41276939833
55340440397
38083821802
16316841752
04415453945
17072421785
13801590402
11880784963
95149333034
43543885880
18286245784
29267351893
04892265900
39156130880
52000035809
46813744828
11532339917
10378133403
39159712864
61221155504
37471928824
35841439855
06101630196
05749815277
40057644870
12327457742
47501801819
15013140765
15069162799
11294258788
06947728959
16491748707
31049228880
40659294826
23753489824
05826181346
30677577850
14704280756
70670379131
15863696796
41458521842
51072468859
10488534976
16388764606
08323862605
12270542975
39389490820
04827487103
22894423802
85643920034
32043370812
44119238822
54019221839
07477890616
11625504900
08310138938
31047252848
13214475665
09676161900
98251520010
11079269983
40822566877
82629838072
88606058220
16096777732
13521615758
95251219091
28903499859
43310010406
49154947804
15336117773
10378619900
11784561614
86205615533
08655475645
10637134982
86134649554
30176116800
22281468895
10981169929
06465505606
09005150904
13869986808
07450084708
08678601973
13129706852
47716382845
07817423903
07329489670
11140686917
71752265432
25759340875
12585040739
85402028087
30772858861
65399056534
43271099839
94657823949
62881256953
11910843962
09743533451
47265243803
40761994807
44972984856
11539071863
06477584662
05362699989
06260342993
32542506809
37333663876
21418494895
36524014847
94009198087
30913854859
05695911630
13374741690
07781383990
06355793836
06300231909
08318732995
48447363880
04390147943
61848811322
13321634759
12477536974
19477949736
38704563883
33662120801
06602545906
51399717391
05485788777
05767143560
07439167945
09677815903
31849514801
06142602480
09375415910
07623638947
04575699136
37199031840
08140926914
09425035709
62413806300
89476956968
33961401845
91428548904
06886917145
14140562650
62448129304
43227011832
08111613903
11284812944
39056920820
06513752582
77237366068
33979430197
35807280830
50500021848
06943771981
06758307964
21357746857
04324580936
12166412939
25067474866
06555237155
86914880000
61843936348
62851950304
07339249990
61264587376
70107494426
06722576965
11027543901
10784570930
11059584859
05898976914
69620415949
82780390620
09393992533
33712798806
40496166883
36317265895
05571183950
39089990810
17472754765
09149400746
10486834603
34488560881
97597414072
10338093656
05237529380
40905543149
05717001100
07581352978
12743027495
32270384806
04840736138
42991172800
39476161809
09679534995
27663905881
08179045900
60989221369
14518006739
09203114661
43845416866
04582955908
54373379149
13291383761
33828942890
49367568819
11470557690
97862274091
39898752807
98324306072
27336579841
09277033940
32091889806
49507696857
06161619482
11115783629
15551106659
87166429100
41060289806
11196804761
06297322724
44864234884
47120087843
15533461817
71474951104
08731628893
07169360110
84609036304
08561634901
29673328870
54262534987
30732258898
12921198703
10898668956
08417101551
46870839867
10021384932
10394066537
38532284884
41405325801
21318172829
08902509958
22500306852
08583932980
06395539159
07766140969
47394453871
47204631854
04441070535
50545478863
31664042873
39884155534
10068385978
17248789720
07912791469
07783511490
14475662621
12566552797
06231708179
60957768303
10035215682
90867009004
77258029087
62776892314
04613429285
46979682806
13091865614
09953778639
41847530869
40516454870
04976787990
09344947970
06708930994
26337986830
28171184804
06540298900
09892956990
47947589879
97004430006
09195666427
04495967452
65178432134
85806838072
06881968108
04371764363
71311963049
40948199830
35846574823
35766605854
93671369272
06085690380
85746860778
07067428777
12867855616
19238356700
05743677131
11533347980
61658243153
11513290614
98815040153
97634980587
11311471464
36106912807
05863654945
11181520932
05084111903
48440104847
50101044828
07914183911
80955142334
13177266778
83271651000
96875399091
11337979970
35901266803
58641394087
08196384718
30946275874
08759582901
05845325986
13020477956
51104853809
13093106966
49800371869
07647868900
88001296091
06113872475
90685253953
72872306668
40432618880
12974877702
77170725991
05230281995
08083785890
70797672290
07879851801
12367607940
27217793890
06174593800
30471943860
10956533779
90948050063
05843913406
27126970811
80714684368
74759426191
84846127087
86113124576
11453730974
94416184204
06427789147
19763807824
47100700833
70086428225
84454300097
07435286540
13773443714
45481109840
70334168490
37323405890
11907400605
05199715070
32139499816
06509546108
19455173794
70882979221
13357726939
08422424738
45434818873
70024036137
37718729877
27627837120
04990995910
10160266920
08702968681
07415255933
07945599486
05256964909
04875219008
37656009892
04482799912
10030233984
04530628906
39463143840
11506731929
16159557807
60536472335
30936946806
30135479878
86747096991
07011481958
13588763716
06693453937
45705849850
42935537890
96399660530
39110251812
47324531806
15135468722
15001276802
35145607814
10498608964
04334008119
05127145251
85851498501
04499982073
34274216861
89340060725
04526413909
21512460869
77685601320
10621491900
39109937889
25768347879
15882048800
38803462830
70370888111
07844624965
97640050200
92524419053
10459236482
17856807733
05435677459
06668238980
06203978108
06252728977
22482895880
04324559902
08689430610
25784047809
34942053889
05884230176
08331005996
48680001368
05259107195
30359852866
18426265820
69157642168
04744860958
96048816391
85376612104
90440765234
07264524914
39247572835
07705207400
51528587898
08311023905
50840932049
09565958710
35508266801
07951564729
26578737820
05640963930
70748966161
70840171277
12459016727
07239539709
95893636791
15123001794
12619596980
10699639417
40938505858
34241474861
81157371000
10533282900
37924606882
45426267847
70354742183
43642007864
81273878949
14648266765
33960107870
10717400670
07371211146
25664037830
07454433979
06899610302
33023070806
48245398896
09651015926
22431963870
04730531957
13589049790
07429928960
30718527895
46820935846
08408511971
35687118349
09880492870
04813394264
10155151932
05482342999
07623281690
83913238204
51243989149
22770897888
73083640978
40433701803
11212421620
04736853026
09352572920
06371181467
86476554514
12256629740
05442101907
72318830959
07652551110
13431177476
09145597618
05261521505
09140863751
11858170699
05676921323
08074397971
06866758947
46400040870
06366770603
11172519773
19152966763
85861731268
09598109941
12172289930
04761059354
36210239846
07529727745
42125315858
48974766825
04719001173
42902172818
11661260640
15236856701
07185684358
70979195152
46454663809
04947870150
11007595906
10692335447
09276518908
83946756034
42796894827
21868011836
10830607404
43588821880
70846452251
52576054811
48752503801
16922843800
15106740711
05483488989
36411454817
08092686980
10965034763
13401480723
97129917768
16851410800
19346356855
50286119803
96800135453
06426884863
05074356059
05570703098
34274254879
82627231120
07895276778
07632934901
45112751819
04922489584
35773040816
40326285806
13367814679
36295379877
78504660044
87057158491
14049832798
09574479900
04887741103
44793992838
31991102828
13669034714
33454806895
42834216851
10821640976
59025484972
64275981200
06306517952
49324323806
33734203856
91357608934
06233769892
60771283920
12595471759
40091166845
09669706750
11756795770
18116684884
06120585494
61634174372
09307989532
14783768722
35972913844
65312376272
06126210573
40009449833
40013742850
32216925870
35120806856
45542950876
84531037987
11189186730
08436536711
19219760800
70340274123
07780146308
08804444959
16456169674
34995677844
06992408160
71587746433
17344759861
31900900840
30622565400
04884173414
09095082911
04627758952
52872182810
05075787169
04869799030
14262648605
08631704989
07575252967
08188524450
42751465811
11399838903
10012797944
33777000809
41607849844
05340183351
23971326803
08326113956
11967019703
54380427803
61470317915
92864880920
47455481845
33553865881
96072725287
49043228869
13600092723
12918840769
06803681912
51512295833
27316450835
12889815625
26757394804
73183890410
72407590163
99984679187
60281773343
13390682902
71293698172
95680357291
44248574845
05585697579
38176276880
14290301606
12333303816
32952746818
14011593621
09355785950
37195822800
26280045854
04327406600
08030666608
83073000020
06550706130
30693263822
10894427776
06894441928
12602976679
47897221806
06241119974
06058611962
86985469191
36599821804
20499006860
09507125906
07826749921
43415051811
62372705318
10583859682
72897694149
07295606947
38467398809
38643485870
48775880865
05483698100
06446044330
32064077880
27982819893
91554594200
71237879191
47197731844
53311627890
38250301803
70230594158
06789759492
14716093751
31273888880
47909970811
39612630860
92365515991
76143490244
04707128050
49619403215
25635673864
05230194758
71266093109
41166958825
13128216711
40456327860
09054425989
23377935835
51506802818
09936796926
07862769910
07772534370
85782599200
08310200323
45085981880
11523974605
10549581901
06073245971
47957412807
05780320748
47552616865
30514796839
06388075304
41087684854
15146249741
17339043608
11332903967
37883307835
49914792820
37604529810
41965576869
54466172234
13902233613
33747335810
94332053168
38299947880
40640518826
26878202884
11102877980
08212668967
60019600038
06442519996
39783656856
73559113172
61987972953
10264307712
30848169808
08962389622
46697940867
64044955204
09859803978
79951759653
09742136408
09763590906
10395204992
47136824893
12057514919
45635823874
93679580134
49286011814
06200771588
45499622833
36976734830
10360269737
33644092850
60705732347
04683553910
08572922938
96170000244
17137333826
38954619894
27775725850
08525280607
70727096141
92179061315
19284669740
08044153900
34532504864
99566940297
09591903928
06279787702
04298026922
57366888249
05777848117
56422585837
14431135901
07655018995
08480909935
14784437746
47335568889
34398285814
69298084153
61057683388
75730170149
08585706104
05855193900
39512704897
08186672656
38779167837
08787136708
17175737890
13295548684
09000079900
09865633906
44498064844
05713351360
09527898927
08560036970
08184996993
41822365805
04806137375
29681818822
06483706901
41883908833
15388231879
43593005816
48847551897
06129356986
49433596803
36318752900
80500820244
35636790880
64635791220
22703030835
08944773904
41344347851
05132731902
12461623937
09096309928
51849518220
11035599740
07388048944
86535013200
27740188204
14586619899
50677654880
11197353941
06372460556
15760067869
11645723771
05747922106
46906072811
18131186717
39555109800
45326520818
43203398869
10980916631
99853078520
05037473004
07842528900
14931766846
10253121981
62683772220
80399991034
38722106880
70035369515
16272917767
10889241902
12332153888
07608987154
17088762781
24827824819
08512719958
08422434458
45232494821
12565129904
08344207916
05090373213
05090316929
78864259015
10433618639
36219414870
81997035200
05578088120
17773497702
52929810874
48011921819
43075064807
92814719068
11422537919
51729867820
08460660923
37801488890
15970192830
09567490465
37036299835
08307738601
70979008140
45181917810
43667587848
17212001775
10360546919
11075047919
12458083625
04571989075
18688725721
18974125846
53601122200
32450855831
05256250116
08705868904
45870042860
68622635287
45512824805
11777159962
86592998091
06864931170
06468005582
22499754850
86224633541
60886114306
12119838461
93047541191
28666553898
34456153814
48951011852
06414852554
10957911840
47374881860
06034458102
45987652839
46297122830
83623868000
07615319390
34815166811
70071662103
92957099004
78544858015
05808033500
66683483272
41730808832
05352049906
41400590876
45919358840
11272049981
10360384838
30989704807
47355971824
06740861633
15392151728
08383054823
12972091680
04820838164
97891258104
89127455904
14250310728
05617217186
39544240888
05839024996
05806310442
70135931681
05334988998
05350469959
96304022972
13005272931
28670279851
07321308677
82417377349
08086766950
85394912734
35324693839
89781945915
10099364417
15561498673
07540211652
43468765878
87390078200
14209736813
50483135852
40281384851
09702277442
10855638982
16542235655
28855848828
09556433686
75772566920
64235890204
38669923866
15625009619
19850605820
46957747808
67263615053
65366328004
07031922640
05152822512
64194108272
45246555810
60519434390
14966309808
21629775835
41673412807
48594129823
27535640869
37835272873
05366856906
70647708140
83509569091
36466224821
51776503830
10062030795
11138177989
35893439821
09781476699
07456559473
07078548906
31367457874
11905019963
39026713860
06961013945
94047138991
78340381504
39905594000
49874071320
04533109152
54342864134
34654057811
04363707941
45336716839
08914055507
42958278867
06892553494
04386651128
08668095706
04587408298
05103222639
50936527846
32674895802
06485125175
33015070851
33220745873
70848675118
94363188200
26707771809
90828305234
16003613742
35950579100
77867580700
08284712741
60809425343
64454363404
22389764851
07712441774
46384551829
43020517877
38394263836
10255661657
10631318712
04619217158
10689467923
86220936540
40070899819
49862354860
30201846810
40250322870
31849184836
70344654605
40935303863
36391631840
13322855627
10721785670
15499184780
06052922133
07969312918
96962887353
37783667856
14044852600
07812383407
26474488840
38553405877
05643096722
07019032109
11593109989
11161652604
49399394808
23546490886
07958809956
11530916909
05477995009
12957777703
04802974957
05075506178
09846162928
82586136187
05121201370
10149537905
08994348948
05276737908
31988426898
05086306906
34367455882
80004357990
40443683840
07397988989
43354717858
04847771141
11120120950
08429848959
31927859859
08203836607
06303524966
20952481391
37533026861
51789853893
09486345961
07747952988
09096516982
06691334183
09455768976
13993806727
14530824683
29070034883
07000794917
84109076900
49141558855
49963570453
19339371739
74081659168
06440922971
33451305801
46792599816
07599851461
04991790050
37909536879
96261714568
11647420946
27569091817
32488728888
06905466964
07299261332
38446783878
08396785929
38919852820
06231875318
07482458719
20585487871
05975479983
08478956964
09084056426
05586922908
37017757882
17018910773
45719946802
31048176851
06680981980
43509904885
08157088909
54132746615
47199523807
33884782878
06147431501
05317390826
82796076091
12475170638
28306300840
11340830922
66139686415
86251600004
49649874852
57392609149
47322668863
82878854420
43890737889
19618264700
12300913780
11627598952
37837975863
07142925914
07742233320
07413878917
28383858876
61745200991
70591718197
71213651204
11080792619
43200369809
10890981973
39412531826
09759013975
09202488703
22047800811
43507633841
14284552643
71430759143
08934427639
12191303978
42307099867
06088509341
34901486810
33172705862
44103614811
45252385858
32171407883
19266523801
41899065814
46429824349
15410176847
09132346999
42037132859
79344348553
05883824188
12219816761
09256268647
70128228130
14906215807
70208020608
88064220734
39502656865
46410201915
48379982835
19852385860
25750114856
05777990886
08814789622
17557055730
42645816053
10779313607
09916649901
13261246685
72099720134
36843197833
18404127719
29669806801
08926777910
95639519053
70599252103
05011753263
08021157488
07643340935
04492785060
06398893522
80029610990
37586752869
07248643939
13840007984
09566373961
06884605936
05638469923
79678289253
45527836880
08667091936
13812843706
09945836480
08030301936
40595746861
15413688784
35777437869
04356945379
35016076871
42926967802
07442607527
42465049801
06143737940
70258747285
19947614824
06219565541
09394812946
13866858604
07503188642
10376131985
04496867010
42924321808
29397633805
16819553692
39829732878
09391985920
10943948401
11473816904
35825343830
35131587859
68973519115
11381107443
33464803805
29688542830
33664866860
83220704034
22841348822
09543050945
14312628629
10952116766
29120193890
06574765951
04422875507
08702506980
05723944975
40414988809
24831202886
07908400906
06909851935
81742592368
10544320905
09698790918
11578065976
13182088661
07348505651
52643484215
46763025840
09743023682
36888767841
35813606831
40782481876
72138254020
70158066146
44486714881
32016897856
06864353621
08784291907
12257722655
33631408862
46977646845
12293587908
98140612987
04464913148
16267111601
93561830749
88252949215
08639254990
06851500973
43494856869
06499555959
98877445572
70742121135
05392075274
61645885020
10834072793
27182627884
17746065775
20112342710
11556798903
06197854384
14790049876
04579875613
07929309916
13285428660
12567142916
07887926955
33510212835
83473289272
15590125871
11768653666
10595395783
38159669810
11620736918
07809039946
14014075796
70913414140
05545403981
54688930291
05653728900
07627112800
37736711801
06280855759
10736644903
12559974606
34877658882
96322454234
85270911000
12245551710
97152307687
04919178565
13015978640
21834160847
95714049500
32100293850
13591016756
83363947020
09234862406
12727544995
35416992808
38557948808
10165919426
61828262072
09907004960
21736088866
40501326804
30714624845
43783510805
12313138623
06867763138
16840899721
10284094609
72177144949
08274287908
08540680904
82226970991
91916879934
10496517902
13249659754
11998643905
31646285875
42360562835
93461801020
05905306907
22570630829
65224213304
45151700820
07668225919
06728720138
38386263890
12813985783
12034723902
11512533912
36307130172
45819503848
28961556860
25368228856
08516530140
29205197866
83295585091
10947837906
84757728034
40771238878
06326162106
87806053972
06431249500
24616406880
42119325863
34782054840
07235422360
29622078800
60200638360
09934949946
12014051496
14624204867
09781582960
06880694950
86375518580
42297275854
97844241268
11825788707
45278601604
83776451149
05593437106
45607807819
09522909955
42221339819
27888196845
38515702860
34613863830
49696848803
31309397848
09561365839
11881491641
31456218824
27720741889
85691461249
07494405976
36778724803
93213280259
53837826805
26949964854
11174442875
11238711910
70803439687
71339687119
60302743332
56971346068
38180620808
70339777192
09867812905
43247887822
61025097149
70877715238
40967917840
83415572153
61922166308
41308742843
36969767841
51667389858
10336884796
06950826478
37716583816
05548550110
60580869300
36448050833
09763986990
25124267852
60072306009
12325241661
99911981649
50640779808
08731116990
44468110880
04314968117
07436665936
11315509512
04821140020
70796091277
14730145810
44495344846
08371043945
64688674600
36190469809
41103365894
08938029727
10221871985
13437117629
06196768336
10779222644
48749013874
07898318994
08722885951
05785290170
09399812979
11087343755
89200373372
04469323454
42243237881
08465309108
93330715200
60408262311
24972707836
41975467850
10519480708
11646200705
13435530677
60132530058
86024677537
45824158819
05892547400
38946847808
12534183818
11208888757
22695566824
08041248683
39020192809
22061883842
84931850278
08244029951
70581650174
06151771230
04375768509
09966362428
16878194750
04757905106
47801728882
81215100159
15587176762
11303012901
08959038903
12186790777
09686457984
08743692907
28430010807
16034930774
80187005168
93250525391
07868187948
46306119833
06163370945
10952858908
35995929852
12852883945
15580193750
10856134961
39232235870
04325033076
15383102795
06801283367
07809927922
10550426957
05058746956
98480774053
04766493079
07067785960
05568156450
31583527885
37314599904
37411338842
07432256942
88246060244
34736533811
14828931775
96294370310
70121632164
93734026920
06379329358
04613003970
91536251100
42166876870
39037288880
04546955006
08667568929
39424168837
28612903823
11803281758
39715687857
15001530873
05368849940
98262491068
12241786969
51672677653
12226944419
33489186850
05809123376
08652764980
05580017189
33961895821
99876124587
53524345832
09167274919
30158471806
06968930960
22448102830
05212815126
05305698928
10953322793
09323378992
06498334576
05916560940
05657524993
09244154951
11855453959
32246514827
37072985824
05879465128
37526281894
07939347969
07185148901
18413709750
29108342806
23438649500
36292165876
42258538882
44663486851
11258164906
30595517234
05870961955
07641199747
06575739300
17292452779
10886411998
05557805974
82269726553
10617452601
33471384812
08269111961
84351047100
95756566953
82119252572
09238330646
70239458141
84556439515
05140867699
05820722710
48135914857
04568851106
06613592986
13254335600
83970932904
06148221144
08007389776
21623148863
05726253329
48321069886
28254184801
06835393963
70830746153
10799466913
10340027916
42216117153
10016048733
36625621897
05755096198
97796867972
68686323987
39971174898
09847924732
08163950986
22584373858
24797461861
34774353892
08997835467
37753367889
09956120995
28510158851
05611117074
09931807601
30620377844
05283782018
05393166958
39463350802
09267770926
40099347865
05855925609
09710581562
09518486409
09325547929
10452669901
09263786941
12357078731
12561926788
41760115053
84767723949
88271510282
69028095004
05016295212
06078349783
08852890645
31900277816
04554749908
46541398852
16412551700
06032905403
60762795328
34541620847
47616389821
43981252802
41136259805
12309717770
42051411816
04810359077
44190640808
18446170841
11865692719
05105490398
27676181836
24151277870
10518417719
34658617870
18844945797
90041321391
90471911100
23782549899
27048683287
97743763587
94861773334
99423235115
97044733972
40728764881
44842815892
66225370978
33165519803
40978555813
46717181893
06440435981
05799936396
07221645566
50452757800
17137396747
26026253882
04486982932
40701979828
26605078802
11145254721
82852812053
10963921789
38528601803
06321821560
04832631500
39486021821
91516897900
07450592959
49550401871
23377273867
05883200567
72218738368
48005086814
09341787980
92466478315
04436341496
32803972867
06364429181
04894032120
15043030836
10997760826
38937112876
09750418603
37739228842
64137350310
07431216190
09083223990
09611710909
05107510671
09125130714
06926709980
05807663900
35640244844
46532629855
05716698166
88025802434
04481929502
08626569408
37149046894
42161473808
08993712727
41325660809
69303444272
10503454958
12981202685
21696552800
04437553535
10658313401
42016309865
17410446773
12095297776
53195944880
48641751874
10673550907
11626304777
15735878778
46885470805
12677164604
44526921840
06224449481
08506421918
72066458287
36440720864
51451840268
13243917662
06192478945
07326337101
13042591611
52230417800
69868824168
04911612550
77807413700
04736724056
07877493975
05920009314
12596608421
07534498970
04556768101
06862840975
12007410648
14155130742
05660606989
68600038391
70270696105
11337945994
06943259377
30899531881
05384119969
63212447915
27044605826
07604072909
50115155830
44651351816
06267861937
05218249157
12010452747
12129012906
10915500426
09567897905
06290420984
92157254587
38141126873
62128578302
13944039769
13203705605
40580736830
86786407900
17618992797
08573716657
85922658514
43058422890
06432203643
06927287914
31620542811
16012170726
15843161790
26970907899
95210229904
44760610871
04706502063
44467449841
70824545206
87473364049
16269436729
05406239384
48821496805
12467069621
32615560808
18872089840
10525401989
70290965411
04722667560
37215084833
05652705914
40879463805
19534498750
06138981928
12260301908
18598526886
35989897847
70045954631
22385982862
43734178819
77820070030
07878571813
86097397593
46046270880
74454730768
45103811820
05405133183
05005964177
33798231800
35182197829
98415727020
70212837680
05706591164
19245911705
09985122658
33146277859
38744993838
96474637587
04744323944
54326877553
14082563806
05509996714
13972876670
42607170818
47611538810
09177872932
04378985390
48366868818
12628192969
04333917310
07361356931
05600946988
67032869220
10308487931
85804967053
60294388249
11408690608
87364379215
52247696805
42349875814
09616708864
35535534803
08828702974
44529268861
07347453623
49434677840
10620509759
11004602685
11132880947
37018138841
64583970030
06741764488
38694071827
34423233800
85777340059
98507990053
13655885725
97222569049
15295596770
05324676985
72008482472
06735571894
22996069803
05931753109
05627269260
17353906740
16233636833
05529304907
31527445879
62852868504
76984575087
10247754455
16459649731
59778652015
13999587806
21347677828
17695923770
07028779130
44250217892
72733446568
82002231087
68622953904
68110332234
13412042943
42310730823
40881607894
04763948725
16879442617
37722307841
06377978170
06758647986
32721385879
99988968272
10551568950
04862251862
48217620130
28786277847
11902103980
37797316813
10507506910
36424915885
43774041806
22113602890
41738163830
10962138932
07089087131
61250511968
70788424483
08198649603
83560181100
39794705802
37088725843
09145081999
40438505816
78133424453
12109799773
07541276995
35889410881
14588854372
48805904600
20212569449
77726090600
11621589803
61991015968
76800105953
14036745824
87484773620
55937810520
60440449120
66837731068
61643963104
69467951053
95255478687
79606300110
18430202897
26627237857
27799165839
27767111822
93610718587
21975120809
82734755300
21649457863
27015907879
89543106134
93192363053
80234240504
80196869919
70178631191
08644605704
28489854882
89026519320
34120567826
09095320790
29768787813
21725308835
04391191970
22592486836
05143384400
21438251882
30312765827
32549323823
31715017838
31572512873
05103831490
71832556115
31332971806
33343626805
33436837873
34330799863
70012328235
07731293670
04547596905
05330263930
11130981711
35649375879
33748427808
31286974852
70101020155
34934151842
36624232862
73351210191
06113809943
36963948828
37250593811
37444168873
38448280873
60252210301
94594007287
06556815900
05937130952
04341870386
04529688364
09124312967
38799680807
41456437801
10399130675
41936232898
41553133838
11466738685
40703022806
09090451439
08831959921
39574518841
09327573919
41900978881
43093429811
42286889856
09112905917
06220181913
14546054726
04896044126
70291509100
43816197817
10419081992
07467040970
09708783978
14249613607
11927816947
07544497933
17032948740
10742754464
82832307515
47837671813
24093719810
15912543706
10861244990
10642393907
08233963399
39511655884
48246316885
48347001863
14800750601
10253152941
70076873692
43745684842
04796021159
38605726873
11543071902
06740714924
11618001400
14187573909
09852024833
05509675918
55179096049
81354100000
97303674187
35071444844
35238411863
74220195149
05496048982
40490143865
40331675870
06313294980
38472121844
42131549806
16343932798
15018339799
17241062795
10511980973
11552742962
96721510200
54144965015
07373774962
12762701783
40971781800
04329646900
04813719660
40738483800
18106424855
06441022923
47052384272
66594197304
08630647876
84797150220
22114767833
14539208896
05334370757
46839081826
07665475906
38949623803
79857167349
99072904249
27743716864
05779412324
35068088854
09742976155
04858796973
33819212825
46314570824
11102953679
13265307719
10513969721
40826999883
09352496647
51362600091
30612545873
76160955004
94245762187
08572713930
09703884970
78620961349
43958274897
26184072889
40663088801
46879845843
31968288830
45422729404
39209348818
10699685796
94902887991
35433283879
12392679673
45226716877
75619121968
58587560263
29731113827
10537771670
04890467548
12206883988
06170086394
10458483958
06583341581
11917461607
26474355883
49113619802
33209034893
12058369939
12956667742
11151049778
25216006877
84925370006
04706727146
10269999957
39212159869
88617246987
04662698979
37323070856
40581283805
08728527925
10941638804
10587893842
10992114926
38731707874
07868724706
67284400110
50348647034
32365708811
12340062780
73285757191
80210902191
06915219137
60483684376
46028774863
28012355809
10292013744
09345452940
43272095896
04914464039
14334409709
45619023842
42163202879
15711230751
43802551826
05927367925
26817983886
10353583600
92226167153
46823112808
48065845843
33185428811
30421812869
06492740599
79302912272
70504341162
40534459811
37929068803
09753858957
39376365879
62507938366
10514883979
43885813807
08782945977
60976203308
14073499700
94422095315
49500764857
08888505903
05157725930
86010402506
50196820049
17175884761
48240071864
13347272790
11580959610
12992782807
36055970848
39505012829
39482864859
14394432626
17992302877
37089535843
22464644803
05402083290
07610659622
90350235015
07387107920
61173048383
31880895897
16603098830
11231532998
11911317776
09190995996
08089956505
05120191509
41456630806
33956396812
34527846817
05491954594
36547127893
08742567807
30629513899
05389311329
39863022802
61838310347
16017457705
50264997832
34076377800
33869050802
38448189876
14955816835
09360976474
98259504049
10048836923
05262113508
96436840915
20175991820
43105272801
16057080700
87414058034
49116662857
10250309661
70894467190
37146966879
05516769140
07008165692
08310740190
37686499898
40138393850
04717613970
39591978880
05202031947
05592471173
72585218015
42039978879
51352125900
44043315848
04897023920
19580047740
98417568115
07066852885
30920004806
48544347835
93056346304
18438247873
64615731191
54534364920
22056415810
05781713174
04332606965
23910431801
06289323679
44543153880
04333872979
14213289680
08133587522
97456268053
05484250196
09114892740
05331000118
14833904705
46524971809
47291879892
09870449743
42552906877
05550311100
04686583004
05295070727
36286549803
07399371970
13905599716
04950540114
07714877979
07944609925
09389846919
91828791172
13578940828
29859241899
14553034700
33699869814
08843078836
22138828867
71717293115
50684201828
25694689836
15480370871
72008245691
37785831823
78279445234
06188747120
06659886648
07716067451
83087680168
09121300402
46954279072
17159175883
52778002049
04569648940
51412778875
11504476808
07559908977
09628358979
98477072000
42247097839
09610037402
07950940603
70072619147
30650497830
22604192837
37893895870
04816599355
05411215374
31231621842
70271903627
27401767830
07873791742
77615360315
16878052700
27413393840
78177430459
33948847800
08951885976
34734772819
48365159805
40094912807
09409820723
05542056962
92652492004
66823226900
30391582879
09903331673
85152307472
83276637120
26760724801
30079030840
27650327850
76982238253
43782927850
13131005793
11163261912
37018133882
10864706723
49080514888
40942587871
47660308858
09390262445
10444724990
40924771801
41316377822
11792969660
79025528287
45397947873
06899906503
46568162809
25485696830
29816654806
76314057353
83449736353
12356355979
90902726153
34521258824
45881773896
14151629483
33185219813
44821625822
41373683848
12736239750
44226736885
21700090860
30785720804
11912601435
76071944104
41439907846
10125016638
10635384671
12185134620
35482677850
23606532881
10474140903
84838914768
16052720786
42967608823
07650681920
12770475703
27087787810
70792197100
25994504890
35892726860
08833250121
14667812702
34807083821
08320143977
32351455835
05277672982
86631756200
31631416847
42703036892
27213306839
10040275833
41726998800
38182883806
32013271824
86327402615
46553063869
07119902989
25640295821
87070510772
13411104864
43116390827
14956078870
05314618826
44398532854
48486258820
09619873831
46070089820
29601918892
09719333910
05095976102
07723916531
08793664940
05990349980
48522284857
07817971951
13661112651
15310134735
15507285632
72481692004
45022385899
31054132860
61103306200
85507083991
32380716889
69879710053
14312926727
72816309215
44918093809
05862608621
50163996890
10055611419
40701143860
04655038969
46333922803
50261247808
15667504740
08214502985
38427660847
20186212895
20554351838
45674774803
41566864852
55183548862
07299989832
45932995866
08447965902
43606875835
06741993916
15340041816
06574932955
10099185911
06314069130
06798516157
15710484806
61614424187
30659065894
10743401670
06377767390
10286674424
07322459903
96223316020
11068358912
22984217810
05552703944
50852073860
54898749534
46786346812
08275078954
39205586854
70613708156
13300127718
38633938804
16085651732
72902272200
17134793702
48176331821
88887464472
05899396539
10309418909
16457132880
41512292800
12147357979
26483137885
07379416936
05311219416
06334706942
69613796215
12503397662
05119060137
07907898927
29280615840
08281311479
08632461923
08100806993
11343264405
07957958907
48136430861
10841351910
04318588025
06697934859
12006388835
42349001253
42902614187
20551093838
90201841991
23315557888
39561261812
82280258072
13437983610
31947063812
89488970553
78347904987
11471120708
49183629823
79411541968
12380289930
23407644833
11961951703
35451871876
07548487878
25936089860
89457811291
05532039917
45651939814
37112270820
06364539521
08005063911
11625183674
31877768847
40816934800
09897784799
31745996877
11774907658
14692598778
07348446620
06513494940
70017909660
88128016091
12179461607
07656811532
07319364930
69682046220
04501007907
33564379843
94122067634
51940477034
08698518613
08063528921
08663784724
06222526900
43293163823
27590386880
41669497801
35641611808
98482092715
38868262878
05429750417
07266603960
28553432831
45504023858
70544074238
39821379850
06801026470
11850330921
08008480718
70621433160
05354104920
35524720880
43444982836
14555892844
12490655779
05925321944
07446087404
87380692020
21546632816
48374077816
53554779253
97660434004
26849095803
38279340874
12192383924
20065899890
50365853801
70300622210
14418737677
08197739803
28108486882
50667439870
48399783870
07346117905
37205838304
71472848101
36120727817
05219070630
89689992287
71870059115
09185349682
07457548300
24642397809
16014337865
78290325053
08744818726
07140441642
09647289901
41163946885
28047258800
13299790951
07742470969
04815417130
10278751733
30541049828
42569217883
33594798828
45539840836
05488115986
11872856926
22752638884
04376070203
93379676004
07578579657
10601841921
09346208490
32918000876
38569508859
56961955800
12021007910
36925873840
22680892828
34351044810
30193480808
44665558850
49115389880
23665626838
10735691444
35205128828
06700196159
25473833810
42411802803
29118464866
15249435769
09096123905
12701420709
32510646818
12390894739
07797456631
07097157909
31487922892
10838810780
11685849733
08324903933
33365044817
09830175499
13690383803
11348826967
37597499841
08308325483
21778596894
05004479933
70458349267
43770189817
56841485149
13363673930
33625063808
06038060154
76150240053
05009484102
44088296842
95621555287
29105042801
04948154938
09060753941
10512540608
47179974846
14501789794
12862206962
26595151820
27077407802
34722807272
07783835716
25444821842
85300713015
21980220875
15636779895
07914576565
71792856253
05216984992
46625404888
97603465168
06117606656
83706127920
09772329727
23629336876
80205593704
52777006920
37506766825
05884562179
86234322581
05703998743
69299072949
38373040862
29524421852
07373969119
41923213865
09536696967
06163686900
13196095703
37460443832
77490290104
33771408830
12189569680
41387677896
12771407400
15337347713
08689233970
36618746833
29861809813
13626895726
86182501120
37963963801
67093124291
14062870401
30535463880
92341780091
96143894949
90598474587
09840579860
10610878751
30323192858
21718266812
31622719832
34282536802
39172954825
38058780871
32150012847
31865985830
04666040170
09440446625
15487843899
06924923569
25127855801
36679818800
80581951034
36351038880
94982724920
97044997953
39410664802
04439534651
76461483187
74219880410
21831842807
24571331819
19539443881
43919841808
11124524940
45628199877
28949277468
07829039402
99602857404
16658826897
32912429803
10571802974
06729567481
34379542882
37027028816
31875266836
15151612859
39642083884
33338682883
37190982817
35645246810
34003684826
41246494876
07752823830
21927299870
22323162896
22780584874
40874008832
87026309587
45426073805
46068405877
36735096835
42584395843
32992077844
37552833874
39314492893
29748031802
50656931884
29711771810
15098081831
30939548860
45575218864
05123827862
44566639878
27109754839
12210806879
41756284873
43995728847
28828980885
05661882360
48319944805
21832379884
41295998874
12953646892
21248935802
40290625807
48662252893
40253975875
10533971438
34459764814
30454432810
45726155866
16762482856
30771952830
22977065881
32117320805
08691680610
10995017417
19504155898
27546710804
29830490866
21407529889
41530999880
42662854855
31615911863
42048806813
09543727864
22134612878
42530846804
20646173880
28941077818
35697653859
60261027360
17554362895
39774367839
07356391759
30734524862
37163386800
04514160318
04356838882
48094162830
06296502761
95912134768
08207667710
18451654703
12250337721
18063036719
15497083765
05450066783
11487331754
04460468760
09356480702
10891836748
10908368720
07346740742
10223668745
05693228711
14910832718
08127236608
06693685633
12383205702
05359753765
07669239670
06206534693
04628841632
74338048620
13452638642
11214974627
07793270630
06073349670
06530803602
92860206604
25713577864
11511100605
14605486631
11445271630
10772307962
04937992902
18177675850
21902150805
42145787836
40270916806
35038159885
37340066861
41518946836
38918301812
40250921820
50863266215
49412308841
35869850886
30888796854
14878743832
26679197856
18898131844
61626074372
44951668831
38581559859
34769624824
64101827915
42399302869
37127402809
35900570843
10258994746
28729205875
11808075889
38600632862
35054944885
40847112845
12738053726
07570827775
14215631777
12030633771
11267670770
07771688713
11274771706
08216082665
31665399805
06375026636
38284183846
15474475675
45322164863
06990945699
12138670619
11105184633
33152637870
27220553846
39668567862
15335762896
38649957870
34298241840
50656836890
33257890800
42340528844
29634760864
15782046821
36137558827
12800522798
15500125761
46388776809
04884963903
19182169837
27256763808
41959753878
31754343805
43633961801
46529272828
34080157835
35179162858
06154430604
97554529749
11986742709
13568699710
27133908859
41816155888
13715731745
17505458701
08190694774
16702783795
12675128651
13537448686
04740753626
06521433180
48293912863
38511968806
43598354851
41365550672
40323963889
29873140867
31796939838
28339076809
45839974854
45885477809
35081788899
50911584803
11248614755
15076584865
47227487806
14396658699
46459123802
46230232812
39811897875
09531588619
16418116763
08680486744
95135235787
17821471798
14353309781
05374846710
10071252762
14129819720
15077778760
43648327828
29922113899
09893943604
05635259677
13988667684
99710170678
28392501870
17337604823
38161588899
35991229899
47943808878
16115452775
30889085889
16874605747
22709189836
30190315830
26673952806
25803319805
37179008893
38022197831
31170607829
42535327805
44276518873
38053808875
35482396843
23424551864
11421990709
44313551468
09102883724
09700865711
15503635736
10682528714
11731835663
12013152809
10415322618
08085787660
37771425810
38337480874
38080283869
21341638871
38076685869
33595066855
38022126810
41963313860
71000944450
36896222808
38334601808
32163691888
14170231805
50640293816
32629772845
38493893838
48101151869
35727898854
33247288864
35362881892
47459040886
49295949870
28165603841
40139213830
33237330884
12349247813
04642672770
31700476807
10343115654
23651132811
36057453859
35502435881
39758317822
39150205838
47840062814
46100209802
51305413830
47874235843
20282778829
38730721814
22403359807
41730966829
35794001852
22662155825
13762823480
44769161808
36042752880
51245925830
22404183893
44193693880
33178419829
12522461613
38177436880
27311137829
07638106733
16573915747
43342769890
11942405693
12047424640
21984396897
34835945824
07782486661
39043473812
51791471587
22351064801
06486764473
22860065806
32581497807
46049116814
22431405869
34986384830
16443392779
13492703771
08145120705
14362047719
14448331709
16892289703
07946110600
12966097663
31430932856
13498705601
12249088802
15208720469
33121596870
10188308989
43360976827
52875972820
46603449838
43574988800
33194081861
62542346291
79607047753
12493510658
70337938636
11069055638
13389003827
14035846643
08552395657
05115039460
05498975775
49769602850
45237636829
33758418844
29831138848
45510424800
29854082881
44557439870
06965919795
11154854744
06221179475
22636660879
04638307680
41923060856
30840347880
25021337858
30105132837
40614960851
42242190857
47007466885
43713666865
23007804884
19494674812
27526242805
39743170820
48229726825
39492590824
30630386870
44582431879
39005523808
47623444867
45645755898
32250567824
11959111736
11120560764
11720491739
16254707705
12737746639
05136959665
14054545637
49384578819
43307372807
33108377850
05765403824
04812632927
44929251800
35519628807
55311533846
38395191871
46594304801
41442241802
48319974801
12811027769
17646304751
06277988611
10675081637
08995428678
45889625829
34535397880
51819474844
36147933892
16147701746
08029452950
39709104802
07251727897
53758780896
36099999850
40331534894
22379641811
17595946794
09079676713
05816040677
09341872901
70952747464
25593215804
36852841855
13849651819
29560414879
26313873840
06864649822
32063541884
28841962852
04387324724
05633384741
30303386819
28085481847
43867108846
39598826880
32846798800
17849709721
26088244801
23414114879
41336231858
29958543885
18607027751
38759375892
39404503835
24973077844
08982235809
77654404620
36894629838
36681599800
45929847819
09437785732
09611563760
08468534692
75649853649
11192729986
18686082718
22079111876
16207634861
47855313800
07745406641
14474924630
15107820794
21812064810
36067910896
04724662166
36721987813
42514382807
44473196836
30636244890
29825522801
14187972609
14283960632
30346294860
32345109890
07901397900
11521081824
43477865812
28694484811
28400085809
08853389605
08892798707
13496959630
34025253801
09078555807
39008883880
15150078719
09058473694
30481843841
12251221638
44306773876
95187952315
08840967770
09959007600
11564195813
32401265830
12644621828
11862422800
35816792806
15145291736
06124078538
61924970104
17197399785
16038243755
05232537709
27874598890
05335478659
44607689840
30309555833
14899915810
47415153898
77256816391
46290962809
21475478836
16760807758
18632651714
10686259882
48041619886
33207055800
13206048621
31074307810
16832733704
08465488797
13840879663
04908240647
51870170806
28123556896
04282080965
04292971650
04289998089
04289124194
04288226902
04269125942
04286055167
04280260796
04276357993
04261288001
04248776197
04258247138
04253583059
04248966999
04247925164
04247556614
04244691626
04244070354
04243996016
04243681619
04240815207
04237458164
04234684139
04232187006
04234485608
04227456002
04226170679
04226024184
04219402047
04218791066
04216048595
04215152445
04215023122
04212367602
04211370960
04206254290
04201672778
04198106258
04197307969
04196903606
04196378935
04196192084
04194657071
04192399601
04190506982
04189475033
04189352039
04186667500
04184728073
04183600065
04179070286
04178695096
04175928170
04174411000
04174036071
04171212960
04168085902
04164021942
04162775001
04160788505
04159761461
04157922905
04157686080
04155617790
04150220450
04147436528
04145277988
04141387916
04140294370
04134739969
04132056902
04128542105
04127379731
04126219080
04125286906
04123593089
04119522008
04117952102
04111012183
04102842039
04102315179
04098504030
04098440121
04094683984
04091576940
04082248277
04085508130
04077978904
04067976097
04065911486
04061050575
04058809957
04054590926
04049310902
04048901133
04047843300
04046020024
04045873139
04044638942
04041435986
04040095650
04037230941
04030863108
04027427106
04025552523
04025137038
04021887482
04021336095
04017187510
04014172040
04013308428
04011556092
04013264110
04010357193
04008789170
04004711401
04004528631
04003054377
04000783505
03998446516
03996571003
03995269435
03990429035
03983992986
03982532000
03980959902
03979749908
03970215420
03968811909
03968620046
03966555301
03964499994
03962495070
03960604475
03959544014
03954569167
03949685146
03949124381
03948222002
03945032954
03939270750
03944218094
03944170032
03938226137
03931939189
03929010054
03926233150
03925462139
03922759963
03920497163
03919203917
03917600412
03917448017
03909712193
03906640221
03906587150
03906210995
03903695947
03895719978
03888745110
03886208540
03885921090
03885146983
03879023506
03872511033
03869279958
03867394121
03865970060
03864397960
03863480147
03863127960
03860577530
03857892200
03856884157
03856318127
03853236030
03852035007
03850111210
03850085970
03849492079
03849235696
03848109930
03847723073
03838335074
03837388069
03836856999
03835653911
03834767123
03834375470
03831322236
03820298100
03818095442
03815642159
03815336465
03815167922
03809038733
03807418903
03807261907
03799203010
03798624925
03796836011
03796762069
03788952148
03787864903
03779174006
03778823132
03772567061
03766694030
03762363293
03753645958
03752229608
03752197900
03751220798
03740508051
03736994923
03728554740
03730850016
03727640103
03721740009
03719343200
03717910060
03716208990
03715074132
03711361056
03711148026
03710865077
03705067907
03705038052
03701966192
03701744025
03696373133
03688611047
03687396274
03683561246
03682123008
03680632916
03679360622
03676304357
03675748022
03675348199
03671192933
03662661284
03654271367
03653440793
03648817639
03647547964
03644478180
03642268110
03636586610
03635462942
03634963190
03634308494
03633254250
03624252992
03622383917
03621935177
03621032916
03612789937
03610207086
03609699094
03600469169
03600144022
03599362025
03596644585
03594900932
03594633632
03593063573
03592519352
03580573020
03578756725
03575487600
03572844967
03570773000
03569987116
03568278952
03563567107
03552178724
03555320009
03553872985
03551010765
03550688776
03549102135
03547412099
03546755081
03546584090
03544921286
03535080045
03522575989
03533805980
03528616067
03523836905
03522781104
03519342006
03516689005
03516627905
03512892914
03512532977
03482298955
03512172075
03512307000
03510211405
03495267450
03510594908
03502079846
03494444552
03488925510
03477162617
03476338037
03475237300
03468280076
03468169043
03467268080
03464123073
03461716952
03459707135
03447654902
03447478918
03445883947
03445829063
03443316107
03442151139
03440895173
03440285260
03436612090
03440183939
03392134180
03427606023
03409751300
03416037162
03403155986
03398023088
03391994070
03387832613
03386579086
03385963567
03383291022
03381896024
03380954039
03378781963
03378653027
03375873107
03374223117
03373699924
03368321412
03366970901
03366797932
03363299036
03363187157
03363028784
03362932088
03361544610
03361520940
03360876911
03357114992
03354540540
03348885221
03347211138
03346827542
03345392348
03339634823
03339594180
03339492778
03337853986
03336928028
03336617022
03336005175
03330892196
03316577165
03316490558
03314651597
03310461564
03303656061
03298394548
03298184659
03271844003
03269021046
03257573057
03256959032
03256490069
03254537050
03254217730
03225920207
03224657456
03220171907
03219140238
03215745836
03215548410
03212287403
03206490243
03203334933
03203057832
03200432152
03198147000
03195629216
03193989002
03190734593
03189450102
03185163222
03174008000
03168915173
03165457247
03164736690
03163292070
03162000505
03157134965
03154880267
03153464260
03153439907
03152764952
03152582927
03151493025
03150784050
03150281229
03149014182
03146814692
03146080109
03141221332
03139900341
03139796501
03136491114
03135932567
03134354993
03133968505
03130030417
03129369074
03125142121
03115256280
03114922589
03108344064
03107308994
03107103675
03106628936
03101642060
03100759478
03095977301
03092476085
03087509779
03085842950
03084083576
03077746000
03075696757
03073918922
03072682097
03072271976
03065961210
03065538997
03050473371
03063958514
03063702552
03056914221
03050878002
03049931159
03047608032
03047312001
03046398930
03036152903
03035309957
03035248125
03034653018
03031305205
03028662728
03024211578
03021881262
03021030157
03019271118
03016581108
03006919041
03002171611
03001685948
03000075070
02996761022
02994319160
02994213095
02993206265
02980684198
02980600008
02979058726
02979030040
02976929335
02976630119
02973221846
02972968093
02971967077
02971649377
02970568918
02962052142
02962053114
02960312163
02959621190
02947923170
02954050900
02952883297
02950841031
02941916075
02940939071
02938614985
02938406959
02938326173
02937382037
02935373995
02927224196
02925321054
02923156439
02921908085
02915994196
02914659008
02910757030
02907472011
02907137654
02906707643
02895816999
02893766021
02890513041
02887377256
02877028046
02875321005
02871265011
02869832141
02869747110
02869654022
02864674378
02861711205
02860739009
02858608520
02847793933
02845536038
02842614240
02838928112
02828835413
02822126984
02821688695
02815670267
02813462080
02810187070
02809312044
02809077100
02808581084
02808173040
02798899257
02797600002
02796681122
02794121502
02790058571
02787568599
02787562124
02785631048
02781909602
02780214090
02780122056
02769139657
02765339090
02763578926
02760302067
02759347567
02756850632
02755881909
02755789921
02751779395
02746036088
02745818767
02745248057
02740859252
02739027508
02733558056
02732145009
02730770402
02728949409
02724702107
02720118192
02714187960
02712703650
02708018043
02706614170
02704618259
02701738466
02700264444
02698083107
02694066038
02693049164
02689585995
02689083973
02688200070
02688043382
02683677790
02675880973
02675678040
02672473978
02674176911
02672346941
02661975071
02655906985
02652267167
02651943002
02651870285
02651446203
02640298011
02636478388
02639590073
02638719080
02638474118
02630472965
02629930904
02625597062
02625303093
02603181750
02601482028
02601160926
02591773939
02595024051
02593020075
02591606013
02591346607
02591093474
02574247175
02590958005
02590552041
02582793116
02578164967
02571456300
02577884176
02576908403
02576387330
02560994720
02571704303
02575287685
02568898054
02568106050
02549793943
02564541089
02562403967
02563226945
02559001128
02544622431
02537939557
02534718002
02532706007
02531996540
02526599539
02526219647
02524506711
02523961032
02521912263
02519803916
02517001197
02516433107
02515639011
02513291786
02506194150
02505846030
02503012299
02500948781
02499462035
02492877060
02491709902
02490998021
02487266333
02486418326
02482514223
02483115144
02479676960
02481172035
02476917044
02472935552
02455559351
02454605279
02451803118
02444751051
02444318927
02441759000
02441239341
02438864540
02434272550
02439153575
02432762061
02438466065
02430455145
02412158037
02426114193
02424573476
02411915306
02403557170
02410375901
02401087010
02398523039
02397545900
02396913930
02396636324
02394123206
02388210992
02389489001
02388115906
02386041018
02385986248
02380789061
02379847177
02379254940
02378907982
02378832362
02377069037
02370665130
02356468145
02371709905
02370094982
02363327756
02370354569
02365547001
02362665518
02360427342
02359798480
02344273107
02341783104
02341175910
02336508060
02325592448
02327193656
02321142340
02318242976
02315636043
02314114051
02313244059
02312015080
02311414836
02309028983
02307256946
02304745008
02303781027
02302583019
02301548910
02300936550
02293565084
02281634043
02281258041
02297137184
02294632079
02277717290
02289991384
02286348065
02275276076
02284232361
02275041001
02273300131
02272519547
02271069548
02269288025
02270931270
02268670058
02266416510
02263405976
02260742939
02259278612
02235678173
02230067184
02228026344
02222731003
02216082813
02220693686
02211317103
02209884128
02207599604
02209444586
02209283477
02206078007
02205261177
02203250143
02198723174
02202154132
02201420335
02197157183
02191102204
02189572037
02186849160
02186671166
02186504260
02181435324
02179837909
02178930743
02176720512
02174701308
02164651928
02164439970
02160052647
02157341064
02154144462
02151491064
02151131955
02149712105
02144766509
02142405509
02134901373
02134801662
02132828954
02124881124
02123379557
02118589190
02122678500
02118551037
02117956661
02117830056
02115261003
02115079388
02113199963
02104839971
02111850195
02105068650
02096485207
02093220040
02091943088
02090560703
02090464739
02088107061
02083539176
02082264947
02078391077
02073966632
02071259106
02069634248
02069070956
02058756967
02054855022
02055298011
02054689009
02053570911
02043680064
02046850017
02033582604
02032084201
02029831026
02028253533
02027238603
02025646143
02024889000
02022703944
02020847019
02018944088
02018901354
02017936600
02017888966
02016632011
02015970398
02012556698
02011632927
02010662385
02009675177
02008508145
01997043920
01996535005
01994584050
01991794924
01991041071
01989326935
01988373999
01986069907
01983777625
01982673982
01983749257
01981521402
01977186122
01976996007
01972354094
01971802212
01970653507
01970252693
01966746547
01966001037
01965299997
01963639189
01957803029
01961558190
01956491929
01955084327
01954092210
01943176922
01935570021
01942265069
01937887138
01931685029
01933188731
01930688938
01928688616
01914802829
01918643075
01914218124
01912150158
01909421006
01910923206
01905909047
01903184657
01901086305
01900567628
01899313028
01877288284
01888522399
01880283743
01878048260
01877106003
01875578021
01872126006
01869421922
01868255603
01866200984
01861870337
01862418284
01862053090
01861353278
01850472203
01857709918
01850671079
01841837580
01841066133
01840771097
01827762128
01827220902
01820739040
01819894681
01815206640
01814603786
01804594903
01812563477
01811049117
01809897580
01790236320
01801030596
01791971938
01797952013
01797799312
01783096055
01795478950
01764577639
01788145046
01786406039
01767567529
01758351012
01765948339
01761631071
01764682009
01738846369
01751907040
01744804400
01746310065
01724342037
01712868390
01741124590
01708231641
01711324671
01731776624
01698533063
01693853531
01701319047
01700098586
01697822630
01676747060
01682826589
01674649576
01665358181
01664082042
01657576043
01652137106
01652809058
01652786929
01650479093
01650600690
01636072143
01649946104
01634847911
01648441637
01643815202
01633618196
01629369233
01629347264
01626402779
01627638164
01621625028
01616602155
01616275367
01610206665
01609675207
01589063228
01588286827
01584920050
01583068309
01582288046
01581077050
01573410039
01573222038
01566827027
01565091213
01563676290
01559213981
01559152400
01558940642
01555663346
01552186202
01551746069
01548457019
01541210026
01543514073
01534535080
01533889198
01532229054
01527366464
01525398083
01518117333
01518055982
01517879132
01512400009
01510073655
01504874013
01502908026
01494158345
01491742097
01491692642
01490581286
01489825738
01487254148
01484148347
01485290708
01482213516
01469859076
01466354690
01468787284
01461272343
01464676631
01457634040
01457053233
01456879022
01456328069
01455906662
01455454826
01442276657
01441336010
01435013301
01432901508
01432646648
01429928441
01429508078
01414979045
01412178126
01410689069
01399031007
01409636348
01405384964
01398495646
01395832625
01397335076
01390558002
01389162095
01383720045
01386099937
01380603471
01374059528
01378267109
01374876739
01371466041
01352450364
01348935227
01346752079
01346577480
01345498640
01344779956
01332318363
01327559048
01326709682
01325561380
01325611158
01324023007
01319618022
01316105970
01315229064
01310884161
01310751102
01306328136
01303985942
01299442110
01293402001
01299367909
01294183230
01290396329
01280110929
01281551244
01279388269
01276303092
01275214290
01271860341
01271356694
01268358290
01265265089
01263015905
01262946310
01256044407
01255057793
01254108165
01251674151
01249217954
01247681998
01246261650
01245257927
01245113097
01243243988
01242803076
01242402080
01240562373
01239727011
01231185066
01226620914
01220457779
01211675262
01214368964
01201159997
01209872102
01206339659
01197226664
01193675057
01193091063
01192844050
01190281317
01189617994
01189340070
01174815051
01172681198
01172367990
01170102514
01166807096
01166113167
01166103447
01165815222
01162880279
01162602970
01161702040
01161128751
01155996062
01155537033
01146948344
01144816793
01138525090
01137931540
01131076176
01135763070
01134189222
01130154025
01123445001
01122880901
01122427077
01117628205
01116505347
01115741101
01114637424
01114036935
01099489121
01093324074
01090316011
01082908592
01080765980
01079279938
01079139095
01078239266
01077024100
01074637925
01074462009
01074045750
01059664100
01073051510
01071792296
01071512510
01057209090
01057132284
01057123021
01053512295
01056161094
01049606043
01045513059
01044587040
01044237228
01035842009
01035750902
01035407922
01035392550
01033702005
01028929706
01028178395
01025662083
01024384128
01023443708
01022785044
01015343961
01013832906
01009697986
00997872292
00995624135
00989707989
00977635945
00975156128
00974754919
00968210945
00967024005
00962592994
00957601565
00957309236
00957074174
00953365913
00952444925
00949690007
00949688029
00945789904
00945519281
00944984150
00943707455
00941471080
00939499100
00935971505
00933551061
00931769027
00927766981
00925857017
00922613451
00919875122
00917618670
00914167286
00913927058
00911463992
00906693209
00908618506
00905274105
00903587165
00903340941
00902440950
00899516971
00894835530
00894813137
00891809171
00891143963
00884713903
00883286190
00880916001
00879725060
00875397301
00874286956
00874057094
00873407202
00865220000
00863615627
00849821444
00851296076
00862935245
00861691067
00855866764
00787860530
00855724625
00845495054
00849773024
00844921041
00830890041
00843022914
00809166518
00834119099
00803684924
00787301558
00787317047
00784297223
00768926971
00777251159
00778446026
00739660292
00775783927
00761752943
00767734939
00761764283
00767302044
00763140066
00758306989
00723907943
00756441935
00715448951
00746009313
00754460061
00740103105
00735338159
00738315060
00732515939
00731687779
00729451682
00726660728
00722483198
00715504029
00713382929
00714997250
00713181516
00703830228
00698754050
00694904147
00693292733
00689554990
00689551703
00688028977
00686811275
00684927152
00683123009
00678304203
00674888030
00674152964
00673670112
00670242039
00669770531
00667767088
00665848099
00663601100
00660414066
00654966206
00658467611
00657240117
00651082560
00650764005
00646817930
00644054352
00640631789
00630927782
00629810052
00629594333
00625837002
00623578085
00623262100
00620736640
00613069323
00607473584
00605339783
00601606167
00600463508
00599217065
00599293756
00597736189
00596959273
00595639585
00586727884
00586649980
00583029647
00586000003
00581740955
00581332083
00578252384
00577362356
00573411921
00572057105
00570017238
00569335922
00567247210
00561222924
00561174008
00557345537
00552796352
00551800003
00543178943
00540058092
00539097047
00529376660
00521826900
00520803078
00505116103
00495483109
00494544120
00492238600
00490627781
00488284910
00482845643
00472515900
00472362135
00478899009
00475472942
00470707909
00469583045
00461983001
00459393065
00448195011
00443938067
00442290039
00442173903
00432190988
00432117393
00427293006
00426736230
00422465984
00420997300
00420418725
00419823980
00418952663
00415594952
00410786160
00410089958
00406779902
00406464243
00405650175
00405586906
00401618030
00400892073
00400965992
00399961909
00397249993
00393001377
00390802182
00390545007
00383493960
00377577928
00375082026
00373143940
00372078907
00371690927
00368665984
00366317105
00363520635
00360088937
00357679954
00357257294
00357250281
00355374935
00354658913
00353225193
00348183917
00347936903
00344759318
00343837005
00328314129
00308954130
00305930001
00304335096
00299043584
00295154080
00294828010
00293057648
00291270506
00289753163
00277217105
00276438248
00273836609
00272961647
00267567146
00266667317
00263645061
00256445052
00252434706
00245814108
00245081011
00237474808
00232859159
00223454184
00222855126
00217281001
00211537012
00210410752
00204912040
00199840733
00190557141
00184682509
00182396096
00170698157
00161913156
00169363023
00141995130
00158255070
00149967748
00135645603
00134868021
00118173057
00128671017
00116201290
00109760271
00102870780
00099729350
00097433594
00094871159
00094599106
00091965799
00091482640
00091191084
00082436118
00064113981
00059815060
00058837922
00057864101
00056418701
00049764101
00049705199
00048510211
00049007076
00042046114
00024086606
00022339400
00018321070
00017572967
00019349025
00014270757
00013563130
00011563907
00011678046
00005838983
00004043227
00004037170
00003771040
00000702030
91804060097
42738945805
07286739166
70436485214
70532606400
44256031847
08809181441
05341687361
07164844984
38421258877
47588013800
33672536857
37851343801
38404646848
46217814803
61317292120
05257243709
37179184861
54326494204
08325974737
45852740144
73304123091
87445085068
37208575819
37076161850
05906952900
35267103845
44504658810
07395216679
13530543659
79228216204
27456236801
08586022705
86386190220
42943022837
20639917828
07795695981
04474750101
04967288650
11883461995
97411108049
61210099004
12142938752
97526550097
04491957088
16127003733
41100290826
05270105101
85757349034
32037598882
10290638771
07079792932
12032791919
45394227829
16265468782
06456415101
49646225845
06763921993
13456596600
47005836812
46887840820
09076164967
09752983995
04937765590
11998247805
04470378704
10263938921
12562089650
34985520829
04941259181
49741279850
29977286817
60557347378
38325945826
15259419685
78467284072
07990094908
11126465666
44671635810
23335902890
29185447870
05345459983
39195626824
25801837876
78799015072
09705935467
25835454856
34638673899
69542287020
16245154871
05170543964
35712389827
11978551738
10876620950
10141379936
42671102801
53695950110
94615756291
08524341629
06188773555
79509916587
22566923884
26075299807
11299846998
07204118901
48987894800
62814729934
14363647876
07780098745
30956088880
71010726587
44055605870
84769815204
74863223587
89937430020
06071840430
12159122939
29923196860
18516735800
06222830900
06075303596
45659892809
29604708856
35610246881
74703960044
12376592801
46934443837
43479823807
31973456818
27683074837
12750232740
05359610735
05463298963
12242718665
11301006696
07209523600
49048318882
61252714394
33709954843
17011255877
11661297641
34586034840
14993824807
60838412327
13756269736
09744065893
15256242709
11848930631
12055317776
04282679557
04281785450
04148318294
04173060912
04117240374
04057958070
04014970540
04004062250
03931245411
03905376326
03917295008
03866853718
03793675050
03778847902
03757852303
03659367079
03684122459
03571683994
03447339985
03444552033
03407308540
03267918766
03233777345
03126138063
03107874086
03100756100
03022834985
03034528205
03007658357
02899239058
02937706541
02861120002
02785229479
02805900081
02734544121
02686500123
02653988941
02650548002
02555936009
02544860537
02500733076
02439503908
02409663095
02400031363
02278713248
02274697124
02219924050
02082750965
02075392943
02043251104
01962535517
01953653138
01909140686
01762240092
01698353910
01596615010
01616168102
01566541131
01418044083
01417480106
01439056277
01281608025
01216668086
01126642371
01100657002
01089532547
00972205071
00957215258
00881812781
00854642102
00802475981
00591090929
00665994079
00569035295
00429446004
00461727935
00385337230
00267477740
00261989596
00215433564
00136710069
00145643000
00050150227
06939663355
42260397859
14574302828
40672902842
70954984153
10420175490
72374713172
09398041669
19350738856
32753769850
35328149866
38500433809
14625552761
25085537866
43602010368
08647002962
70887144934
08053121969
08382490948
09345376909
06457709656
27411952850
09462321990
06271180540
36184564846
77128427953
11323642722
11814345990
26507983861
08517427696
33526279837
31210638800
04671594919
45079930837
34648823818
07769312965
87350971400
07963550108
18759209860
61509647520
09671644945
14675352731
16842179700
14941616723
08083440566
43886180808
91544629249
13098807784
09574293637
53785657153
08144374940
07167056138
49645135800
28005178832
09903147821
09217227889
61006497307
97310212053
36026498818
08636596912
13772383777
04527989146
96802901072
93566921904
05344244061
83430849349
11979993700
18782559759
12388756960
45767061874
10479170924
05087751911
70054009170
13856427694
14365878751
48442976000
50134312805
08542605950
07836005186
41902533836
17345067769
15548764780
08976693639
44585579800
10035810998
08008953985
04698570131
13439886751
11692462903
06327116981
07156931156
05363331144
08254778833
47334238885
14375878878
19457938720
08418491108
32854555864
70538288248
11488570442
13005620484
09614937980
13309671780
37716345800
06107821180
12077546921
33626550842
86826166968
04386268189
47232117809
11317320905
61493465287
08992349920
15103362732
66204356968
51629010839
48653805826
10859222780
91931096600
70872636410
46643942845
10153385693
60011546000
04793317669
10741376989
51796454842
34060363847
40795924852
92844618200
27013654817
43503998870
04951296233
05570716742
04441093900
30328187372
46294812810
11791104983
06430157954
04402756367
26244995805
09420948919
27029338820
14799584685
09082968606
36084364802
39490261858
63286289515
13671625643
32950091806
09230587702
12023840643
79056784234
06643152674
39651788810
29881852803
32982289822
28334909845
47215049850
46147111892
41152871870
09817857948
07941507994
15517263860
31892113880
70368558193
16930712825
08190173707
39921991850
16237022678
47964271806
04699508383
93862792072
30694588822
16466054896
25685878818
35007995827
42903318824
44179758253
11735787493
39571899852
96282304504
05381872984
43085345850
07391413925
11358476900
28599510835
12832694497
13527551654
10950353477
87134799115
25746093874
05702516303
87311720168
05709670901
93138059953
72909358291
34529570800
22923388828
70980192161
07982432956
08718486436
07738408936
46332746866
40090364864
05680283689
30949215821
05658593905
27630685882
31464268894
49050869068
27336241808
40960454896
05767551928
09634145779
08055932689
32513162811
64187675272
61948079380
05467073940
20379521806
15054442847
94138478272
12307586741
06379665544
23215677830
74132210049
11192670990
06263431946
15980680756
31974025888
46402789852
36243100898
17050652873
44755935814
51324726806
10709674910
07712593523
06833138940
04446877003
35021575880
40944804802
12851229923
36259392826
46077634549
34536986812
37483342811
29594276886
08472842126
70290134170
70619826169
30579001865
35191992890
44170217837
09807167728
12429156997
61336034378
07956972876
08660374622
05248789788
33768263827
27613105865
36944675803
35403193871
05878087995
93961677034
13710068819
95795537004
50741779870
04871640167
35969083020
08804535830
47348126839
05345902925
73806447187
12545737631
06771709124
04923412909
43307946838
08362985437
37276061850
09702203910
14217091630
05684302637
42401132880
05253108602
31411959272
18472862755
15838159707
04971286241
08793624999
46395182854
37887715857
10725558750
10985945923
47943205820
06284170980
10280213999
54469040010
35015704810
14726598724
94646376091
45978144850
99381605904
32606974034
47003642034
21794916890
11151272418
26656277870
27860010801
37820589841
08478172963
34842383801
12178460771
09000173922
60617619379
10705116921
07456456909
07218670903
34908687811
70828458120
33512797873
71239324634
47308029859
96923300282
05363466902
08872134994
53378361883
18928813735
06948900658
38222579827
07009662509
82190879434
26703406871
28754869854
28253875843
30548079838
73334715191
08090285309
09983825740
09898086700
61976040191
36155549818
06573712625
31625802854
70190389648
07866059608
38101487840
16548729897
09498969850
32881034861
12902030673
85772224115
17255021786
79020283472
09509113808
37238712830
05703749603
22021772802
52762717809
39716278896
29365322804
11717664679
05359551704
34558507828
38309943890
31248840860
38801561822
24980165893
23567739832
33163763804
27709804837
12466331675
34301438882
06119153756
91176247115
41687622892
36035931898
06495246676
34237389871
51882020855
22624744860
06274930680
07894224685
15093061700
04284990667
04210995509
04193615294
04102467190
04069457135
03989757954
03973135606
03928232843
03865294693
03835622528
03808027169
03747327958
03748741316
03701430942
03622970294
03622300132
03525674066
03465817109
03371635104
03389972021
03294050712
03246738254
03132355976
03108327054
03015014919
02984127994
02984714008
02917119446
02910387941
02870700938
02818527236
02787811108
02785205960
02665849771
02612797262
02562417089
02541966083
02492165078
02465781731
02444335937
02389515371
02345342064
02282616278
02230184733
02187301796
02085954731
02058838009
02065141743
01961353628
01885575041
01747284173
01741737176
01702667022
01584581174
01523184027
01510503170
01461379229
01462535151
01401357075
01279363193
01226262147
01248116127
01147143986
01148558039
01095189000
00950115010
00974708992
00926524097
00805817905
00848790502
00759608423
00645080055
00673908380
00487558006
00446056251
00313129002
00291726089
00318080001
00255043120
00180144294
00027874079
26736618835
06474143681
45804879820
08281079983
16236881677
13712924771
07248448729
15279128848
08661913993
38268269812
14234074829
44357480884
39153980808
16447572810
38077133878
11894218795
11453803874
29597106817
98914006620
05453210770
41034074172
30269749861
31441991840
29839123882
05090074658
84858680304
73116696349
09268310627
11089451636
21442112808
12194657630
36456181801
90226143104
47924544844
93266367049
63234017204
38025504808
04495584103
92118070420
14497463818
34033638806
31519846819
33763717846
64380343200
08209906984
68182449049
77694589868
84530316068
73793523934
08217843902
05039705654
04783466971
22534257889
07618143455
12256894495
13021609406
04973980951
15563140431
08090659675
04908293503
41170203825
08168404661
40386447829
93343140287
63371570100
24599447803
09049404979
71052433170
71426538413
13657460462
11092085610
06718818925
09763668786
36205315874
14922197702
35438151806
09402407693
46704484809
06385633640
11016975635
09756231920
70603310184
13713172757
11608152910
16249478752
70754182118
74803093415
09232541963
23117704892
91692962272
41652490841
08018787999
29616957830
16698951730
12867630967
87884887304
04828196005
33250784869
04440710085
12764527721
32837014826
04337223983
10259918938
49339458885
47838536812
47714517883
23561539858
44723954104
04644775304
35492809806
48365505215
27336340890
41900613875
78217512434
09252027629
14272762931
95337920006
10260577448
37869266892
06762849903
92677363020
08873250920
06006989123
91468400959
86487396672
32829234812
07483592737
07656087311
44440667848
84781564020
10163205906
06524297938
45254941820
11995747670
32265922897
14503396706
09411513956
15215004790
25728349870
14072169706
70681895209
44444654848
41128701839
48222643860
62410270000
11978596758
10188610766
08992718632
97847135604
09538076818
04453584407
06519958921
37875813832
11422307832
12929246910
85967334505
06996944180
38601205810
08109244980
47219852827
08236358135
40470029846
13944478762
79072844068
10933054602
79137601504
86851730006
09339948939
06730888121
51136031120
50950988812
70835655202
10673424944
39810342870
11292710993
47297084824
10885804910
05366414121
08864407774
07439525370
15525041740
11898164908
11552384780
10675567700
04434114093
90210140925
08977099692
34737780871
69340730968
32016952890
29577693873
52371525898
13072281947
09292571893
36094432860
13512217796
99557967153
35081181854
46434406860
04587890383
07622590940
04676528302
40834511819
14098632632
92195539968
12780608714
44370189829
12716013462
71099565049
33694548823
23302310838
10216801761
44556496896
87703653420
38584759808
22412701806
52823392858
09428122475
38304985861
11236838912
75345960259
61082177318
11247437906
12914756720
51888385839
12145326677
15835796722
07695384879
70615453139
23363807813
18581823874
04792098980
32274188866
06912120318
63243555000
32421462800
05812383979
08363288411
46045694520
88146413404
13582021416
06681594484
05095888084
04490418086
32381279857
70171619200
36165650813
43432500831
40878237844
36729298839
38705144850
36334276867
07509925495
87725789200
08434543931
24944575807
08967325924
42785531884
41447374894
31534632808
12059847710
41147070857
06126585976
17264949770
11414680937
44134948819
13228871797
11363775731
96624485000
12181326630
60983277346
97190446591
08148580901
45859949553
11920995676
26046227852
37667404828
12632265665
05939725112
11675056625
52291634372
17468918821
70146583280
08862999933
22913139833
27397654878
44583981805
07827257917
12113121603
91676703268
34636235878
71204359490
39221073890
10271756861
61491059389
22199336875
70289540488
52836795867
49020322877
10382336747
11262469481
13942187612
86093599566
27943375807
07769534941
12377438938
09534532940
05099262660
91167280091
26932200848
87074176672
08774482564
43699270807
10545596432
24822277801
90118960253
09999533116
35436851800
13683125942
64818918172
07153604693
33282175841
84007842000
09042069988
15020173770
06010810485
51323288813
14582826865
09334482605
80608469572
50271894865
48732705883
42115251822
05124917555
37423343870
35361997803
38892874845
10964375974
46940692843
09462492964
60059140062
24987894807
98466895000
06466810950
06747740602
32032497824
72606720997
08638562683
38534143897
37069164874
04396560109
07638512995
09453794988
06010614112
85507539120
38146535801
07820856955
35756405801
80837565987
41222361850
06469182909
07530833707
34128679852
41402579896
49599741846
12336665921
38555341876
38643567841
07165256407
08618339610
10611123908
29830393828
25449917805
08491367926
05168756980
33593238829
61415502072
43590339829
51923513168
73547646987
06336021599
17867478809
93609477920
15854764806
33528048859
49936060873
18399337803
06845911894
42807516840
07653787444
32454234890
37879808817
39351131882
05333034192
70091237483
60270578404
07691736673
15794532874
38670589893
18041721702
32966566850
15795246727
06217744724
11743819811
51855005816
83421688915
46313445805
46098414874
15361508861
45472659841
07088324660
39993211800
31750756811
04220425284
04235758993
04213508064
04162551162
04144797937
04112773919
04039704908
04048380575
04042890024
03972150458
03937264795
03859535935
03805443005
03819354000
03766959352
03717080954
03706916363
03647393126
03573131603
03622404000
03438772361
03388585474
03379818178
03338369794
03268644074
03321885310
03213077470
03150990386
03130293000
03052930524
03016661055
02942349182
02929951052
02899948024
02814665219
02808721005
02828490505
02768940577
02727631952
02709737884
02631278003
02596376709
02496161069
02494668050
02486545867
02442589702
02403209996
02407274105
02364940079
02333000155
02308299029
02187654109
02178660690
02132700214
02015079190
02018948075
01983048038
01887638130
01887938281
01731272669
01727181395
01727358317
01602067074
01603259600
01560821280
01500121959
01456038737
01329844904
01331891205
01294426311
01193823773
01161889019
01047614073
01047626322
01000030369
00939974185
00951270206
00859113566
00830286411
00792953045
00744624665
00634184792
00657019925
00609452908
00491211201
00470581700
00471889016
00372024211
00284489107
00251516067
00247192180
00000118354
93469810591
41603924825
10617881723
08738756994
07353000970
45861421897
10537402985
45446704894
22195350881
96275324953
36239654809
11818488736
05734645966
15068086703
46039151870
27130629851
73691550215
06494967957
44185417802
09758492632
05301886940
07922084471
35440430504
35697643896
93358555100
09238323941
73139211104
13508273636
87274817191
31218553871
12895020809
46503621809
35197160896
07449295989
17544040810
81717938604
07787458720
70462241297
08180313956
45853698800
44672854825
45672712894
47822476807
35414178895
81401361234
11099499798
10354422480
85952134530
38915257880
04618182300
25242685867
55683517168
10417646933
45082673866
07753818961
05631911396
04354805960
05336063738
75153599949
34972865830
75414171149
38884524814
09829251900
60976798310
96779160172
38056408894
07531165708
40200994808
14111550843
30368301893
70056180250
10730448908
27678346840
05393062400
10290137993
07416966906
09083827585
26024941862
48966889883
08579143403
53004833115
85092916591
08969847456
79442447491
46193304851
12230312928
09961924924
04730359950
09917658424
08432043702
08870360903
30296172898
34196859801
11364671905
84457015253
05180555906
07811205785
62786494389
67181635204
14589917769
35412740855
10357753950
09793561726
04371227511
21840747803
34021949291
07634316997
54362551832
12226862951
06948445608
11076243983
60393065308
15582917764
11143802888
12778602704
47783119816
42916527800
54120247856
10828812950
08232567902
42695009801
36997885802
76754308672
07570551176
05132751938
06657773960
09986347947
39796911876
17292048803
54274672034
05097730100
34711279504
06365749112
70359679153
16648180811
63162270197
33019857856
13905135647
42371189839
94105162772
11070016683
10892195711
34626111866
43604018846
39743884866
08718294952
07470239995
13568470721
22788054874
33515757856
06708877147
06990697180
13394212757
48341594854
22943612880
07336171150
17011009833
06431515242
34897650879
33291644840
92462944834
27149320880
13917925729
30140277234
15859713673
10452698910
93797486049
86392352791
08671007960
07183606562
88869563987
04666567003
12748833937
75334550020
04430375585
15520895767
48037943836
23197013468
08838517410
05070438123
77320727234
83382470063
43357612879
97412449320
11135020965
09647494408
06416770903
11844488683
10738793990
61818488000
31605265004
10176331930
55158211817
07936279741
45096059863
08327711121
19497193831
04570399908
07043797594
05010434628
29955825820
15474963718
39642981823
35406611828
08711107847
45888105880
16214191694
16372676818
40388293837
39710659880
67027954320
10843089911
05302542552
07165192913
11788145720
09542703988
06501276926
45424730310
36839951812
15169947798
42521197823
09859650616
05467564927
10275018695
15226750781
07858803301
15571462760
20672350793
06619815928
09942616403
19651920840
06742315970
16031833883
06866457580
64654516034
51511269898
30474033848
32334284807
69658633749
11957893940
13074914807
94233047968
45290504672
32283528895
37900215808
25769328860
48646115801
09011227697
10088492788
40456418822
08074123413
06627640139
08382030947
43681474800
93416326091
11319199984
04669396048
05674841730
26048722850
91174406020
06264282979
10540451789
12828581730
04875481160
25652762810
06884480971
22073707807
11122505817
40809049830
35366921848
04716392147
10274432900
35549856867
13135217957
05087223818
75505053904
05013549809
42948788862
70681139900
82242836404
12004417455
09120934980
07455017960
66676223600
93986254900
08239500773
08645464403
05634486106
38932462828
38937038889
81744145091
74283880078
41518081835
74020897387
42617567818
04381454960
94104190004
08478205802
37374852835
70118064401
09255382640
07703469602
10066249961
09150924508
05097729510
09367078790
15563846881
17614037707
77973674500
32583258800
11216740895
06806301126
10667848924
39249930259
18191261707
47026985833
46613914894
05145471700
04851637489
09057832801
28591404840
12630045986
09283691709
78227526934
98092871353
08850230990
82297290004
29071588807
47935343845
35560422827
35900403866
15006365846
46777084878
83526226091
29039019886
04307986016
42271954894
34457730840
29994355848
36657941889
94304750968
07152117225
12347443410
13036719644
11134335660
48285793893
54329036878
09627830720
13342201746
27188783802
95887806249
59012153204
48343689801
28333688870
08659690940
26243186822
14244796657
75804522787
46941919850
13039074610
42822657874
05791724144
76504662991
08502462962
62983768015
70204024455
60179029037
40742220869
33114581846
94604630020
31775978800
89176456234
06366359709
39727125883
09119480660
90138180059
13977689835
89373421468
11853076724
07029242530
07531759322
14301778616
71030934401
06373173518
44172427200
44787128833
83302573049
08244026421
09322935650
90689720300
11349478954
66315999204
96163500210
71978020082
08755074928
07228371941
79010628434
08523680977
48278912572
38680866253
24776948800
92197205153
06749322344
11189775727
05464741950
07271415971
39828378809
11468886606
46711621808
34891666803
48295900846
04883208443
79055311120
15557119604
27459066826
43198869846
32207070840
26841216806
11184274754
31889036854
12220839494
06202003596
38175448806
29900701844
99546841587
10857803760
78166411687
13499069725
29658232809
22648051880
27182265877
26056562840
34700909803
38290512805
11961272806
45631763893
42991787856
37694828838
26236064806
99489635120
05063758975
45575987817
18273892735
26546355892
04526888176
14895998860
07661554984
47630070845
30008908826
39539107873
10197786600
39670762880
98691171553
12374400689
07947479810
10112160603
40724136827
49112208809
36826384825
09516368719
37932425875
18775684810
40485223880
10058495606
22138045838
11461460786
20625033850
12310376604
09568167463
17162996752
45503604881
04309445608
51516803825
10527901865
85575020606
09245827747
37964362852
21556151837
09513155609
28716721802
41079149848
41065209827
48004991866
25473186874
39216378808
33329852801
09327161998
04280821305
04194621042
04197491107
04137433810
04118989654
04128116939
04069294597
04080542399
03999450088
04027478010
03988282294
03919101081
03887124731
03826990927
03834739340
03815476127
03805888627
03781544192
03787953507
03769785541
03745487656
03747971962
03670814078
03630018084
03650125137
03639230477
03618694954
03616759099
03611545694
03572531160
03559079098
03529781126
03523771943
03463465175
03458622950
03399625006
03336541530
03355367940
03345006219
03324965977
03312799678
03276370131
03207094260
03203401479
03144711209
03125852099
03118498730
03084330093
03078472337
03023407509
02984908546
03006157362
02976317054
02922820017
02893494358
02888195194
02872611908
02886099481
02884691197
02848477989
02813090190
02793107735
02803036029
02793084859
02758668742
02724206380
02742449930
02694665500
02668102502
02666415473
02640076469
02622435983
02622644043
02611605599
02572107686
02575112702
02523290588
02521650048
02517849161
02456039130
02448049076
02441171011
02400307024
02391439148
02375512170
02362268780
02372637932
02311169262
02326552008
02324224941
02280741008
02234239478
02239166096
02209868009
02132464731
02130958826
02133581588
02116981050
02098980035
02080634631
02077261080
02026838348
02027778128
02002911061
01984001108
01969996692
01937803139
01906473102
01889802298
01881014037
01790726921
01766580173
01751236080
01773094076
01772294624
01776602013
01722421002
01746916109
01729107303
01702528170
01701329271
01675651175
01665122064
01581815069
01596762071
01529745047
01504839021
01483634906
01498186610
01432331493
01409300609
01370800932
01391711009
01380325056
01313935964
01294685686
01257734040
01240398042
01225894913
01218241012
01201454484
01187183393
01181374928
01186182024
01176243730
01181410908
01161358161
01161701079
01164897071
01123172277
01088356508
01109884770
01061006026
00958639078
00931932114
00943178100
00882580175
00910220379
00867922028
00866278990
00853319022
00825797179
00784455589
00810654008
00776660209
00757177948
00776450069
00740482106
00748368116
00693095237
00717201112
00697033023
00682372005
00673605990
00664216161
00611765160
00612850137
00607531100
00565877160
00508604966
00486660095
00461331004
00387790055
00426653963
00380977702
00339683902
00349513007
00292668155
00345196104
00288714130
00248829092
00220845506
00219384150
00135659310
00116868120
00129454125
00033630313
00124726038
00039711633
00013505106
31559569840
14689705771
10491530730
07534412501
08514103679
12185934740
13766492683
05741411460
12461791643
20508746850
09389129923
06248247137
05791988125
95951997020
61457954338
28486533880
13232289690
05272178599
11703498895
05114432699
39608368804
27716367862
16856778864
09837300914
33415572889
17558010845
94533733549
65506650000
70088817113
08534104964
65752724287
88291812187
12359970810
37685998840
26268058828
35334150153
04851313900
08013066630
57803439004
80841201668
78552826372
10034127429
42282333845
05012212630
28997519808
30996198172
07780831108
10561040907
23279290325
04394120217
33944994876
06731111996
28425501881
14377189735
07820096977
05170393890
33697446860
09227007962
99533090782
45670915828
06928971940
06433787401
23016499894
14692498714
04989560329
22295688841
89586891372
30999917838
82799547591
11169463606
12144727708
12830078942
05557102469
10876239602
31029615845
32564238840
59342978134
53562470010
70059056100
39638494875
44557888836
19151127881
37168606115
06147374940
68974701120
07229648548
10435222988
11017633614
36889437837
11386686727
13897339714
09347004944
07480791496
27533899857
07053334856
07888850570
09028052828
12743730935
25373251844
12269965744
06205573466
17215619869
27564533587
14423664780
51616573830
47986187808
84068116172
11321862938
09993538965
43240750856
13439867706
09638498757
11118484401
33859059823
44594946801
70426733100
82027374434
40832401803
32282939808
35637397813
10110988655
05366479924
20282458832
07513605971
11764025792
04620473936
71730532934
12295212910
23777818372
11442578912
09002752946
42748177843
14434030914
26618962870
37393754851
96899476134
10028810643
78137179372
29773371808
28992499833
51874878846
62246911346
09427186909
54924219720
26086660867
98825275587
35406093851
42235019846
46552306814
39182570884
11237003970
12969717670
45246795888
41870211839
05553082196
50314879846
65398769391
09945899996
05807143736
12187074706
10713400935
05482827143
49518623104
20020411804
60088224040
10648391426
07948706941
06231832422
14351853662
41055552863
61179138341
30119736870
10578414473
37479318120
06340430996
84968630000
44968810806
09682055938
15068794899
78052556953
09496864929
36022413869
85195804087
05950956311
11281266990
32001470835
60488998310
43218400821
12350574610
70734485204
37765643851
06512404920
99998360110
04531004574
35140292882
30943095859
38524935871
04889280014
09987438954
10007867492
06122953385
10325281416
09423415970
45180262844
12008653676
81053029187
09668168976
12108908951
08930375910
09273711707
52844483836
85485411215
10430992980
18987479897
17255183760
18683790789
09228494980
33923265859
41696911800
06209222145
11601847980
12760210464
31585771864
10638079640
08254995346
78604559868
24945291829
04692112107
18002180798
18368677866
37561853890
31542887836
40256305838
18077111882
34284283820
09293705702
13977738984
11884050980
07977184435
08696790669
08141744933
04953724984
99705001120
04851590580
41856640876
45244264850
04501494395
17164661723
05560553905
12001327420
16377334885
15130638808
05435388180
39025129897
05558954914
44417403449
41272518833
07765777190
07524152639
13497721786
08841449683
04910267069
05066744100
05746402745
11071748483
08129840995
82162662949
13360309766
08188167401
26797498805
08849210698
08163806788
37424964844
06873509990
07157470616
92403689149
04418752706
05536976680
06430224147
21790123810
17839938710
78809746791
49688153877
43012274820
05316164954
15763388860
42463721880
13440835790
11225001730
62255150549
99742659591
11130475778
98891332020
06949970137
11340255995
43045549802
07740032603
10781685800
41145816851
09272249929
39616114832
63259630163
30339389818
11867662639
91252253753
10497008483
07050609692
11197670750
48113005803
09915653980
34264947871
36978547808
84573341072
10306483955
36043537850
70346798272
11532476906
51442898860
14370027730
09225873964
38487058850
39183328882
11250699967
10360792790
08690947930
72753242100
06076798912
08681361902
07707292901
85331880053
27274809890
99002434634
08979749996
10539333980
37432697833
05553009430
33530951870
08131154939
14275976770
09536054930
86609300968
09996399605
40456995897
12554368406
05566476023
06466639509
34703676800
40698589890
40102128880
06341958919
24697411811
96099801200
05868002989
04749882011
28629162856
38567603854
27989418819
10239419960
10906069408
17711187769
29549323846
04752459973
46992620827
12165630800
70358818915
39861003851
07179862509
28457810839
41814906886
08895789660
05719420916
04991277906
11990502962
38897146848
48976481810
31785268899
49363504867
11697263720
06387513308
46956742896
75293196200
07303056947
05834966799
83383336387
48224304809
07638315901
12932214900
05253369155
46767500801
05515554167
34433122840
05713768600
53388050813
06184157930
08009164925
09281420783
39362471884
09819214424
30891835873
38350843802
12252224606
29460028888
06405826996
10280008988
07160179544
12011071992
40075817896
04928931955
99295768353
06269546303
14545183751
09388183924
52534596934
12659874751
41657035832
04987657503
27392110829
13355487937
05274482147
44321391881
38259744805
37994394809
39658901824
06256173988
45801070397
32915668825
10529103940
70039321304
08780055958
70852881169
13993932781
28719537832
05320953089
37235306807
05787320921
08779596924
06645067127
07609238929
16200257795
70700944427
98789180925
05415970193
27059177809
84306238172
10682508799
53315499004
07355140892
52551381851
60544031172
48622093867
09960699927
04701190047
09734889990
12115383974
07599496971
09796376601
13390113606
11843423774
05742832931
08273866998
05637711194
17367861808
16030056760
40844651869
34338939850
09552038995
49458315808
40207932808
29966216898
07736724512
40997439858
09021849461
09515415446
05670927397
04481520299
39499584870
04993496443
19130784778
66209846300
42924270898
22059895880
14639957769
26926166854
60947249338
29790463880
41937320880
11282027948
42976277877
10991922697
08369947956
78224519953
10129327964
05794280794
05135854002
09890544709
06744769804
10266613403
10059770970
06449775661
29849466855
06280148998
59195630015
70551987120
09588296919
42532146818
37031549850
09625322744
30792446801
55185038810
41859812368
12194726977
10062171933
04878786477
06182329580
11992911967
73332089153
43250695858
45851431814
08315176706
12780656794
13418501702
48049917860
10617616655
15552680480
70362432287
30199826854
04929126452
41962709809
04513055073
06251113545
09947798950
36722536858
07845581674
48849565836
32830344863
85778666535
09339886992
92464009091
41999545893
91759587249
34560806896
06568575364
05711419943
42196622869
08455054670
08193156994
05545251600
68404190968
11815399783
84780010004
78430992472
45607790827
10368755479
85038806104
12100864920
65287738234
09998904684
33561642870
55008410504
45748739810
10846019663
81018274120
06085976941
15499956855
28193775805
05271173909
44308335833
09444766519
95172912991
05014750958
14212085712
09663589612
30801063850
23144441830
13799518606
04736509082
17433348778
09107913923
15158388709
10189063980
15563788741
04568716080
16136789833
07228817974
07348321682
09057816865
66318785353
29373764870
34684044840
07112093910
09016101942
79729371253
46941286806
04301547550
60604249373
05347458143
70430139411
06480625978
14692535695
86084281567
07307439930
05749984389
70934195188
16234671870
55241799850
72156724920
08449854733
10327132752
04339081060
08929608922
29637411895
10126482900
09403373989
05753548954
05817798352
64180670020
15128578747
04733131119
08099951743
28136297827
80237240700
09691842475
37918892810
12459753829
47474675803
06196867903
46579608811
05065370052
17216417771
07158321665
08200730913
34021026843
04338775025
42033330087
12666844684
87012626704
07373110967
11472406478
52777866864
14001449730
34753408876
07622266922
08854299901
92986609287
10384239455
71251588115
90830300406
77069552300
30279486871
09036133793
30166048844
28616026860
09862096780
06269011973
36861535800
11348035757
07229146950
06335459965
08554017960
10955684935
12448527911
31595174893
11698711867
61097379337
43256306861
11093115912
34140036869
36187464826
45268622153
40884798828
68744005091
09627753637
49597323850
12054093785
78978807291
05501587904
07328434562
32065867809
13144656780
34901908820
11315900823
28469063863
34248636883
08096947940
42972897846
15450109784
06037081964
10022623990
08496486966
81659431972
10859880907
19242905291
12954333979
33289524892
82637989904
08671002900
35637696802
46783473805
13154801740
09519037993
07487546799
35696964800
79449654204
06805350980
05072860140
38447504875
16003998865
04929807131
18819293889
08602289405
21759795801
70483505129
45853238809
40221177884
77205677068
35647794858
40874741866
09072432746
07706794989
42974225810
31955414831
07746524893
04923597097
09337284928
04731419573
40551722819
05209325601
34913310801
18267782842
80816800049
29035847881
33364337896
97758671349
96509732149
11669936716
09212330193
18609057810
10639200940
04645246798
33632263817
27328656808
34595911882
41337833878
26390522843
07281520700
12517553645
60471984302
36487697826
40844668320
26104740839
08060634674
26784621883
34538700851
09159586788
49139966810
31532831846
05950290518
04422927914
14541005670
07555387905
05173928280
77469593934
52159214825
46814198851
10309501806
26597389808
90140222553
14283294713
64944727968
29609138845
38131433846
50093792875
09991632999
07002997858
10419260900
05721826940
16833426740
09980362936
35373132845
34654677879
31145575897
38250584848
35020466468
12315867703
14096376620
34541240858
31912200899
38714747898
12919750801
47448787845
47115382832
21653980885
99926962653
05620730948
43913099808
09484099912
09530632754
12566921903
40092923852
36501438870
09771621840
06706501964
10889500940
05125288535
41984402803
44737256854
05359951729
08653737952
12576675808
05817281570
31316943860
41002497809
07099243640
04514986909
30981293875
06093073122
07028926613
05687466355
06818475906
39927031858
08902278964
07383554965
29417773852
30445101806
07323622964
03403059243
05408985709
15118047854
46736053811
44709097852
08916798981
09405099973
10726099910
28255862854
34512324801
05526103056
12128641667
22416397885
07304464925
10478678428
31039133894
11309321760
07923126941
22716141800
44362271899
37351495882
05421232905
27332863820
22831532809
41817649825
44161481861
08514617940
14114974652
37239394816
37672037153
37807034831
40193105802
12074319401
39809202830
26971537807
37841991860
44049759888
18097443856
39058550893
35658243874
21423653882
27667716897
39471584833
39357727850
44318196810
38187112832
13713915806
13170930893
40584655819
14667499893
35013892805
27662157865
11802523650
11830742710
13754199781
13718545721
15702965701
09504910637
16579997770
14563360708
08276441670
06515600631
06691162625
08490940622
09046128644
72572043653
11216008671
40581831870
42901530893
25931356894
24925959867
40785754806
06967201670
43423676884
26316027818
34734280860
39098247814
05294321610
14060579670
07135698835
18115951897
05441482664
27712122857
70128473444
10067382746
78819334615
12074134614
05110451664
04685840640
11375500660
00035044179
62636065091
46912655890
40050713841
12141964628
36096840892
06752096414
45409717864
13592334662
12287929681
12790391750
13548652603
08591820614
09915609493
07978985652
12077239670
10833004824
28838758808
23898672867
28739584801
21591263816
01208067036
10043997740
18815273875
13900047839
21692577808
41005904820
09476928603
05361809624
08464462603
29899539813
74464302653
42674464828
41012077802
18633530899
33656063869
07392368737
25940266894
07176399670
08661126770
12533652709
94797161515
81347812504
05428151684
26079513803
10773186697
34161927886
30563007893
18638802757
20792217799
11885919751
41120679842
40624001890
44628594805
43408178801
34466736871
38202465842
32437061819
13813857883
31027711812
12725654670
05702573609
42855043832
35966043892
43372517822
28391321843
35863815817
22267097893
99472830706
06975475822
44064747810
44709179824
48947354821
35096992896
09935216659
15597435817
25379916805
34381281870
11077508735
29390222591
53595498828
50456931821
29819432863
16640472635
14411186756
40827154879
15004006610
26330810885
44149164886
38184104880
41546778888
31001396820
43389408835
38577702871
10867186747
29922057883
00812915909
05727921821
35250719813
37032051804
29707158808
13360452640
39578376855
42440641847
38749110802
40553004840
17943397797
22136618806
26524390814
22648572856
23585663818
06407984467
29815199803
04390160966
06082685776
14733487738
05241191631
15477710896
05489978104
05485529674
02678362019
05809269745
05003714319
27742057867
12160176621
17708649897
32549713885
43239268809
34298184862
26150985865
40134157800
12108592628
16324109828
37027625822
21553316819
47577593800
18915198832
16247577826
49148203823
10998605638
37116269800
39909994860
45532402892
24646986876
28502036882
36672576860
04217723440
04278008031
04206152101
04189474061
04168162907
04114050124
04133054652
04085623664
00725473088
03922478956
03915614050
03851337905
03832047042
03832251910
03771925037
03772445977
03755132133
03740475536
03704953490
03690886112
03683890061
01849173796
03596100569
03610326921
03615888952
03592234943
03592557017
03344750070
03527111085
03527749756
03516221100
03534452151
03485938998
03507060000
03465450051
03429262097
03447997940
03459577924
03425204904
03423776048
03368206400
03354697601
03364117900
03337084150
03341767436
03321106132
03311299060
02784090914
03272240969
03256764967
03257030274
03191936670
03166408169
03159215954
03154703993
03068798086
03053817764
03050952776
03035650047
03038141950
03028128659
03009007752
01620521628
02966528494
02991569310
02961898200
02948430003
02919453920
02875312790
02862227447
02854557026
02837065978
02822207631
02814792083
02808517076
02768137901
02732633232
02692301579
02661591257
02584862956
02546335014
02542416974
02512210081
02487992662
02467459160
02459875924
02407666364
02402879912
02347357085
02339154944
02306186421
02285386290
02286058903
02274131058
02214250980
02148368435
02191074910
02153102928
02128743656
02120752176
02130848052
02114767906
02096898030
02041153962
01832288048
01986628906
01917487223
01855699001
01849810001
01795455900
03135219720
01734376058
01724054163
01697688055
01689140003
01645281302
01635967198
01654941077
01600616798
01597783102
01584512288
01577163680
01519575505
01514231050
00703225545
01445858479
01443442623
01431109266
01390261000
01342717260
01288446985
01805082370
01271786516
01244878073
01241108277
01228228035
01221499041
01207151041
01194629741
00904545962
01150151080
01116608073
01128815486
01144916747
01105438406
01065216599
01096867486
01055820930
01051549701
01002035902
01019873159
01041807490
01024979156
00962203920
00965321908
02129717004
00951414569
00917917405
00894032909
00859472027
00866476016
00830419152
00803047290
00797781943
00758144121
00561084270
00734266014
00685270122
03069950264
00678591199
00655172963
00561351147
00460078909
00437782085
00449379973
00428436005
00390948047
00389432806
00415062004
00379632101
00321482751
00312497105
00161938060
00238009173
03472741619
00239163036
00211015156
00200277103
00207307059
00158595092
00128967307
00022138005
00100649319
00081896174
00049486101
00040366111
39636487839
25464291830
30308272838
26984343844
05434578775
70365137138
32651368253
72176105168
06976583688
91500702587
93988010782
75402629234
07048141530
04060471976
02610389906
02461449716
54991216800
37497319850
06957367797
07643581703
09046042928
37548204272
02850081108
07328356901
47462903857
68265328320
47528139807
35591928897
13367496790
25103024268
19656217837
08416327904
04673238281
09303258690
92022219104
06134027316
04677394121
95468757087
10657609900
07175782837
61839736968
11088857728
09084506995
05626546316
06674694940
14278959702
05085428552
26442653803
49755482830
01197440909
74092901100
03903083666
14102523707
07530989464
23474862847
22212987803
03167059184
35695993881
02380352208
77719921100
33197284828
16477118602
00555807002
80437915620
88981185620
22652564803
34521101844
86208705134
05280899941
02355100098
35230728833
16812942731
10028168747
50078494800
05920947667
18534215880
36288637831
14227361800
09411280757
05033354604
06968001527
01466085185
12308313471
17364867724
10797303979
09919610992
35075408869
12190641497
34038597890
09011987730
06403986694
79301541572
10693663901
60231511086
03542353035
36582194836
05563428109
05267794112
94501661615
09401775958
01317836294
03216246531
46150812863
07520658902
28726652854
18587862820
08325035927
10023418923
32188631803
05094035908
08889626305
35399993880
05924590984
28882290808
03045689612
48123382120
15450977808
04799460005
38176501832
85979465049
18041745806
02992295566
06684067981
05193326609
02607147042
00503167029
07277823982
47545108876
27336768814
05830259354
22706138807
12234148413
35526160807
13472404620
13754221701
05375922452
09062818498
06497915176
08802339902
06749562906
11224513690
82766525653
05849875441
81968566015
09629107759
09598777626
05092103922
49565093833
97117960906
10124763839
07984859655
16622637830
09738279984
43094863809
07659240994
02647020183
04238644409
02995614026
02572592100
00105614122
30584529856
02480283917
10293783713
15257890747
07397735932
07567102943
10122086724
83715509015
22847013881
10888835833
01925870723
22514088860
98801660278
10058638490
78424720920
06991632856
01193758939
32880015863
21785498886
86738917287
00689568002
05012699831
13920543700
44207927875
10828127492
93250584991
00712940669
04752889986
33661939807
32739551800
06785445906
29631558835
07879778705
43491708800
15401112700
85818593053
09772052903
37459146862
86676547104
22446844820
09984758745
10734632657
02263559000
03137468345
29029877812
33210441880
35088414803
31832872858
31212244842
42496813864
01784205907
03044189195
42357614803
93584652200
05889951939
08130770954
18068653864
63993805100
60183612302
02574327365
00457295066
00231344104
06308561924
06629363884
08575327909
41162157836
41062857895
04484979993
09759879921
10056778759
03708910907
03680539975
00185877206
06449869135
96155876568
04724217944
04861306574
06265975609
08712584711
11476817910
33226321803
04550525495
35373332852
03565856114
00448411083
68860900115
41568698810
07416072638
11800377665
31794369805
26807318839
04883575195
40966099869
22994534827
83746935091
06497394427
98663593015
19175572729
33939880850
05679574977
93472234091
36551510809
97051420097
03685682962
77838238234
03552947299
03270732503
00868894001
00640061230
00393641007
00541861964
00166270083
00420275002
00438528158
46216711890
34112035870
27250331876
09597144999
30909457468
40612482863
08042687702
07136371708
04600476980
31015634885
04195653614
17696803816
02552050077
38234982826
05977563680
11921484799
30513385835
27562622850
62505939349
02314557980
07532257193
08744638663
01852944560
38408986848
11699222959
60479760500
93590008920
03236658029
03226045164
02722347709
01792366108
08846099877
43481614888
70484511653
04685535685
11493228706
09313670933
04952897605
22117363865
42412487804
42378915691
07369289877
61544339305
44950316869
22113346877
74642952349
11722580747
06014426604
13690077605
11255336927
04748394943
44204889808
15643267802
10956084958
45054546812
42804851869
47210500898
43078108805
02911652657
10953644642
34914400847
32294769805
18531197767
46337831810
08764382907
21841661899
41708275894
13344305786
05039590652
06947683670
27333004821
07605098596
45308815801
35401538880
45947207818
43592096818
35339050807
05178505670
92114644715
13005515850
43007566860
29310129808
01012076709
09940672756
16801133802
44302608854
10740971654
35125656895
00317465600
12321906677
11778773761
16677319717
23441175808
33371070875
44461051838
39203783857
22205376845
01360122729
12664372742
10160254671
12506038701
41717777805
38352989847
25413535880
25107358888
35954323801
65799828615
11573447714
13474796607
15773467771
44169753844
38941550866
10936124873
35417231819
42488349879
32768730874
01883422574
02748519701
16777283706
26910699823
12140700783
13760544851
28462228867
41240011857
17048830832
38561524820
41865101800
05768315900
93444478615
15010844702
62822799920
41019714808
43471313800
13813317854
35692549840
31637105819
37962503866
01499743378
04467111956
27963965847
09554094620
06306031626
28431864800
53375146876
32194150838
36684628878
36966399825
37641001840
52112292587
44178544837
50103319859
42718055804
60700674365
43210861838
09710917900
03379657905
01032492651
09488548630
07546057604
08620564625
05797714744
18811762740
13207129757
16439498703
18636858712
43003741802
55793604871
27516291803
40280038810
38308123880
05143458617
42437248811
27406957807
40342869892
06524417852
36406831888
12304028888
31642492841
32562191870
31911043803
50175767890
04189812994
01606152670
03797117965
13697489658
10937861677
98757989672
05738971663
16008986709
17054773721
10446396796
04445241776
52944280759
12045089762
40041977831
45189682803
45175270850
07849562860
24906407803
41561245844
14954012864
32320241817
42539621813
44150025878
44677234809
34853959866
33417995833
06907689820
40465916848
52399953894
45921993832
11057331651
04170357302
01657731626
03942661616
03107389463
08086115933
06612033959
10487864638
10040534600
09397459686
15883621759
14505803783
17211327758
15319373732
16612163747
47942211851
28289398808
44148457855
26568955884
11491563842
39351936880
12177625823
08975751805
25221697858
29160887842
29905124896
52666507882
45643469898
45233173808
14403251897
28235058812
08337818808
09728494831
29729906840
30058280855
47551654828
10196770742
12963873727
19024900883
06761796490
22208610822
32828617882
29892903897
21545559856
52163672840
35042253866
18603984808
09316643813
50036930873
00426222555
02374746119
11244199699
11763962695
16854633710
14660864758
07751071745
66690757315
33253159841
38213255852
12087710430
60297203339
46233375886
22465660888
33287022881
43876817803
43831932859
09573113899
42736291867
42434403875
29444745880
06814609380
02994067684
02971389600
02358162728
06345663930
09684970633
13421269637
08331258690
06040536659
04332804503
10326641777
13596875722
11194887708
12039836705
11499173857
40057329842
46332485884
35564087836
45003197861
05078379916
50442093845
15670689879
30671367803
34125172838
36201690808
46905517828
31471672832
56613899810
45416563885
33855646899
35775542827
43511918804
34645038877
02250646694
01254656294
00829130721
13767889692
10863984673
11387415662
85003638787
09489560707
13745595718
11180599721
14977768728
40211920851
45215363870
84253070400
36289052810
38697205816
07496777676
43798968896
40265705843
37087661809
34543999800
32581556900
37052927810
47254326877
31422725855
27690871852
38139721867
16410674899
11596060808
32603600850
27507131882
02105524680
00219912785
00644334711
07723642903
09917037667
70387524649
10039697630
08403032706
15589211760
21289384819
14023859788
14613755760
05461705529
45703857880
35161751843
12075815852
31868341801
32270584805
30543571807
34013828880
98778617391
16759312830
35713989801
42243555824
38696448855
14404039883
43156383821
30076113850
35394867801
21960667882
47128731830
41378007824
36730923830
47187692803
01511974745
13890486673
07979503627
04680582650
11517640601
15888253707
16555451750
07403344766
07789721780
11471702740
15324675750
36450426870
31446936856
33060301808
22499603801
05851469692
10403421837
25450094825
09893271835
41090451857
16397254828
29664841870
33003543822
23052587803
19941729832
30989226808
30436211823
47955667808
37271696806
38441877823
34462351835
38518056829
35718237883
42295679877
36656401805
90924690410
30373681879
46829515807
03954677563
02137868776
02137789639
00574537643
04476385990
77284038691
17563888659
09279629697
54298695620
11101727705
14481254726
14992683789
12897979780
83586679491
13806837856
08667116602
43759616860
07723780613
45176496879
44032495823
05804243594
45649427860
39596308831
21941020860
31146290837
31034448854
36988303880
33142421823
34854191848
05800893632
46054499149
11697978495
41941053890
37411907804
48422069857
27147902831
28666344890
16153635806
32825014800
22415900885
43110732831
33587859809
06175960505
44192740850
48467810890
02973738709
00452314780
85371157972
06350996674
87455951604
73944181620
96051850163
05355333656
09923687660
05006717610
10492309736
12433288789
05476048740
13879232776
13457536759
41568458851
06220659473
17518125706
32936848822
36202204842
41180019857
41798222884
44036992864
38339342800
43694186824
34211607839
42771415879
32605042812
11452867631
28851685878
28996733865
22968283880
44390686852
40335823807
16234593895
49448425899
26244246870
32143855850
30718191889
36088220899
43870025816
13255174880
21906154880
34505721809
48058536890
48794285829
35577920809
04284523104
03770399773
02391025688
01014015740
08851082995
06772764609
13136691644
10796643601
09662798676
95204873449
13181309648
08590551679
86055038749
08904963745
11394133766
14083741708
76862100734
06126047729
09042132779
17173382750
48919750831
40604478895
13740429860
04599344656
41281090883
47089575802
19703561896
10698012836
06834178430
40427162882
13872708856
09418432897
35755357870
31961875861
31124006826
39105880858
41801388830
34281187820
29744940808
44705674855
08098458814
38716517881
37419489858
09357605630
39519557830
17918351800
47758045880
33050639806
48892972863
18477250820
44326272805
22844329802
25015762844
26443345860
40929134869
03743044676
03652872703
01806701669
01356388604
01080107916
08126130660
11286786673
12729072608
12253005681
08710594604
08865644680
11312509660
06974984502
05622827779
17741053736
13316483780
05430531723
13333546736
95179674700
13915306754
26381635894
38371124899
33203115816
33633882847
50487262867
43808466871
32684287899
22467623831
28591332830
21721964878
20630978875
06745197871
38366064883
33359771818
34820969889
27979447808
39070011840
42073436870
33760429858
33440525864
19099693893
34837931863
25536283820
38558450854
22633092845
27129591838
33600399802
42186081806
36870008850
38936429515
37308704831
41614636850
34960458844
04307246322
50046328807
41066026874
37501605890
43718508800
04206862664
03084636680
02183925671
02014582505
00790128683
08988330609
14407970642
11972601610
13884544675
05315500608
07886036638
06715360600
12403771694
09092830607
05094622510
16772341724
28827319816
05425984774
13104431736
07867969799
05901044703
14352606782
10125989776
14551205702
36007618897
42789546894
52278515810
28328209802
44439332803
37983915802
41203509839
43853969810
27964490842
42703289839
37495328851
48064344859
45671941873
63410813322
34900840807
27015712865
34398491805
42467267881
42986287875
23004086867
13573719856
42929147881
34622694883
28969748814
26879389805
32202470832
52779354879
19278011843
29916812845
38356662826
32441656805
12458145833
09721564885
30127668802
21862767807
47520723860
40220570841
33836941864
36154819846
44043711875
44454692890
22943235806
03526865701
03457268630
02475144629
01909772569
13438391651
05302787660
09440872640
11881406636
10020416601
05335999624
05963332699
12305440626
09105935660
12289311782
17974415746
07469670718
27844433884
30614828813
36127818800
39827159895
29353136822
34076516869
30144409810
26058176875
42375404807
26083020840
14370569893
50776538870
34278975830
89702530415
35860978839
33661989820
13965544837
41080911839
34649424810
12890521826
44927573842
31749113899
04249477908
03208241364
02645565859
02155563647
01764866665
01051138671
00624502635
10424124998
05064162596
11865435660
10896235696
33653800862
07333822664
35168398804
07527806621
11346084629
10199402639
73533106187
07431826699
14126439706
13960479727
12245140761
17369674797
08903249720
08891811793
13109334720
42610190867
14495868721
09187284790
35719763805
22303232880
45447936888
39836798897
06246781306
20275503801
34999460840
41810571863
39732007850
35740291879
47960105804
32753001804
66433479200
52566074801
36122223840
18106843823
28256544856
42959828810
35607184811
31215722885
33667299885
48105812843
45703007828
28751785803
32026801886
24857774895
44069365800
34033797874
44951531100
44017691803
26658622809
47221082855
42735796850
46104899889
15775701895
28624894840
39530840896
47690455816
45447172802
26627347873
29691076861
29701094840
16656107869
17336593828
34247230883
21871109825
03395415716
04021709622
03091748057
02209945950
02050899688
01909721654
00753007703
00204118719
04473184625
04619892637
08798736639
04755160600
13291260686
12427173665
99911671615
08010437603
19562497615
13989392778
15658330661
16224255709
11471053750
12075187789
07790141708
12800262788
16955769774
57168202634
10271579714
07823457601
73149624720
14260444700
13781896714
15970411736
08627212708
11636296777
51331238846
31609510810
39767062807
35201425895
11462195806
42544526831
22752045808
29023541855
29063775890
43408683883
37847331829
49099649835
28438318819
21415737851
55411840880
38215467865
28366813819
34852648816
34737010847
35984110814
46100007843
35479598880
30285298828
41659288878
33389208810
37181322818
10416991661
41614373825
31657155803
14133990889
31284312801
41822710847
37960834806
28128002830
19577491804
33863160851
38213091809
11586766899
10701572876
31641614846
48602007809
45444393883
33303149828
41135877874
34528169827
36547315894
31119975883
36267428818
37297262854
31398307858
39129400880
44854241896
29302523837
37963077879
13620108803
48027365848
22524224830
04076040902
03454055601
02680857658
01569486646
01519979690
00654909598
00309572304
07655995621
09390810671
08455222646
12347002635
12428749684
36653438600
04377646648
32326573897
08697729610
05318094635
10408065621
08621885638
95434046668
13452575624
07992771699
11440582793
13030978770
09947939790
13062513705
13860481789
14793728707
12469371740
16813671731
05466661759
08021938706
08067194785
15215634700
11916511775
11510717730
13522010701
36254242826
12904378740
48875050864
28735028866
42683438818
44090582822
33388043850
15480677845
30659668831
22248977824
30542714809
52938924879
36424652850
43683210818
11996362828
21514954850
45276131899
34403452892
49520605860
35967732888
29334957832
36104904890
22030209899
40928722830
40030925894
43794589890
43108927876
18624528810
33158744848
31967953813
27241317890
20009806865
46344744847
49255308874
48328571854
28830136832
05842199548
20186406827
28167463800
46283014844
38680567850
83773665334
46962078897
30279923848
38152075841
90120787504
31655151827
21483239896
43016143895
29817720829
23362386830
50812209818
47904460858
35922677870
37334366875
39137214870
48064031800
45780424802
42688235818
41008704857
09046446425
52089709880
03287568655
02675356433
02224491603
01776974905
01478914696
01438447680
00472118730
34020940886
09352558936
09928424683
07662511600
12218068400
11807443655
11984253697
09016641629
05461720676
07558561639
11129547671
11412355605
81472250672
05887412640
09556639624
80843611715
10197852769
08984184705
07155936766
13327599718
11636014704
10862348714
14326141778
17116892702
15122694761
61153329310
14431671773
09671672728
09945548778
42189597811
41208159860
48134339875
14075562824
32999606877
49117844827
22213955816
37800150801
10011151471
36745850818
52261635842
44276278899
06169789875
39102126893
39963256813
35233553899
50675130808
37704364820
15072046800
41688654879
36771111881
33262728802
44680045841
44075342816
13811442848
05304439961
25491807800
34216026893
35729771851
34604505845
42449696830
27372776805
32780444878
11490406964
41295149893
41290123802
10101669801
43529471801
28703256812
41720971897
39237027877
41474742840
23011931879
37572284809
75680220482
26556000884
31622469895
88741591534
40877702810
07329722642
38138672854
36195012890
34884257898
35661787804
40414576888
35738104897
32592554866
47496124800
42027165827
06445117457
48917906877
36831411827
07012736402
09544947418
03995876676
02744818631
02562644905
02224637675
02040381627
01070686999
01190136902
81311915087
05124815981
15016258619
12659211647
08025833690
13480149626
13975932619
06463857637
11328341631
10328199605
08118287602
05277210695
71234179687
09075509677
06127345600
08092483604
87963558672
05706006776
13816694764
15019617725
15602992740
07889977778
76594378791
74031830700
12091931756
07720967755
07171159760
07168321781
11967257728
04346767729
12226768777
08014049756
34428645856
12706696729
08357913784
08227581722
89231945491
30521150817
29824518835
36682723873
53816813801
40241943809
32306348880
43096447837
30442632800
27182879859
44457396850
22339824877
20603419810
42443279839
28485614836
07570301498
05524212605
71826785868
17215499863
13120065870
34992284833
15618899892
07162590870
40423724819
33781933873
48375573841
12293804852
20073699829
39578963807
13718682800
29730626839
21595363858
07788643831
39905707816
37324510892
40009152822
12183623837
70661391000
34583609809
47943781813
44262357821
47131623881
35410045840
36858742840
44378474824
44131212870
07223272694
33720876829
11148029800
17623977814
37072893890
11866193848
30195114884
59372141453
44111473865
16385948803
44670649825
33964820857
40226422895
41463739800
40444200843
48957080805
49769636835
33082493831
35898469842
03934172636
03461054631
02932119141
02745341774
02433951402
02011438608
01949122646
01667792709
00741929902
00900279737
00391899619
04529284948
08714119978
77048954604
05736830698
08174223665
13294835612
91461880963
85721182687
13352842655
04492514627
90316320668
07127352674
10158178661
05599979652
08827105670
12435057610
09050905609
13466695627
10325457638
08299849683
12180620705
12209788765
05587233731
09282362779
14611245730
17655213780
17365878703
06217317737
10297585738
15780274703
09744656743
08378393780
12838901788
62071831349
15207586777
99408783700
07966000745
15935627728
07759721773
22066686883
40903538822
46576718802
25014314805
10996588884
06467885317
35172143882
22095067860
30137771843
11061983870
28903894804
50707032857
27889674899
29864007874
36214542845
21544657811
30845231855
28164308803
41993895809
35221735890
27263116871
45214200870
41521514801
10364158808
15541821827
05141463389
38964799895
24217812809
41645358810
09212723837
30902812874
35453549890
52032104890
32647074895
42344176888
39373054830
31298239800
41000376869
26746265854
75820811372
29626406801
28520624880
39182554846
86997238300
05925565304
29549997804
30760995826
37737544852
30002434881
37676936829
40382829883
34407904879
35824169845
29928481822
04281987673
03580190601
03538000662
02891284631
02630682935
01985429683
01485238110
00707616638
00382919599
04927671909
65472519691
10193463962
07030488644
12727732643
13776316640
08669829657
16029517643
46757384604
07131812650
09673348456
07755931684
33408124892
62947679385
09185432660
13687382656
06141119603
91341981649
43004125889
12698877693
09916489785
11113748729
04590992566
06968980630
11911162713
06508157779
11413749780
09233481743
09068280740
15230810742
12257759737
08419387762
05673967705
04444057718
89608364787
11041807740
12449648755
07162818722
16003803797
10912997737
12059067707
11763220796
10844303712
17839485820
52879695899
42677671816
43710082838
39943472898
24693998826
29661111863
43201634867
41205808817
44266912811
21869998898
39948707800
25498587864
37927184806
11249689627
31428809848
46724136830
45594137890
32239441844
31171683898
23044074800
26447369860
35546543884
38982883827
35017888861
46186428826
51466040297
25494871843
17874032896
31335261893
15270260867
34759873848
32797167805
45113488801
27637616827
43981015860
37230308828
39440913886
08700843997
11282136801
35277436855
31302913859
43026131814
21342781880
46375574889
30084325810
05903794459
48616004807
42965465898
40216369860
38583513856
04735482326
33952341851
25606066823
39122423800
39544287841
25980152822
81319150349
51618539809
51951317831
40877328862
37477527805
19477285803
21296029832
29826854859
46359690888
48062896803
39239776893
39021839857
51065478810
22473930805
19460448810
40335053858
09372299464
33799514805
30095438831
44488333800
49436459840
29297703844
30045278806
32673989838
36201117822
37555536862
39819285801
51150806800
32307094890
34550485876
40801680808
45939609830
11100496688
44656248835
50634759817
31150944854
04276559782
03233069693
03047174440
03012285407
02429533448
02434416578
01834858747
01579670695
01577464613
01365113680
00901629510
09147180960
06676478994
06302251923
05843698670
13307997637
11633243613
13283458669
12161031600
10781667658
97286133691
07435384631
77564960604
45812489653
30018128858
95229949600
12931466689
70153210680
08633934620
13892253641
04634895609
10158325630
06650972630
13864744601
08013422607
93840675634
08871359780
09731851712
12884298789
16711968727
12034595726
11220166707
08393872707
07661501783
09257684725
14671436779
05218231703
08286446755
18442003703
77763408715
16829805708
10082504490
10494361727
81443773549
10604563701
16114490738
33209909857
28172339801
90642724334
37220148836
42585124860
18503178877
44929798833
50528574892
35493499800
87431203691
22980351806
42189436800
28350041811
48390141833
12899342827
28807762870
21997745895
36894725802
26635663819
09772011808
47523967850
22204889857
35772315803
39904327882
28917591841
33417867835
39507103880
22841004813
39797000893
47371832884
14954267854
44029645801
41952760801
33897508869
38576812843
26130332823
46701115829
33554000841
30059586800
37533644875
30166825832
28940063813
37943808860
43515765883
36345329800
35182556810
34567166809
37613881873
31111562814
75344181515
42780882808
35064205856
33258446857
07143211338
44853031871
46819643870
31234431831
28819091836
15006771836
36601898805
33005844854
22134244895
12811115897
05579712847
04809965805
35188417855
42787253881
08888623850
43804087876
46684838856
45003283865
33456042809
34420957867
26662397806
37524004800
28655492833
31438568827
28461004892
50897382897
36473730877
27572172830
44612913833
23237304875
33922408850
05052403356
08724802832
46555961805
46975391840
32819663818
46050549877
34896831888
36139929814
32151254801
15403422803
29942087842
30199667870
39795310828
42018082892
12402404655
04186751633
03662914751
03532386275
02757739816
02719875961
02667180941
02044422654
01898149690
01604584637
01082526398
01274477760
00641129777
00402944984
00669884030
10048628905
10035161906
07759014902
94400431649
09772719606
08151777630
12035736692
08178618745
53702620630
13864427630
07990668696
15480758683
08087074696
08676060614
11917064608
75432501600
06074538697
28915787838
14234259608
09891830683
09048674638
09229781665
13915332674
08809896610
06635347631
12612181679
09961691644
08577265609
15869232694
07359577705
09367915780
13143027797
14838092776
05296198573
07591150790
14323533730
12586291786
08235291770
13309779718
08281710411
08519606776
05872029713
14465873719
11717861903
10442886713
12352115760
16223877757
10992295700
69350647753
11528118782
11257449796
13842686773
11225401755
11673515762
07549540721
79905960759
13614370739
15023705730
15796097750
12658830769
18463845754
35003684843
22892069890
34258718890
19703479880
32411891806
16064085851
39222362861
42703772831
48631836826
12082388840
31895080894
45976931812
89828500159
39761454835
09758398610
36030400827
48034639800
40292783884
05689382329
15484559898
13937094865
45349667840
39297051847
09552747880
16449341831
32649845805
22678536807
28070600802
31444068806
40243268807
23261992867
42357850876
35418733885
41946706809
21875971807
44283029831
31439332835
28251949807
33769454898
38725966839
36756572806
44363684836
32861440880
07307879581
10608627860
40805734805
37413696835
16176784816
33130875824
15887547820
46526268862
46896032863
31888116838
27241280873
97447463949
23018271866
29341863856
22070091813
31846802822
09236380751
29924074882
48622348873
16275855835
42543747800
14053915880
37970810144
10266211860
37152345805
08499286488
38057438827
37923079870
38818520857
47347254892
29948448855
15277505822
29899269840
26077194883
41303919842
39380183801
36864357805
42675562882
42371126837
19243191870
05351169509
50241531896
44333202850
07792272397
47360340845
42665703840
89495519853
34393095847
27754249880
28274439880
41560259850
43746149827
29413994889
37776431818
45268191829
23173847857
35981653825
41956937803
05059032531
78810175549
44482740802
71442373490
80421040068
03993399650
04199277781
03792215608
03364856621
03464181944
03099073571
02679575725
02859282793
02215677635
01425655718
01330567242
01144897777
00861526619
00948312700
00132933624
05632768945
17338282730
53479424953
09733158658
08418965932
33989801805
10754722619
07103806667
11495614670
13576727647
16231494608
06584025608
06246681697
14998241656
10433722614
07059563695
73825514668
86896580682
09136462616
09273470670
29459561870
70171156609
08075981600
06959880696
12191814638
09995019680
08024271621
08043341613
13133463659
11170767680
04967628699
11774549638
13026523623
15932245751
12346867756
13723954740
17991350711
13155479701
07846338781
24542248879
12427533700
07856501995
11443895776
09490033600
16240991732
09118044719
99281309572
58823271720
13221210795
10017225744
13222612706
16141649750
07938819786
08614696744
13168455750
10707860717
11061891755
11975956788
09829917703
12614859710
16060649750
08599234790
20234527757
13783560713
37491200800
12146235730
33098734809
25141887847
51912738856
96280735672
28611493885
36866908884
07603676800
50287570894
45127129841
40337091854
39189731824
32589076843
39463134859
25301007807
53071755821
27270355860
36500540867
46659890874
16790617809
31503649814
49321867899
37097304812
46697251816
45424906885
30957438826
09673532117
35830923840
18049483819
42241488895
36376773850
34943578896
20277518822
45195384835
34191766864
33910486894
40776711830
52325359867
40080210864
33926406895
40429047851
32846445800
08851711879
46156497897
48298497899
35368486804
11030872821
39776092896
36168272801
35568064873
23473226807
39680218864
46540163843
39186906879
43380915840
40758607873
37004864804
50022265821
43545764818
19740736882
45229663855
40770799850
89192575587
22859505865
38379161890
22676508865
35297693802
36420124859
44461522890
44123563880
09917173412
35550555859
30435508890
27338861854
35281539892
42222457807
34076400801
40216678811
47283675841
29286114877
41827556854
26106109800
38460435830
05635698328
07325602847
21564687880
38442452869
33769277821
44785448830
53470002878
47245652848
15638367500
24983835814
20015937836
36659737839
13161913892
29833301843
43024285890
28381070899
46757706814
41478866802
34550155817
17476856821
26091663895
48778653819
43310732894
36641850803
11583587845
12670888690
10215143493
16848060895
36795951820
27094173830
28747951869
27003317885
48995692898
15648274882
48603693862
49345088806
35049368863
41992855803
49359439800
04533926959
37003314878
03801508676
03755582767
03261768614
03045948901
02927851603
02189043123
01917108303
01575603683
01514879603
01412111641
01319881580
00904901696
00645823708
00412934019
07020629954
09426504923
70482946121
05660058671
14673776607
98547526668
13543460684
12618827686
14568380677
07651935667
14140124628
10848667492
13795834627
06894285616
11425410618
13161299698
76635384634
30063285827
13459122692
27225029843
13919018605
17011923659
09229585645
06134853607
06556077658
08725474693
14098072661
10131543636
13077721619
70147777690
13544273608
09890000792
05820380738
12007836700
07465469716
17271072764
08729014751
13816655785
16652238713
15296190769
14428934785
08960910740
08204999780
07872412535
06872935707
07980295790
14844900706
18370991700
09358816708
09381592756
08893502720
13603229738
05217983701
14455492712
12971355713
08733440735
07840153763
12292289776
08939989740
16236894736
99461013787
96454300706
09339161750
15307496702
14525039744
10894025708
15766711786
18434000814
13942218860
30568797876
19037323871
34209733814
36404278820
43199088805
08838769818
43559126800
46254165821
55020909572
37859427885
21897001835
41723923850
10923061886
38665510885
35200436885
27387182809
22890897885
32059181852
29814047848
29319520879
27982166806
31652056807
28333819800
26302711886
45865720864
43387656823
34877816895
11841571970
46681597866
26111119877
28643660884
42544744820
34274009807
31074345827
37403555813
45411420822
33976173835
05153791408
35799672828
84814900244
22023754810
36704183850
47103349860
36817467888
06165934307
42112565800
25519353859
38962028808
33020801826
22355085889
14117928821
37979954823
05853928627
46306573801
24880642894
21475330847
22916343806
41614028800
38152806803
44878816848
37182450860
15326087804
12726962432
17057704879
42944771809
46116786871
46688164850
28025623807
36568479837
49236158854
21582471851
47802039886
38737441809
28909196840
60573002380
45631472813
30945137869
04790050440
23991886839
27633689803
14474431871
46123094807
41674132808
40293317852
04420981547
27667145881
46586234808
47833915807
22764639880
09528685803
16421811884
05001555507
26441161800
47408144803
16357386871
16657782888
26648578866
10590140418
54383028802
36996633885
11097776808
95479171534
37446383836
17017643852
46278070820
16106801894
33444948808
33068809819
27914214833
39730287880
14663475892
30824941888
43349772862
13300824869
36020830802
18699838824
20610804804
39492748800
41704823870
20586367837
06583669471
78507898572
36610266824
36458502877
42870132808
33747757804
36433333826
44892036838
53653541840
40291934803
40315966858
37354063860
45530016839
29275702802
30881914894
47861541991
27575709860
16810981802
29820143861
45245947870
06903324402
38076783879
04283428922
04071314346
04062658607
03788275103
03640174658
03222661650
02996125622
02856480551
02742922709
02718495766
02391701721
02221125142
01984218697
01935398610
01794452605
01596182318
01534497307
01138159131
00826907660
00696181940
00319548635
00237869578
07998014962
06385023907
05932712970
06956229943
06409856962
06923963907
12383932680
82324425653
17314557632
11513194658
14461942643
08446593637
08909240660
08911802654
11866147650
07972975965
41045689882
26086616884
44617563865
10804349924
15245544644
05561684612
07984257680
09845918697
09395137657
12869012608
10963087622
09961563646
12226859659
05909544667
08710108602
07761366667
07394606686
15914511674
10228261406
06406728688
08409715678
13532736608
09434525705
11531945708
07298796313
14786793795
14853561722
15667364719
16415170775
05666271750
16735462777
17740484776
05805089602
13209261776
14544707714
13213808792
13326844751
07627672783
10641473729
08562112739
84490500734
04800309794
11601641770
12507021780
93163134734
06012203586
13363823762
10511099738
10610801708
12876378760
17812645703
12156589747
13797959745
11090592728
17904362732
15489380845
14556594790
18671999718
12712886720
12677129701
09959795705
06296516711
13415144712
39228760800
32572111802
44610594803
30098854828
33668001863
46876589897
40651481899
49052439800
32166617840
44395544827
48019599894
11518144829
34594946895
40391681869
28444351814
05450014473
11229345809
46287587865
34342378876
61399325302
39762982800
26452751840
27761340889
08885114423
30430608810
16857067899
38613046860
42357538864
48411712826
12102983846
13703324830
40565985841
19144672802
24974675877
36396194805
13704881813
35144526870
30504901877
37574457832
29518905835
32831006830
22081710803
41188400819
40678208875
50216984866
31323540822
31030030804
43993759818
27035249869
44650832896
17645081813
16755806854
34756715818
45285323878
40143658832
34811645804
11833824806
36559098885
52124101854
28917395821
45743503850
40040401839
21663042810
44893600885
07798472967
35744957812
38244512806
27971302860
36067181878
05501740877
46409876840
37808789844
43649642808
11382501803
19534441805
16196840800
52774178851
46201648879
10111799899
38291838879
35021472801
27405809839
39045950839
27871269879
35996970864
48869611850
32177750822
43219402810
07008879890
45216149813
77673972972
18811278856
34079803885
43706840804
21697127800
38727444880
46686989894
45351264889
38439554842
05244869809
35611473806
31307149871
33664031873
28159652836
39443768895
26037069859
07548304382
51534830880
50107920875
23800420805
15548639889
28261494829
61539297373
40282625852
43053811847
61198481340
15591669832
40227649885
28483939800
27334157869
50615341829
37207529848
22926637837
36415010832
20508213878
26758559874
80241115272
28511109854
17366243850
36176275873
37378973874
35251631855
11106177800
04943991394
29252401865
38930217877
16339197817
13687408809
30910835861
31610469860
43063926515
46508016806
43559942870
05008227513
27801038843
35417715859
36458717806
41673978894
40621915807
11376454823
31013774809
30732866839
14337326880
31983445819
35552483839
25987203856
35261748810
45101250899
46529379894
47933374816
22411793880
41568635818
60238151620
13317775858
28307985897
04198122962
04088416643
03937988521
03634105542
03630830650
03285425717
03076127403
02446279597
02343512760
02020528690
02137408775
01834834139
01693207311
01640353704
00946334528
00904736636
00607135930
00337067600
00267927703
09524013983
07847617951
08577164926
10495346977
06419745667
10321940652
07666658605
10687353688
13368385666
11996841637
14890205608
58504249620
12607529689
06243953670
13540647635
06135882660
11229522603
08522241686
09362871360
63198550297
12026064660
08821553698
12055321617
11012905608
08694457660
07741939645
06138313658
08254285640
09067335614
07801739612
06132161643
07209929665
13262170623
09770849650
08103088609
11530937663
70393193659
12353514677
07165876103
08426582621
08026369696
05492819674
10843149671
13964920622
13035581738
08372697680
76021505700
07651360745
12602927708
10424152770
17020495745
16564285710
06003520728
96565500720
05660510795
82897301791
13782327713
24559354855
17597905750
16925545738
09536901722
07106093700
11630026743
17845946796
12636328742
07046540756
14789822761
12655580788
09319300739
13603121708
17784385714
08847556732
94849595553
05987049733
10007669771
08792358616
09045401703
09709844725
11189328704
11160532761
15540744799
15071514702
14217052731
11462649769
09400075928
09435759742
17151695730
10977508765
12163527719
81680600168
15630256718
44991391806
26494675840
41288294808
12082628825
42328796842
37844056819
29917199829
38915461819
33058888813
43967004821
28209421808
10159697808
37428867894
45396658800
38331072863
07506411857
33824289890
35129460898
49540290821
41936975840
05278374667
09009312569
47409905808
36083978840
41613764804
35267353876
40373132867
27193830821
13441193873
08134978410
26228166859
36546929821
39046520870
21284515826
36863524864
06743328812
42088851810
27693298800
43966372843
15811052820
46682817860
42877851850
07850408896
07460216666
31785938886
37391450804
40067136818
27671532886
12799509860
36330551855
29273479804
22771431890
26505101888
47154336803
13533863840
51534939890
28009781800
12668932882
22391361890
27044780822
27805007861
43110639890
45480604805
39233486818
21786524848
34494458805
08267902406
18102942827
36484175845
08960114960
22839009803
09053651861
13893639888
47880289801
14975867800
44209448893
28320570808
45507869812
45056206890
39521683864
08188536628
34188170840
26893062800
19196766867
33170695894
40222429810
17409448873
07794981867
38504679888
41488263892
47451582892
47833596876
36693765858
11127319973
12836049812
45813439846
44143304830
34966310822
35578667856
70374520410
18669629810
43905857898
41594571856
21958374890
30814134866
09452901870
32769676857
49230511838
49967024860
35661432860
22334329835
27074830879
22923927800
43194149857
43661378104
27807981814
48404169829
42245497864
42832614833
43702234829
81546050400
31308978871
46332246898
37495989831
04429504547
40602430860
14875741855
36739895880
50990118886
41985482851
17911864837
42007081830
36948381120
49317320899
39736611892
27272125420
37090993825
34671515822
29573429870
36138081889
33179818816
27390536810
08953440769
32016551801
35926421896
29862064846
16995081862
23027652818
11880324962
39955170808
42952947805
30945118805
04565551616
34470508888
19218744810
30301377839
53496822880
32130630880
30609536869
43901463860
31992369879
05909960610
33102012876
47820843829
39859256829
06103032873
25940698840
29479360861
39455333848
37384534828
43454792827
48459413845
36971775830
06629295358
44660362841
38529518870
34507454840
39561752808
38132569873
30876803893
27814048885
41679668838
37053463850
05047456382
32034329864
33651218899
08015024897
32592586806
45121479859
28706530850
04240218624
03826453832
03718732742
03283710767
02983350266
02758125102
02772242684
02718579510
02167237600
01972475630
01712175190
01647530601
01638069778
01454060670
01311053700
01087155312
01015296513
00832370703
00925866784
00460991744
00586399690
00019301685
10166754960
04765766950
07542382969
05638153969
09753696957
70219687609
11966212682
70009943633
12915658684
12651090603
10202311651
07042366646
13057188605
11355091667
11977153631
04683985624
38586889830
90960700625
18432230820
11643429671
88326470600
07194868660
35303037800
10220146683
04982084602
13349216609
07860888696
05877507664
11907433619
11453212671
11607155729
12169095632
14380700631
96899077604
08405386696
13332978667
11305954637
05836110603
87756471687
11829596608
12184630667
04586170670
08811629659
08208757675
08171406629
11388843676
12077016612
09034556689
11931662681
08736557617
07184828674
12520492775
11687552711
14851491778
04378667770
08121313716
16053484733
10974723614
12170540733
18787336723
09479792710
07489906741
11129339726
05276562750
15516412757
11037591755
13117728716
11868119785
94654913734
07761207780
11642046701
76231461734
10121479757
52140679687
09396801739
10412087740
05894283736
08241706790
05336429732
08454129731
88309274734
14262352757
07775692723
15598074745
10810500710
15500916700
13560671744
11035476746
11715056710
18309899793
07093663702
11662619723
11600252745
08072887726
14528742713
09873329706
13554392723
17343424718
04408545988
12936969786
11778761755
45567775857
42989722831
42534695827
27293338864
21824542844
48027926890
27700716889
46953705817
38554133803
35055354860
41708448829
44523656800
26241482807
12182735429
13835442805
23102165850
45678303856
42515563805
09394777423
46593869880
44489440855
29948755863
37732385845
36957495809
36393156856
13748035888
44046019808
42297482809
36914947813
48814541884
32649183829
49904997861
12769485814
38058580864
27018135818
40277442842
42674507810
05120858970
48490526818
07041603580
44542308898
39773658864
40888079877
15813225854
22519566892
23607417806
29885275800
10850158907
43171431866
34741583848
40845659898
15210528839
27274712896
21705024831
47464303814
60711475300
12450498877
44791435800
37544607810
35610172829
52067117807
40376364840
44292487880
46424128832
37461891871
48317658805
47412303848
37372116805
35525059894
43208469829
34338271841
33218020824
22443814807
28076521823
46803382885
43874009866
26633083823
41927585805
49149449877
48625058809
04903744841
36216663895
46555664851
42391530854
40764248839
45439685812
31621667804
40299798828
33316124802
05837543848
35031791861
21528518896
36708116804
44846641864
11572404884
14574456892
15813456821
11066971897
49166057809
36378849846
23724532890
43041548852
31978199856
40406298840
12149395894
09801522836
30674615840
47867397825
32083166825
41924484838
08758766847
30614122805
30067363890
31016869894
29589219802
07774049908
33255774829
47788539899
10834497700
36802057832
14186662894
37444127840
31538298880
35533020896
45534199806
44415350828
37688653800
42712160894
44293234888
15243633836
31610476808
06368051310
26668759890
06381823526
46569980874
38415669879
32088326804
30927984814
06932468395
27446990805
35632340864
10997595957
30149588836
38384131805
21261924827
38430324836
40420149848
45380972845
40102529876
32744364886
28133767873
36757237806
70865130248
48657273888
34283204846
22280455862
45851189851
22077738847
41076465803
40500937826
28741081897
42514429897
48178252864
40476272831
34143770806
38232980893
36178596820
41322438854
18720441827
36201337865
17024334800
18480685816
52131507801
46514349838
05345385505
37461145860
41440624810
26961344801
34727704811
15539764870
43521013898
64617882553
06834968679
49887005851
40240579879
41491183888
29552438845
43675245829
30033944873
40320274802
39660527845
16852975878
34190628859
15392347894
34448198898
33512998852
34790454304
39732044896
28635535855
38902541878
04234905593
04135945805
04118125307
03927254525
03740360712
03800198762
03245239718
03291335600
03033735711
02901097367
02758663945
02690710757
02530199078
02536567966
02251135898
02211855776
02102464644
01886844682
01593144709
01488366667
01564786684
01274195608
01238148719
01092059792
00940891409
00723699305
00724163786
00480403716
00442457502
07553989983
06202681900
05940225926
96279796949
05773119994
09045324962
51213165857
06130228902
09537133931
05912674975
04610225913
28246741802
10761786937
11043249974
11072667690
08964631684
11336658614
13008855644
06850683667
05411885698
10840321635
11237478650
13195041677
11904919669
07415062620
04989780604
09599506642
70532411650
13565961694
07147079612
12250170681
12646886608
05491156680
09445847644
04658152606
07060969675
08715528685
12968373609
08199413603
10697789667
08792648614
12384660608
15920535644
07744450680
04611664619
10901041629
09170396612
10539160601
39164569896
08933734600
12624013644
04317601605
07755808645
06913853351
04839127603
08097412616
65220374672
13372575679
13236399694
09919578657
14468931620
08468953660
08178736608
09739930654
95222391604
13042485692
84624698649
05343573690
12878192818
13679844670
14637896614
10904281620
09256696606
05126624601
10397168659
13767184648
11499913729
06382834696
06050734658
08021024682
08937426609
06803169650
04673978641
06622030626
05264925623
04434202626
06766669659
07403465636
07919376661
86993062615
81598165615
07634043656
07403522613
06662029661
62049828691
14536547630
07447649635
12322163643
11657971600
90914422553
06740738602
12210818613
10963543652
70163568685
06359686651
11363768603
14177327689
15696262600
08289900694
73544701634
14323194692
15232249673
81225130425
09777434626
07710835643
05436034667
18334207727
11167641728
15489925779
09178411742
10085313750
13211596763
10835775739
12241101702
13995043712
09826379778
88115160725
07446391740
11108039740
14643487747
14569529780
12678513769
09555716773
05925615778
13603873742
11183899726
04639125780
09963457797
10246605758
07398746750
06239744794
11550348728
11005887799
15192502748
12674626712
15534583703
13864985722
10513341790
15635863710
08472512924
09257201783
10289699703
11884893724
11659743710
15835011776
07248276766
09771588702
12281191710
12982690756
81247176720
14611710750
09294145786
05290394788
17689474730
15849223703
16787410786
11165940728
09107951779
08958578718
12856489788
12361019795
14610117797
10544349725
40013708830
05970613789
07501894523
80298389720
17101898785
04402371732
07957488765
14627532725
05734119725
13391669764
10355621703
95668020720
12565908784
15778950705
88216420706
09372445703
14170657705
08799936771
09156474784
17067094712
17190870750
08299297702
08334100752
15672822703
05562431700
07846963732
15327486710
10276296796
12741907463
11050912799
17392045733
06290755307
14285849780
08383676743
81942281749
88205002720
15495298705
18036281708
11168591732
13472019719
08148622760
12516421796
12009688759
14621796739
11676673792
11773842722
14129742752
07631236763
08649457797
16080003899
35738269896
41182521800
41945613840
45265877886
22104179882
32217349805
35339168808
08252678467
27485753851
47363341850
28715890899
35114839802
21443344800
43030938824
41302035843
47836596800
41821843860
46622013810
22446899803
40225397803
10782542654
25916177836
35667321840
39566183860
41180273800
43932719808
39554222831
25204655816
09596582895
26612136863
48691145854
43825917835
10722612788
42241546844
06437116439
46104632882
52017254819
26077176800
86370982580
33783082811
19160148870
44569984827
37380551850
34605383840
31264479883
38344892805
39165125878
22487762845
18200641821
32396277871
21395111820
27518024861
11849817871
40365358894
45449507836
32856541801
33057043810
39858619863
30420764828
36473135804
39259581850
11524458473
33769859871
27176527873
46299729864
10725894431
05486798512
34212315831
13743222884
37443005873
34259151851
06882895171
61147893500
08136022461
46545165810
43164907885
86604740749
09678171880
38071538884
33632143838
30943764874
39284912881
51323083847
48471825880
43896796860
42436411883
37876871810
15808214807
39000805856
31839000848
26828486803
47132528831
33605550827
26189217800
05011131424
44464471811
40955231825
43269836805
21620358808
39468269892
35224892848
45113928895
14299438744
27800948854
38122282890
48372824827
22521254894
30215351860
25306356842
46164172888
47593886808
37661285827
15881479831
10362909806
39704813848
78686016804
37311108810
42071071859
33988009806
31125470801
30248712845
41070074802
26746479811
38294544817
52276734892
36837386859
41974540820
45023667812
44733831803
39141297865
22386743810
35792412812
41542551854
32051006890
22007836807
34664437846
39875671800
40991629825
45767692866
44574749830
49596855816
44428241852
28754575869
45370019843
37183523896
25422005805
31770091807
34441731809
16716832858
29671935850
38241375859
31709994860
10907472842
28051788826
40435777882
45023222888
45822061826
27695181862
25049582857
30113134827
23057344844
23461846830
35953848811
43208448821
32329856881
28500730838
40702330833
47660011847
26341144865
06351331803
36970696839
33171058871
35245196875
15621007859
25750362833
11833761898
10908601883
30652702856
15624396856
32452894800
40445121831
28477976880
26129816839
22157419888
34386879846
44940350843
28275687802
24655637854
30152033807
40424209829
43978242826
35518914865
43465588878
37928300869
95013881668
32462542817
38757123829
40216059836
45744288805
48750829831
30229206875
44564482882
37809802828
40441063802
12275518860
50047292806
47046601844
16433628877
47142099810
43594619842
07195952150
50275646866
85952180566
22903779880
22256847829
32075533890
17357638880
42328565875
40952725894
30643395830
12021262863
31953746845
45190921832
27087589857
26771117804
34681560812
27905436829
17407017808
40629616876
17064683857
42477569821
42831505844
11109706847
26165831869
37839422845
42812889888
41581769806
37641931820
43489930843
41203877803
38814572836
47642520824
27274427857
35136954892
21665578807
43806381895
35332317808
36415291823
35507147850
31567212808
35262768890
33996167830
34434602837
38386591803
27049339873
33086615869
43094237878
31170887848
48601484875
22405422840
27498848880
40558137830
39769632830
33669328807
26379505873
27339649840
35690494852
44928315847
31099587832
11396337830
35774453863
17804980710
29427732865
42647260850
44313771824
15741040713
41659484898
45730279809
15707143807
40008980861
45316005848
42646438800
45834026869
10976112809
15015001800
45226221800
08200168450
09870615856
12301134873
38630595817
31685327893
39995947803
17337026870
51520675879
29409003881
36111944843
27911457883
07285357855
38446418827
15392003885
22584347857
51843229811
44849921833
46346453866
37935118809
17626211855
62558340344
22475287837
44368272838
29171475800
15775861825
38161409803
43210306842
30629781800
34488389856
12514228883
44228296882
44872297822
39459776817
34409361805
91931029334
39057259591
34544535859
45287313802
30275404838
22628001896
42048533825
34017412840
21697502822
32972976894
28869565890
16619715800
08585481439
31495810879
44841547819
29764654878
48995023899
40849987881
44592759885
39367557876
35146337896
40953868869
33036425837
04396442599
42846330824
38399918890
30145101819
10473929686
41011734869
43946961860
30469938897
40102274860
43392668842
35372208805
17523474802
35830338840
12421036860
23349489850
36943052896
21968412859
33150979846
24708513860
37551589813
41253749884
30235284890
31094173835
37918178840
35352995860
37247084839
35535982806
30152219811
25667577801
05145088507
60383389348
32080354892
35719498893
39335904856
34933497850
30229713890
31702548805
47507240843
29082100886
39847326860
44570031587
07165717650
37241794800
41056371854
34349327800
13575218803
32485546819
43914557818
40689333838
49973719808
16899861828
29237991860
06574260590
40572321848
04367513564
39463752862
31187726893
20584357885
43224676876
40358245850
40815808801
06040280328
08914393402
31575203855
35303533883
42081323885
30327773804
53081943272
43388645833
36510180839
45320770871
26294426839
49624305803
47853143893
30743763840
28792577865
31335753842
37353901888
44997794805
28259748894
49663918810
17884554879
32243245892
29572794876
13804326854
06886896555
42276419857
35861560811
08597233800
39884365857
26702442890
54900846856
22193750807
52987608802
49336321897
10457670851
50884396878
89976240082
28478684883
51494159287
04280732639
04270552611
04236811685
04193736679
04086569132
04136151462
04182881605
03855631670
03941862650
03895460621
03862451500
03813879682
03798353638
03778194925
03674364697
03720169600
03482129681
03621468617
03529727423
03499434946
03440650731
03411178620
03192278714
03122452707
03098009608
03043391802
03035221782
02776477627
02836240199
02906187704
02794979540
02872020624
02796672727
02816230589
02528708165
02599446708
02631716396
02601823623
02582529109
02562732782
02478130955
02295852641
02255994658
02284498710
02265777757
02060613663
02043161113
01958557870
02012466605
02012662960
01945286423
01885883617
01816392707
01759077658
01667819755
01768096600
01737459620
01661147909
01652747788
01576892638
01538881640
01535437286
01433056623
01492424684
01287442609
01255091622
01206287837
01181692709
01174165502
01027779506
01028628188
00926947214
00749681730
00853351937
00805291350
00777143771
00596222610
00419122680
00586164626
00510098541
00536021619
00537849360
00299079775
00122907779
00254818510
00010309578
00046867996
00248682130
00135795761
00147026733
00134200705
00057368112
00081430647
27191249072
09063422792
17644095829
06746162192
09027403422
93316160159
10196592623
32381555803
03714917624
47786843892
58512810149
32679232801
14521295762
10712506713
11172970980
20058794875
05478086908
29983084813
01849096007
02498214003
43415414809
93640420934
06146332577
34446247867
02940618003
05960130602
66188474000
12817883683
17065908810
01725584760
05216639381
01908930012
03987980010
24895012832
13427862623
01628784512
08693461648
07807259809
21932782885
06404110458
74365010972
00718277309
41849166862
12542671745
01913224155
36537437881
39808118836
40524065837
31856620832
03284847090
06855577580
39138563827
45330843898
03005138445
01572854057
22276437812
97322792068
34853396870
04119375960
54463930820
13240906694
28212042804
01996360604
02679269101
02879945119
83413740997
07349597100
13513586930
02318957398
07216583426
45642889893
43985186812
89626931191
09379629532
05572556947
01467826154
07013095982
07187626908
21742466869
25857469848
01948287005
01216184046
07747807384
07405966918
47241909810
16420821711
15350669893
06568257907
00558063926
31618515870
11079122702
14822211606
13069650988
50051448890
06952685111
00474393941
00319806197
86897039934
70692195203
51195326831
05815333131
85457663272
03400101184
45099951805
00089978021
07030121422
10880748710
06720968890
37120502832
06090424919
25153291871
03249337382
02124435698
11060265940
47453985811
05828838490
24019927820
26410361858
12174646706
06373817695
03989595288
10600978850
00900568259
01405344237
05701628744
10787934763
06880498183
50792504968
47251705850
12315326702
22828902803
97980315553
03704212059
02562648218
00033491011
10901629952
47587167811
07756000323
07459691860
27711326807
05546600756
28175481838
27057250835
77152271615
03948538301
02652209981
00018371922
69003815020
17137169848
58006966087
92696791015
05280506133
06928282304
10047334967
09625597921
13987533781
53751318895
02818028159
00468122966
00083883185
06059124321
07737189904
70136834264
08828472790
13027459724
71601147520
35313089803
41496292855
14661376650
43907856805
44887936818
02862789950
02171811048
23085822860
41429696842
14825400612
35083642832
37082809204
33890855806
15079125608
44675432875
51952807034
37223805889
10619995998
11908075996
03832148230
03893094865
02322268577
00689330960
00849218039
08265884923
11663566712
40975479091
70699443148
09288174907
13303099600
96284080115
14572429740
38320022860
41838988890
12669198724
06843101984
06932890151
03836815028
03037984244
01289473064
00159733952
98876244115
09932956813
38023811819
83277234215
25898856870
36217128870
48029282893
51970267828
04855944637
14904674839
06139374650
17512881703
16715946736
86677330915
03724206488
03722111005
02783823713
02104619009
01774703130
59119136072
48064354811
04492909990
05488332146
04393194047
15128646769
32635599823
46842415802
78951372200
99968096415
12295244870
10481312625
11071740903
07917907899
08019066950
05503161084
03282723709
02805208080
01810875102
00719997011
01196270007
82408165920
42920439812
04799813960
28755109837
11354570936
56746121100
08901669609
07700947597
09607972970
04735303928
05122569002
93173563204
39058469859
12493565630
07348594905
26772540425
09409762693
03886021980
03766695436
02645008062
02736027051
00145401006
00132814102
00205204252
08962208938
04558889062
09437741875
36705092831
09771814990
26106113823
06089433632
82877807720
06957279669
46235270852
06697740302
33138833896
29549870812
47903043889
17487261883
32990505830
47148011809
44918267068
03808604069
03434581367
03080379799
02023621160
01343171652
01647525608
13129838767
04420529105
10708900739
38623642830
11235041999
12430422816
12883753873
40945744846
13130316400
15568877793
15519470723
43659106801
07639599520
51236027809
42588330886
09857924697
21657892816
12491176904
43906118878
05904995997
04916225031
03361976677
02831427908
02736940067
01636024092
00836726219
01020198273
08164803979
18595095841
56205201100
07617524986
26190968805
83010025068
70738061255
38643984876
15029914706
06315489982
66308453234
56724519349
74230816120
04458860640
87320622904
93776250259
12507800712
42028009829
05719457160
77911156115
06301935179
04574413131
05907100443
04824088984
05000824130
03112307259
03075387029
02962310028
02444284178
01882624661
02062076037
00854342052
00002728176
00187614105
29052483353
12354549750
04801017444
42435428804
31346210888
08936429752
42721800884
11405467916
12327518636
07281295669
13532104997
10523224680
11772194760
06354803951
10824033930
46132464824
34001276801
24840740852
08973811738
05623612946
06389277652
12074859937
91539102904
70697330117
15071031663
07759067607
47575263187
03955456170
03516071028
03953833405
02190433533
02588787541
02346765074
00665954522
01153113783
00479857040
80668542187
26579271817
04575801941
10865671966
87932490715
38923805890
32554598851
10849665493
83272275991
77721918987
48887973822
06061692889
06060810110
93864302234
41438951884
06444945224
61472660390
07319972476
61075386314
09278644790
90144201020
10642063958
10899802990
34468584823
18227070809
40508957818
08876298657
44195374855
09616880926
08602316909
03790375993
03623212059
03259864954
02424901589
02187439984
02262392927
00969863101
01000834557
00559639198
28970271856
08410512750
25442076805
19959219801
40771993870
37131171875
08062627888
62131832303
04506137981
09412487983
05599936171
35119036880
09149095927
31842804898
11449444733
09393216967
42729142860
45889131826
45593040842
38687570821
66175127668
72947381220
07419733325
12471150705
07390604654
38084153803
47681981802
06370026107
08065033946
10194846679
47292414877
14136129700
10667773738
03344245694
03136004140
02932056042
02257680030
02198067218
01404367071
00812037995
00876327218
00310210500
08270743607
40332049892
05750714519
06155581940
10183936922
34559998833
07562265119
12142011721
31735251836
45179647878
10494144700
70030467179
36654148819
97022403015
44434449800
36538753825
08258053760
07011898948
09112233986
04420455306
47389457856
06639942925
07185230403
08388125117
45276293104
15535041602
91270529587
06828977955
05841039997
22918470821
54547024391
06502354955
15528370760
71491210125
04908559970
04036571990
03635993042
02890833119
02967845752
02338088255
02122501677
01639833641
00944147429
00736000321
00716447339
00045115060
09172870966
64265277934
37644268880
42586877829
80725821353
12394856700
06929777919
18488154844
24776951851
33572306825
70700999248
90857577115
11031568964
15359942746
12918331708
53006436881
27482676805
06741560807
05887225963
14766508610
09058043924
06710028488
10839753900
33959977824
50117359823
39537683877
31401500838
05129495900
41409102831
13921675740
05025751152
12248340702
30292477830
27296426845
45517541100
04371966152
10143563939
04145493095
03448038725
03423616601
03331876100
02873863099
02702194044
02372153064
01806450135
01896888070
01348082232
00711124051
00681754931
00177386100
70328114421
93666136087
17380411829
84812630010
45589366801
78163153415
46223578873
31142899837
08817291757
74912712515
07931878183
58496106187
42897648864
86347101904
36340961878
26076285800
06002679200
08786613952
60530020386
13247270639
09563151941
10302397973
19201685831
10214543897
08520474950
38876414851
37695560898
29627872822
09501196950
10596869703
73201367249
09261215963
05839078905
04310435580
41479174882
39725276833
30368746828
17013466808
04928850955
08882353729
07655147965
06687453122
10013308971
42062393806
03649378078
03664489942
03370175495
03225994901
03197067029
02714330002
02554554102
02228452106
02023104009
01546417150
01679675095
00953981207
00745299946
00640342329
00108292029
08663267908
22322823848
28818956892
37533278836
07294071950
40654881847
17225270800
47682523972
07623249967
45233305810
82811229000
39872561842
28263747880
48176415847
96428236168
11328364925
05191519922
13318884928
18117134837
99232987287
06142526105
06473584684
08533686943
10146757904
14535105758
35703265860
10122526988
30688098860
31829695878
41823617840
39779255800
06320904640
32725412846
10069279640
40812046838
08972033995
04667970600
30862758807
09199053900
87727749087
96411112568
07459848603
04557096700
06610433984
31086680804
09381831920
10153963999
09953894973
03735190103
03727365560
03443224911
03235094105
03074815060
02803188988
02534068032
02114773035
02025269331
01383908001
01430578637
01008607029
00434242950
00242555055
00078343658
70395566185
96147881353
39301441829
11727817702
32217622838
06842880955
05041238073
25312355828
14620934771
42601357835
58991654053
21886191883
43734000831
06628383199
25395744835
05589551935
13032394775
40080602860
09388115929
91082447668
47872696827
06573245903
08046664901
49322997885
33290479846
10821396617
07572771955
12643131959
50842325816
20391742817
84792418887
33964655805
11182486860
15888273805
07143161993
86498053020
34187653864
44613278848
83889230059
07584391990
05073881940
63796406904
43708973860
49773719847
43320136895
39789628889
06838602679
70157875121
13089768950
04252943159
04294455047
03588853294
03393279017
03246303010
02865253481
02799584047
02555343709
02227008580
02066563277
01733450343
01478199032
01343902029
00842144900
00327609222
00171320026
00058137785
16369941808
14813260829
36525116899
96076020563
12027129758
05627872594
29357506837
10654418942
09026782993
30485515814
77980557468
05624660537
12437749756
99831660463
25702458877
14136334710
04869041480
10558143709
04943263445
04711125345
11805368605
11404304916
05356039166
12655734688
33381897888
08335093490
10692804960
13609519894
05507655901
11258709821
31434738191
34246839817
05497350704
10382902955
26904367873
08426790909
70333062450
07870534307
07107435990
25826768886
07470278974
65024796187
30281559821
37309610806
11425159400
11322803463
07185869994
11015637965
08630625473
10223149632
15941099746
05536922165
07406158904
09900558928
04049971631
03984765274
03901307028
03509965558
03232815162
03165233993
02867002125
02538085454
02297089945
02087261369
02111129682
01310269173
01203319770
00989324974
00566680076
00366565265
00263824152
45736656841
08696272102
84754869591
05085376900
27593423875
64609197200
70876067437
06512612957
39917557857
37184753836
81807805034
05892132455
10549857745
60225866234
07027642727
25252254818
30540519863
07159906918
71015213200
47777027824
07876697500
91312701234
13370858711
04405000018
84445343668
47599067892
12366328850
11037010450
88368300304
14688143621
04663182194
38226420881
36231376850
12403971430
04721769199
10546320902
38200299821
08977300622
15278264730
11725947838
08751523760
04700987910
06297645906
09049847960
56206810097
08831194984
05694548086
10001800930
11078446652
09146479970
27207373805
82078092134
42014686823
43781207803
60048740357
27572024807
12060174651
03964989576
04224206382
04061653008
03723787061
03718182300
03528038357
02878405498
02980554146
02892585376
02323995065
02393259155
02391250533
01924198207
01839271922
01794234101
01091516154
01107008565
01255516577
00428158005
00524097089
00494520965
11176201905
40944058876
31853867870
25427490353
04834757420
30230286801
09232357798
09963105920
41991425848
36015397802
24897411874
07907005906
13124707630
05610241111
12245818652
07962546484
14102061819
47728732870
07693149880
09005208929
05946868900
94268118934
11292436999
07004542920
83959963068
49306709854
48138280867
13905443627
51734862874
82048509304
25939270115
26281714814
05694533488
11916228941
69959056104
41282118854
40240646819
82516413904
86110046558
57595500044
70100886167
94023549649
62844300278
12393841490
06121952954
70192261673
08577968952
12983393755
41388008831
36123210807
42082817822
06168444920
06055213958
05418209906
45983936883
10182591980
74290860478
09138915928
06960658438
12767504986
11241653631
29860759839
43233358814
04191537644
04150245010
67774768904
03653502900
03687196348
03534208919
03213740101
02922864901
03096028150
02656725038
02563270170
02415428477
01988354005
01853488070
01969669900
01355307252
01349560103
01221166905
00563651105
00640427073
00396811060
39146388850
45428623802
47954340856
79908489615
69383588349
22399527844
09081698923
15904449810
47523043844
69276030930
38548172827
04417235007
61302899953
49444887855
07394665771
79908438972
09746053957
18595360855
04693245461
22679544862
07058421773
32138421848
04657073940
08416160511
09527261902
26982856801
06525943442
11494554895
40169011895
15276723877
15907296682
47168686801
30242969801
07968952360
08957884700
11952859905
52530300852
10432196927
18075580702
41401952828
94013748134
04657593609
22316908888
47454447880
54178630172
09755114912
33449370812
11206938889
35831495809
45942242372
09558522856
06613452971
11008043826
30781124204
47502833803
37075793870
11939296447
08901552914
32287473874
12291347942
09769288926
07883976729
08277057431
11810685761
08717189950
61489732357
06767840971
72977230963
05326321920
31651778809
55162908215
04321401151
91669235300
77705858053
04052723163
03970037905
03855474044
03616646308
03480696260
03327109044
03221149506
02999506031
02957363135
02737208483
02612754709
02592553355
02365516041
02115364589
02043158910
01979305650
01751102041
01773073079
01328544575
00991271998
01077507089
00614595770
00461500051
00454917988
00034581480
06217994755
27267549888
40425628841
04995891900
04576340735
14125612722
05035542513
36764922187
32995425835
19501343855
34467235876
05556438161
06405553906
05551181855
10240848926
06166364822
39710640860
45130707818
07312437818
42713816831
38197761841
49590311822
39608209846
48432356875
06688559323
08897082742
41733629866
75941775920
06264285641
46165432832
86066064487
12832304702
05012609190
76097854668
09982147790
09599083903
07611022997
49671466869
48011725807
66447496315
09226307474
42694931863
40280333811
16570101714
48824921809
07640910935
36641841812
96486015187
82126917991
06511061507
34900151858
30997395885
34134493897
10257874712
35459024803
37809220888
26183858889
44704765873
24577089823
34424596800
32713759846
93947488653
13318228907
05829793903
11418576778
05375483190
07161248906
18514593838
07032702309
04565299690
31371234884
90304616915
08762818899
10470437693
27904772809
05147951580
22535887843
10973053763
07276723984
08670228920
08641520945
07272225114
10602648700
06020592162
07952897900
04098512050
03908884276
03814847008
03681630321
03321587050
03456468946
03288742306
02972161637
02873644028
02883400946
02576024106
02452632929
02532617080
02158968311
02226964436
02066880086
01877278050
01658685970
01568279990
01289828610
01232558648
01071199005
00709451954
00468200355
00447478966
00162096135
00009780009
05397137758
08938303993
99224615104
08219373750
69345570934
25978852839
35428981806
32835682864
12392175950
08777378865
36521784838
34040782844
34211108832
35448904882
44520087805
79580726191
99390876753
59598174115
06237845135
08865976683
04992046118
41698287801
38106847837
22450850864
08238186919
04695641992
04845297574
18479874864
11975834755
08550600938
64179532204
05062949190
30719158885
04590322080
73487970163
22382219807
40626682894
05697544103
41880612860
61734098368
08692324957
12300595710
11598270796
11687725756
69693889649
44787190806
04295316725
23193062855
98290835604
41848893876
30915427850
04997858943
07367852132
11831950871
34246753858
04442897395
15302957698
53472039000
22871218897
05319357796
31244248835
12497179735
43384021134
37953218836
32282428897
41924377837
32387692861
32314423895
32943890197
26981379830
91250870291
28390354802
19551096134
06044500950
42662648520
36292846806
10070880603
05363146916
41956945822
22652862812
08627828644
41875009876
08075266579
11675670641
06227598330
05712116901
48947200867
48470126822
77880854991
33293640842
42684090840
09114145685
15354728711
10766013910
33887985249
28357967892
95925384768
94294399600
28184234813
04427503152
50821569856
39263409838
05081054984
30719611890
06256681975
08840497951
22814748874
04583173148
15152140799
53095250843
17864872760
37881717823
98572652000
38255744827
43727882824
10212104985
92156509620
38451911803
13408096724
06518025638
09776551998
04343882543
23960256353
05321591520
07398752563
10393585948
51664834800
64608905015
04104204099
03965283090
03920041941
03549145454
03599459967
03386423230
03216482006
03151229948
03062278005
02924784611
02831824079
02788806140
02572399105
02506800255
02419557000
02272451136
02212614357
02210725356
01973623110
01930692102
01804556050
01495261565
01338562673
01330718127
01036525155
00982632690
00874725119
00430524790
00483693308
00421851902
28111758812
27595485894
07952343505
70163656207
33082517870
11579891870
05104902633
10451965922
93246951420
14013026880
70066326176
47388010823
05363916967
30283774894
08286926960
10851884938
41941439810
06360690950
41976355087
07611774425
10379149966
38036948842
06568542865
07435322369
11949870600
88211568934
12644251982
08200200957
71429151102
32620321824
12165828902
29575746830
09112837571
36289316818
37484386804
31368765807
04885631602
50691576807
10638054737
22806854857
70873486200
06949125909
13192320869
87049619949
10831980923
04424149005
06930729116
34231770808
35398313800
66821533334
35143325846
44651652859
76936228020
45237720889
34826880871
36359430886
10142958743
43729438816
61150702362
05085754190
70964123444
14087226905
93998171304
92006949004
10105866962
75868466934
05861130701
62751403301
48947867888
12492176878
16559477703
19586284840
45533322809
40749100397
10906271819
11103222910
95802215372
09277922656
46623276874
40379178826
44605786899
11507603703
44968976879
15747295780
34589684829
14371195903
39083387860
40010243810
70697447227
70832479276
05743270961
86615629100
09749946855
32279860864
05245471736
29783126881
08889054913
36416823802
14088721705
06495006101
05478271136
45657002806
08433150910
70779171004
04267204071
04202502043
04099854655
03873219182
03766619683
03732104931
03585078044
03418398170
03442916267
03178467017
03104618984
03143235209
02810684103
02772375218
02729345000
02500204405
02486115420
02432944097
02171955040
02167714122
02105100058
01775018636
01674885202
01752164016
01275332226
01116422050
01151140414
00861441621
00860726509
00669432130
00346271037
00358758017
00382335171
63502844100
15123907637
14209095761
07049348929
06058542111
17854894884
09090004840
04811946901
83671110953
60624732347
38292790861
94082693068
43957265851
27353641860
66957486087
39917980857
22533976873
09101161482
07168303961
08574573906
86384023091
32621340822
91903068991
27610814806
46725434800
05389820126
11566909864
08124149690
43902252863
13119435600
08866509922
12479416712
06859272961
22135873888
87345102904
96087390634
09925870933
70214620182
40131631870
28955646801
39020614487
12499017740
48966936806
70384034195
41261943805
96767936120
08509064407
69232113015
26180482888
26956707888
47709643825
06850543903
11149458976
08389196930
80835600653
23918931838
06234400329
25913186893
08543754658
07832520990
04899493045
07631245320
39306608810
31348894806
05330325552
31045597830
36623029850
43689242827
31062901886
08356983940
07235300337
39287148805
34735366873
07590085901
13241121666
35222012808
08518004918
50701169591
38852115803
41296653838
35825088890
36243874800
36727010846
62201938300
06951926476
38347164215
13994318700
12333888946
05735827855
08730186994
14389426729
09009890414
04886594000
23007361877
06268380886
81101937491
09016278958
48477414807
51877419850
11925268802
07368827310
07495192402
68892624172
08432218952
41302725866
42218821826
11580422489
05800974128
30275018873
05649967776
22688211889
29194524874
35407931869
11926413962
36683331812
05145186509
95120408249
83844139591
67651526015
13834301957
05522185961
13019337402
04251783905
86162926168
03975845392
03890156959
03871707317
03665975239
03561155189
03507473348
03474228374
03300000041
03355388947
03096538190
02966903929
02991476222
02819592694
02795170175
02826302019
02671625022
02582241180
02531021388
02259819125
02217624504
02165655021
02081678039
01986063976
01953154301
01940017505
01828713716
01556190557
01583785043
01377046079
01072127067
01069487090
01000260011
00692471103
00515209236
00407875913
00304800350
00250308177
00109324536
61683973100
10158568966
04695765101
36670166893
15464900861
16213480838
09165732731
08272265788
15598437805
32322454800
12353170803
32618979885
09002613741
29206001841
16581243833
04787621190
52259927149
96550511020
05391258650
07324328393
75918340700
08374106492
26102978234
91546540920
07561015909
46162520846
54451442168
07418707703
12490347870
38087829867
06179020973
48018792844
96087145915
06749457193
07389034939
68397143220
25294348837
12022526724
40103758844
15924914720
05852458350
08195406769
21896739504
46329627835
34111909817
41661919855
70842895264
42679088859
44774395803
15492696661
17005599748
92218385015
40201616823
07135615999
04587893994
04922448985
07423431389
45159477888
53946960120
36645255829
73482820406
05727663350
13520694662
33471431837
08316426617
70290263220
09649345906
11535622865
04684264424
10162764944
31490334890
34433906840
14000894927
34231660883
21831679809
08043802106
07850570995
09995262789
48699739877
47225506897
78345740430
89130782953
12581701676
11985199831
18024804719
07869171565
56564142803
08792731350
07758808689
37252950344
09658619967
18055413746
62554184305
07238513951
10905875893
45596620297
11252331762
05234873803
34346248802
43143659866
86699091204
04858776948
05832198964
10720831750
20407234802
21670256880
40329535897
29833442315
07251577801
05943673954
09874998903
11059977400
40746870892
28700458830
46753703810
37648330091
06732486152
40879301813
52979388807
51829010700
05112091509
06937512406
45651758860
15529035833
21303140829
05768758135
40009127801
04754790090
06168002669
25697080204
11096246708
09710186930
70425481166
05967098542
08682126524
40294556893
08462298113
42500338053
11092461965
17163019718
04154601903
04159116051
04130641077
03940154016
03838348133
03739763485
03559566169
03549834829
03444951914
03299378040
03300667739
03295894078
03007158389
03047344973
02954520132
02829995740
02833474571
02816484173
02616899752
02621065589
02442126192
02273798610
02302473264
02260666060
02133774033
02160688002
02064452290
01927576016
01833093917
01660038081
01644703106
01377967301
01413621970
01304874141
01082948543
01146176945
00965257037
00860882977
00820877921
00690986033
00678271100
00480054959
00430106360
00203781228
00052377938
00036823155
05573506978
07882921610
26639605864
77284780010
09426743677
48614386591
12421671884
54783763020
43318703320
30146266862
06602828363
27622416851
08022043680
13034297645
70337421188
34487869854
27963997889
30431753873
46014206876
70043856470
44940096874
73903930253
07770791944
22689499827
46799791860
26183178829
40552723835
06448505903
29013068880
10068102852
07041814289
35608216814
70759662274
35417807893
63046016549
06861568465
07633639954
85545457020
04518914902
05386832956
04704526410
76114813987
09802561940
93361009200
42122213817
44140496878
27600146819
05925678931
06643983916
07382313980
14324488703
05385460931
09140002764
16397064700
12887462962
98487353568
66644364268
25798591875
15463116610
10391988999
12153145902
45217917865
13957308496
15220498789
14676581629
15261544807
33047021805
10165464917
12278595709
06127028124
25862363866
35557076808
27993560870
69037035949
45831395863
13594306879
94701024287
70848605250
11921149906
09056485601
26773480809
22649338873
23477298888
53908744806
47613292894
58839887920
33015365819
11404954708
43677008875
04437566190
05177765539
35871358861
46187368878
07568306720
39762901819
70268628475
05102549693
89279905953
06377694903
29827109863
10024457604
34187784888
07123844564
07247436930
11434081605
41469138883
75032007153
35672965822
05255866601
05694156161
59980427604
04770363923
36778501855
34814090870
07344048914
07294852693
13110893657
07753787985
42676543873
09258360958
23594264866
06579697105
06691845943
05449446152
06398351398
37247355883
34445938807
04711176500
07690034942
10642057982
14119379965
47789018191
48061000210
04246404144
04119446735
04145428943
04036213997
03913004408
03803618096
03676638999
03644670021
03552402624
03417495679
03430895995
03391904267
03329548541
03204280365
03184261107
03066486281
02899236032
02859961186
02811196196
02655965051
02691891143
02536614557
02348379007
02317568959
02258995159
02162933918
02080993445
02099569096
01936699354
01890919080
01836062567
01639529900
01591000629
01551008076
01220028223
01217163174
01131566777
00980253098
00948572965
00732798973
00546923003
00494618930
00449979229
00277237041
00351951261
00176195050
05202093462
77448057200
43392301892
04384291094
05307286481
08834992660
61216222371
70033481105
50541366068
05849848983
35884388829
12608737730
40886286832
57135983149
44121730895
11687502455
11784381713
07555465981
07998824964
65766784287
19287338833
79820379920
06309679465
54893402234
16814191652
21970909846
05732014128
27816952899
61902306953
93080492153
27390062843
34156068803
07633651903
13156302732
08436581695
38229921865
80093749970
05065249148
34794957882
06697195959
05978280916
09811480931
31285009835
08986132990
07060617990
06072891551
11397975903
19852216830
86098853215
08516665909
09263702942
30903595885
77987543500
14299469623
07130801590
05874169555
70375043195
06286045210
14307115740
70804134197
41627953809
12035054931
41489019847
27974018836
04396158955
48016579825
05647182704
05639497670
38877942819
05628906450
32566848823
05094381210
06626592955
69799644100
47942176843
08598982962
08590637980
37681896864
04469939641
12278721780
15839287741
61283708370
05135493581
08334308159
13234202745
11599122626
35500794272
10187567956
15837746889
43313516882
05672701302
13494188629
08879643975
04934395105
37927270800
10529086670
18855748866
47690452809
04397923981
52790196826
12552276997
44833871890
15878810719
16750836810
04550499125
08152961850
04710530904
43971686877
05727123160
12121141758
09927098731
08329713830
06219491408
04828736719
25033480847
68482310291
40594393809
06555531851
12357924632
10551929642
07279297129
13711457762
08248238938
12797171730
05696503993
08853692545
51278616829
14180856697
12036918905
05315313760
96087307249
16453238705
49083388840
04822462943
12655448910
89561295920
12240423609
12810552983
04462984331
39713824873
06409358504
14693770809
37613241890
08199735643
10215043600
09088818940
11492140902
26731638838
07518160943
13160688704
08477774994
20274246287
09746782959
05173834030
40908312881
04247001582
03978647109
04047556408
03863406095
03879005940
03862972151
03695852402
03555342401
03541291044
03398405010
03320945025
03364726922
03288287269
03231938970
03167735066
03060817928
02948209900
02925932010
02823256032
02787258484
02733210998
02624017038
02508604909
02502218535
02381375112
02318042969
02219067700
02154436919
02156033030
01932007245
01950329500
01870634357
01725729407
01694802167
01607407205
01407606522
01414114737
01301530360
01121239021
01082307912
01041616201
01006603980
00814496237
00738693928
00729481085
00549911537
00499770757
00458274780
00394123930
00147515262
00073134031
00049429221
11859498957
05493906180
61599552337
07921539955
07068289924
10095751637
15543306881
07239553795
32016239204
45006768649
05828404571
05860651996
07155571733
06725257127
93645244891
92100139134
30407035877
08424637712
33580471805
40097864854
08677606564
43600977865
07279784461
14148368720
90085167053
05563382788
06884653159
13893006842
60705598357
11338540602
07201480650
26262337814
31866545809
06993003635
27475180867
11116504626
41946657832
08094275910
13053258773
05265730907
05575889602
29526600851
43938181800
78119952987
08566031989
35840584819
92815642115
10968803423
96465620006
16190894755
43999964987
08446673827
08528988511
06891181127
42636610871
16064971894
09111536403
28642276819
06500475402
05768307710
21395976805
09118210821
13495962727
06703602956
38806196898
96582405268
07258434976
86248571554
33006241851
13150922984
71093496169
08168230817
12029233641
08034421731
47425326949
29473333811
30093269803
76730999691
43425027808
28791387876
26320584149
92049281749
09385639986
08236392902
06327148166
81881983587
90194330320
93042175200
09384454990
05156811132
05461423973
94770646020
10249205777
31243265809
50032533896
06449899980
98486039568
43951002875
08311185719
07109649946
11567483992
08232627662
07332722151
07350514700
50781643830
81038917034
06079773961
50623669846
75771152900
05237905625
28381062870
14323438664
89251652791
04700569913
28959547808
27050148881
45561422880
07153854703
65367103049
35456982897
13606771940
07803024351
25241675850
34379090884
70631484949
32216592889
40682702870
93424531391
36626584880
05754406002
06606666937
14534136773
07408107401
17125899706
45095640821
70882311239
50345960831
39364024850
11725600994
04348778590
12148860941
42165209870
04712701994
38706739822
08571050600
32040233890
89221591034
68521278268
09488817984
07081117180
33176275811
32774601851
17086316741
07420492565
06885596973
06267891682
08826525404
49113748882
05420691647
13271766703
05711557661
98149687491
06411081921
29015448353
06311492954
53342872802
10566638800
11415952906
07120175858
10354246909
94818533904
07478932410
40277419867
60111300037
04679516160
06923048940
04813966918
38697186846
06714445652
36653730182
40249639882
16556987700
43445000832
12691031993
23773766300
04581381002
11254216901
60852599307
09800871985
89984625915
84442808015
29546576859
04108686985
04086162105
04086270692
03972781873
03856467041
03857658002
03791448161
03677973058
03705573799
03566705209
03514298327
03507472104
03500788661
03379249610
03392028070
03257526300
03254351118
03195792044
03077786060
03057830331
03034398239
02897829109
02860108017
02794894714
02739652712
02649650001
02687210099
02570595047
02550775139
02462708537
02414862386
02283872057
02276997001
02185193031
02156114200
02148768611
01975491017
01976649030
01948240041
01880663066
01776871260
01768383090
01762352303
01633106705
01417448474
01269073311
01268883450
01189404303
01101347104
00968241905
01002536014
00838891080
00750142111
00624988007
00592334007
00488598184
00413227979
00320396037
00199007080
00131493345
00018927629
07329731803
09467741709
05188864924
08231319395
11984199706
63237830968
42598669827
30996960805
33526517878
95077537615
31695878892
12015322809
05950768825
18359263809
94507040230
14491985898
18128988867
24194847890
90774531134
11012632881
11198165723
64036634020
37335708800
22885764805
05620290794
06563281931
04506078012
45625389888
10844030996
30790466848
05532151911
10067888674
07936740503
04746645540
20253178835
13250494682
38617624809
10172441978
09427224932
08147529694
42348295873
35290040811
15841355813
12770378929
78590299953
09840069900
65600118953
70832847259
07002919628
97800600068
47027829835
06272581580
21698009801
66258049249
08701665650
06029706101
09258133463
06956175401
04815582335
33294713878
09940489986
05907364505
11517005922
08104729969
28930523803
08402059708
12847754610
12315856680
42090967846
05211834488
06852526984
11580509843
17629149727
09648112940
09495432766
05569832467
18443440880
08936750917
05654889109
05532991235
06366143951
70897629205
15317355842
04475265029
38064238811
09810295901
85338257068
08832237750
08505920970
11250959977
06372558793
07511658911
42017215821
40604989806
46419466806
09563596986
10600294994
86050666520
08331511930
13214081705
04841487964
74505610349
05487538905
38288531881
39430598805
07797464901
08725092901
04888802971
41687383880
05385023981
73326054220
47589712850
28861021808
29567541817
06178241429
06309221108
66800315672
70690923260
07277511662
05377378121
70321100298
06058765331
14692857706
45833566843
74624377915
85867407560
46725780890
37817386803
61473863953
05855255360
70737006293
09843226712
61359530282
11420975790
08631935956
26498311894
93019521149
37449219808
70210151196
54281636234
37794573858
10496485440
06887748908
07701642501
94437645553
61393924204
06193533338
38181773845
21439403864
04768690564
05413477481
73028754991
11983260932
40298648806
05238276958
07671228958
82565775415
10495885924
08612143900
07566437321
09455377438
34591773817
70354033298
34277009840
05970829951
40567219801
06372826470
35579004877
40138169896
40521712840
48091359934
10854144935
12042934496
15991307695
40782361897
13736983816
09938919936
98805398934
06830815606
90901762172
04369455170
04761824093
16011852785
46798297889
48212620883
49424972806
13509058607
06812284408
41647597803
14464146988
39770937894
08786669400
09937910935
10034069984
04792609151
09792634924
14420151609
13025828790
07174939546
42068734885
14836925827
05493125951
44966201896
12749124662
10859992896
52357013800
04873486998
83636170082
09156675925
13998458700
10018436900
65363272253
10699142903
08430785965
30049352873
68274670906
06336126935
05962407911
04277455433
04246001376
04197430906
03984771673
03964297186
03969434971
03891381000
03819755250
03816700586
03659452696
03573735029
03643631189
03529595098
03474998137
03477141105
03360438566
03287217003
03354321156
03282190298
03209590150
03181941980
03075566110
02987327935
02980616940
02883165416
02852188163
02832549985
02679829506
02681492084
02703575050
02588689027
02537014065
02561141454
02414613246
02333312980
02284177328
02218045010
02202136070
02176095030
02042301019
01994595094
01985172623
01827004703
01826767223
01805043714
01709889373
01568368666
01564493075
01352033097
01342704525
01350712914
01157437230
01070593800
01094210277
00979071208
00962729965
00888978502
00821485970
00685035042
00727480529
00630961379
00543273938
00528629093
00366383906
00333173210
00274358654
00100916961
00119433192
00081501170
68305109615
46849496808
09772963930
10551742909
27112999880
06730662662
58234616153
08615554650
04571708599
08771518495
05511006998
16786210805
88331326920
21831992884
36667967880
31953082823
48125569880
10737002913
73035963134
05839616141
11542994659
11823877648
05537030993
22428533843
29127504824
14622877864
38233888869
41048748847
04792463785
94703647915
44961640867
07137284507
09586135918
39635355807
21872473334
13899054970
04614914195
45230308800
25070358898
12350949877
47321075168
24842489898
20151308705
08307746612
22337088812
08727133770
97297143472
07177253599
07286721623
91382467915
11828661902
13266474902
59463929991
24960239875
42533127809
05843873935
37862895819
07814055997
96956321904
26999732892
08919709670
53752590874
23799517804
22002433836
10576637947
13063853933
37531849852
94131392100
88295818953
10010013970
06827692825
35440151885
07858847937
60898256380
63454432987
09160465913
33036694811
95026274668
05136691751
33971439268
29568613870
12366996454
16079832658
78249430115
61013455053
07592053616
06244481690
06030558935
99481170187
08581288707
07021552840
33408910871
46501610885
16222675832
09310624620
24205887892
31524873802
27914846805
98973584715
12432486617
10363764941
18100033773
50134244885
05257292670
47725311904
09304845920
31326607871
11678203980
93205465091
05600572964
06515910584
16608989865
04301424989
10680082450
86774310982
31144096871
36656599818
53849663000
26880429807
36349015860
06068744108
59107839987
10534106978
33102560814
34400572838
39940780087
10628449984
90240316568
60871423120
49601637800
36321309818
49591134053
14347142765
98171712053
21615016821
09662322914
41241939802
08759255102
14033768750
32787633862
66250064672
09595001708
09403020989
46120094873
99348713515
34132346846
42570273805
36381388870
17382197719
08873701604
12283918405
10280485999
05029892540
04612383222
70049322494
41323657860
15418947745
11033426814
29006518832
39854280268
38565548821
04483246950
14991158818
08148067678
88303071068
51611314895
42981871870
08986307979
44288172829
26503287895
28284397803
26078400827
12141478952
51719335885
08775995646
30156286823
39764318851
07784489161
12717810692
06481653371
43670872809
06501004179
29882947808
25451215847
08090547109
96542780220
05651906959
07483566906
07660835947
38319513812
32819734855
13716309761
04472423855
15127870940
10146841964
10487566700
10850119928
93137060320
11518514936
97889318120
08427037724
16977135808
17802308771
25659729894
09352947754
10289099935
86694219172
31707278857
50507176472
47741225804
05714258606
35140665824
52845761287
08254433933
04608808532
05322894632
96804530225
44680004819
04315870005
37417038859
31446028844
70837090172
15875554762
04458822985
09907230979
07586054550
36028127825
51483681874
04466707901
71102184144
10670576417
10083037551
61073578313
34169919823
12410666809
41987001842
08040647843
13204286819
07268403941
09502199758
40351083839
08451022901
14080019696
07899697930
17782004780
05311386070
07020285414
27528916870
09356229422
47928055899
70027853209
17948386785
04914914336
05073048962
33710069807
52852524821
08762494708
15302967499
18254617759
45386687883
06868337167
50686465806
09196379901
92828825191
07645765933
34654738843
08912367404
60263036340
04249104621
04134488605
03957175402
03903100692
03793013189
03784420907
03626073203
03585543065
03507671905
03443660223
03295498040
03312548080
03196226220
03110498774
02984277961
02970110067
02840092026
02839078511
02683508093
02669754104
02545539155
02527756000
02402902167
02392733112
02231500108
02214758186
02140508319
02150674955
01968962077
01922561223
01866789597
01693503204
01755073925
01685568041
01483851095
01492183202
01395547009
01211241505
01298434904
01199696536
01078331073
01029429782
01029696047
00914970194
00952636085
00886119308
00722575122
00699521084
00713712147
00654416990
00690116217
00637648064
00501580905
00468066950
00484289063
00311206603
00321677501
00203465067
00150251106
00138842558
00092200036
37333806812
13437446797
92058728068
15597207784
10307518973
06176093147
32208838858
09482922964
05671932769
33812912899
59054654287
11846133467
60344938034
05125764914
81061480925
95014209815
05788967708
08162724842
57132283391
31921110899
11782144862
43428271823
14593911877
12855045851
11655662732
89003209987
42772289842
09106424945
14038058654
12511025906
32740518889
19344437866
37455994893
09391105980
36808227829
19032561863
35030652884
25782302852
41154052877
29943522810
37393022591
12996684885
93515243453
51961679272
06578644474
88097668653
13881832858
37464413822
35506867816
06243808904
05498047908
09802385956
38296132885
93348282187
38580916852
06855553486
39363841855
05554655947
37532221865
04939844960
31774764890
97851400082
06245132118
67629326220
07812871975
36066797859
29473236883
11084745860
40740604856
65609727553
78612241200
12438726407
29591365861
08458655950
71528865120
37949768860
41602035822
05262431984
38641298851
10099325608
40968877818
09507190996
72859903968
12974972608
05041343020
32211542832
45391670306
46425061871
07223822198
09341041821
85405523968
10644980788
80787215520
14231114862
04458769057
37763790814
09189119746
70700685227
14802322895
50731229843
45506115881
09134161937
49675424842
42018724835
48371959893
46624758805
06511721876
68540701553
80160760259
38887226830
04863776950
29576606870
21572714816
05793038370
39096556453
05107293980
35818223850
35906766200
07248699993
07527973951
49559027824
05367820913
16628166775
07009983909
36268930819
16444360781
04581250080
97191884215
80829198415
57204489004
70592809102
41525815814
12684588724
11604334452
30631634819
44588642898
17985306781
04378659590
08294789810
05305472954
04301859101
08627340960
08447333930
06361826147
88518442400
06806485936
12080630733
27243726895
04304053248
10336983930
46655466814
06023244327
10471309982
06142548176
37965156814
27195062813
27128001840
07886318960
12257692721
75743299153
10149567901
27038443879
41301311847
41552800865
70320372405
06888786102
21893183866
05216243208
04850923526
18784749792
29578855818
41318738857
31319862802
05249779506
07520892930
54002513823
06464567683
09000069947
04532087112
47256243812
10139375970
77765699334
09345644938
47307747871
08556412904
14968276788
86556444049
06240463116
82431574091
52638460885
09117134765
07311471621
10292002700
06142078943
06060401538
10200230743
08680649988
09719139943
39247665841
05062895162
09928705933
06539393962
61829323253
07026729985
11139703919
08556548997
11392066999
08079363757
10412612682
10123875773
04617737081
05779666695
35504802881
17986909773
07799021578
26345747890
65113837920
05855035409
83576550925
09032103717
25895092861
11177856611
74043374372
48161332835
16267228703
47382342859
98544594115
11349755702
09566272936
07058592900
17342959880
60286755394
10101666896
09059762908
12871768790
05224143705
09823854980
05940269974
14879547603
28905950809
42702197850
11701616939
06368463180
70022591214
04734553904
08597672994
51086319877
05304206940
09887009997
70576061255
12431430960
26755749885
39165238800
06165828540
07037124974
38588181860
07509745918
27598606803
85895477526
46567922842
28939259874
08926860906
05177469131
37959027897
07548110936
04900603155
07489235510
44418075895
04372899580
04828177396
95067990244
16194444614
09682947901
10808420984
49246033841
06851647990
09158841946
68367139291
86774514049
39224421881
15025656419
31993873813
88777545320
42036954812
05742888139
04451304903
14339081663
04787141902
09132372990
05402029164
08550162990
08592006988
04249642100
04203777194
04233350148
04012921690
04000134604
04022271078
03966405083
03917629070
03950278966
03872754360
03813674100
03807225420
03748932251
03745395026
03726130209
03612836951
02056342901
02118966083
02020358085
02069536076
01995861103
01928016600
01925444112
01887847057
01786589443
01807113000
01709448083
01708494065
01671198000
01632113104
01665445157
01628987030
01508658056
01444236180
01391648986
01366511000
01312218258
01231620099
01214484956
01162504960
01100755446
01082467790
01065047207
00945086075
00977957128
00849070023
00746071973
00687174074
00677692927
00478319282
00482718021
00399417010
00366042912
00271387041
00290632137
00138123004
00128684186
00039930947
10426398920
08223723395
97805785015
82863768549
75473860168
70297778161
07605425970
10695944908
27565131806
08743433995
56220758234
90983831300
06105230907
12992943754
13211593900
90728327015
47864641806
07176324409
53442270510
43633208852
10125916973
11149143983
06775932952
54430348200
65952294391
08047572679
92865607100
94428700253
33625445840
85838584548
13584188458
43843031819
32106900813
13141459835
85300144134
38851966893
98796020210
64154750968
78712823520
06142972903
32086815859
60002654172
59082631172
96447575568
18158339808
81050968034
12261814739
06745612879
83044752191
32768518816
38216021801
07334337905
84196106072
07291878969
11446184951
90143825968
13790111759
70052977250
07684561774
06846929967
92445551072
28792786863
10906927811
92567681353
59295252691
12641735806
06487982911
05504497957
81588550591
67543332000
91605610500
41086502809
22082977846
82027293949
05101750905
66164397391
10074717782
86114867220
21300882875
05928647662
84482494453
04412973581
05590595312
27745041805
46710249859
78895936272
78602084587
99475898972
73021644104
98457578391
76064123168
83835245104
25011257894
83592296353
30307272893
04520413419
85155420130
04316213903
59558091120
18572897810
45384838850
95383840168
34917877857
66233801591
09093495925
07270574995
08705483956
40821795856
57221022100
10886299705
05533173935
55688160187
46371877453
89285654991
61653993200
93182635115
33879109320
40549008870
68970862234
43413675877
84674490120
33581510855
09953737444
13797578865
97981303168
09625341960
26558420813
82209910030
48553598829
07070107994
51917977875
30061534803
74605054120
36300158837
60905646053
57266867215
10316862401
86041231053
10909470464
10301032912
81984090097
61299403352
04331714993
10601993942
10693861975
85343846149
80210295015
46676362899
05891688433
04522138008
86828851404
09989339708
39754849854
07472805920
39420543889
69287511500
21942710828
44111718809
38236101800
61756772347
43057378846
08302248665
13541569603
05101410489
38123592353
92057667987
81656386020
93761244053
42631581806
22300923831
05609988136
47089650871
63342995149
89807634334
05663163905
38768747349
04504121131
06941420855
13828879659
07911605998
31501034871
90293711968
81954727291
68417969500
06630325800
14659860736
70227482255
18377007886
63480875068
81130333949
20513564837
06575243606
51167794168
66954355020
40208516387
22625885890
44234171204
09312181955
85876437034
16674693987
06681179150
36423287848
88901092620
83647023949
63330644249
66702992300
40822079100
47504319821
05511333689
28744849893
93203020068
62088793291
36159319809
43344131885
61166405915
99533022191
12854508416
71330183142
18365452740
11874338450
80506674991
93140258020
94630232168
41212565819
20388032855
32673904867
07187005113
82961760178
26237922830
08967176821
81996446568
50355946882
70677847190
10050916920
33676958829
11634002970
11508928622
27978022846
47751209801
06781143158
39885936807
82264066091
70199697477
07387447942
06101847926
17711999704
42135499846
85105627687
87888645534
98677420100
40652620892
09151065908
11018463488
38148364800
41686329890
06941487410
08851762783
05506854994
52789349053
44668976890
94676038020
10972735984
04498016165
04783063931
45218154806
99260220068
06877454111
10032003706
80093479905
36203300268
27806913874
07042368851
27035897860
60629129398
13307319990
08359041806
80231845391
91670314200
65854128500
70519248422
38487472869
10553439979
14631039728
85993158115
05095090961
28646130851
42791149864
90792220030
99121336768
38283324802
37768773837
90521854172
43461049832
70104852160
08978306950
41464457875
50079000444
93885164604
52722518813
43870551895
07902089117
59519444068
70686602072
15647215742
88071430382
06835576375
82402736291
10500558965
44215413893
58152482900
55801765115
19252014810
09151348969
70561087504
07194881500
07526227903
08292330917
53660420204
22392476810
96555041072
52598577809
05248794196
44856008153
78239222587
04380678008
45711773801
05934488473
47575499890
06451218197
86965441704
10809519976
17138212739
26023553800
62440625310
11524412996
06642473930
49486903840
27737118829
11086615484
07466032400
48212164187
60507314620
10757737846
50052158837
62121669000
86674595004
85727709253
11811931928
07110826937
06859079614
37711855800
34246312487
32231285819
47158453855
11459181824
48477591091
60169338134
91785383949
36598681839
31549272802
50851676863
08699088981
86276450197
21588547825
42294099826
19607251814
70037091204
90297725149
46974732805
70858063034
69580723672
73264296004
06210811167
91761980572
10583175988
12949860907
73525790104
07543357984
61969239352
31512543810
52514064287
04414599008
10209146613
75345196249
05392915108
25491946168
11407305760
80919596053
04555469917
13814285840
30733922899
45217914840
08292670777
64561470344
49337652862
94461600653
06424894756
11804804657
08644301918
09909424908
78728886968
29719806850
31516054865
32801544809
68613849253
45983623168
40478432291
81170572049
07597186606
90722990006
12595509829
35141841863
10267169930
08481187828
44590096846
07799785608
06942556963
12407779738
08453833966
44596242810
09662967966
95736557215
20061796832
04307723007
14240316642
59093080920
05697402902
08778994446
18474220718
17649512800
87465701449
51815306807
07645011513
75209977153
35220342878
44352518840
14719155812
92460755015
16379297731
64992624987
11153194422
80886361320
43710132878
19733730840
10599462701
96095172500
12990498931
05214886217
49320350809
25027304811
96214406100
94516014068
07797773106
27971666802
47417030297
12657148433
44317959879
08095366927
49309161949
45795098892
40755195892
85587710068
80797016449
89505166168
46896496851
10170975932
06093403602
13497210935
05196926160
34714717820
51848031068
47453860873
69177775104
98896822904
33773555881
08104747436
43427227391
76657310234
27700904880
46341175841
08585211997
88627683972
84132442004
33488530876
46398387864
37460325805
09094558998
98100394504
09497020724
37734093892
36603717859
11071535900
27335486890
87397757049
71183511485
35105664833
89147049120
51814676104
65155424020
04808090031
92639569287
60757378390
79340636449
30157916804
04677461171
06472329958
41308750862
06015685913
92501826272
07927781626
70392919168
42339909880
41609320883
16533360728
10056277709
07717078945
08030253940
80839010249
70020415257
41791578888
70672726459
11999168976
34073766856
60523889356
16229528711
07978692639
39458646820
93864329353
04911295139
85749907104
10363681906
13776939613
85953369034
14052820614
43451695855
35675915842
82971587053
46271835856
80716962004
73345245604
04520510961
82573387968
08524607912
38200586804
49884754845
09618853942
09707110937
08025463907
47203381862
69965579687
09976131658
85261190100
60755510348
97909572034
04615501056
31496000811
06193614419
05741473148
07456147361
17789604805
85760960059
12746328704
07029372158
08719533900
26019521800
07739528617
05675074163
09027531935
55508065091
47624369842
62505394334
62941319360
28181493800
05741894917
05270199416
16575033806
06712308674
84361816387
65285557100
90165683520
47930231852
75728192149
16491579832
98619233300
63088282387
12184565903
13100358813
05884903189
11293081973
07862221907
77991451100
04805319941
04650757975
06048004958
61933155604
43119560880
10246409908
94842183934
08089754988
89608100968
06071054532
39831852826
06416997789
70113651171
27396917859
65973798372
25667994828
05703472970
04353402986
11745808957
10196335906
05942434913
10157820947
07652595916
94887195087
42828830144
12995946622
10180367412
26482347215
47367323857
06720457888
23580201840
54058589515
06362360133
92837131920
85093114049
88513955272
07891855986
93455208991
05871747906
04699075509
05587765903
73107654949
46550570840
07574501998
05542951643
27466733808
37082333870
07165938907
51436270871
31352246864
97283614753
05085778103
34387961805
30897252829
10674653912
05854808340
57698732053
99139677087
46480591828
42695437870
39719796880
99585146215
44835141806
98581562272
12908822660
47528894800
50759477604
70384846211
40842827315
44696794881
52302610210
10210467606
96307200278
36790335838
05236747325
36044747875
10463109686
05677497460
48347438889
08133675901
88931536020
82117500315
97608017287
48237914104
77275632268
85931632034
09361565974
60126602000
06452504142
22908182831
05979240071
08782310998
45587632806
08426303927
45505695817
33512890814
70196167477
41686747896
75647036104
06351486920
04596792100
10406307580
80874851300
81914288068
06880989160
10978084403
93385072034
05016807132
42286675899
40023593873
04751462989
10649164903
06107836101
16932745747
40382162846
04560798311
06521225901
84307935268
92156525234
08823996678
48140526851
08699974752
14007171831
96331453091
07729793911
67751733004
85651079068
04359543425
07296109696
15833857899
11042719900
07105791608
35490254831
07213078410
37596291805
09274793979
16204864823
67538592091
04616958041
35743387087
42087783934
85499048487
04692596120
13217269969
08423503909
68636539072
08389610701
82610134568
04411142376
99601788034
06301060962
11303083671
54893208187
45104813819
06378003386
11554325412
63714116087
07906020910
74074890097
06731799904
69331979053
91240140959
86013807000
38538642871
04422296078
06721827182
05417728993
06904631970
62840029987
06989326336
07810417916
04302449080
95521348034
06613627950
07041952916
05713610993
10012704954
11016986408
06390677944
04598263105
08001466973
04326015110
12765957436
07352203958
05860579357
71357246153
04309442927
83593462249
29367417500
98168266153
73207160115
07620954406
92250688168
80349641153
94058113049
04371587054
04625310075
08755407919
88309762100
91268648000
08458099977
08585900938
88218600272
74522442904
85561584049
99406560097
57133620944
58402519091
87713853049
04697675967
44568125839
04790416950
12152901444
56246269168
98923633100
05391445760
73134058120
80046444220
85743518068
97043397049
58613625215
94818290300
43568226847
93834195049
07421421912
11367596971
80461859068
08583376905
83529667315
97311022134
07599516913
70115567291
11126187917
07633100850
85003069987
09796544407
75400944191
29703067867
09682784930
05101393452
08030296401
39127034852
70812709217
43569510000
71315555174
11090020929
61357124384
08537286907
52283127904
09259173973
31652123920
67357849015
08327926918
98484923134
05072551946
84730188934
06587093990
07914728926
06519308129
08816162902
04386709142
68249136934
68618654272
95995218387
06812679500
44965958268
99166810078
09693231902
06120532960
95208615991
06585440986
08961213997
38032438823
04988790118
38691962895
93428804015
63336693268
05159533184
05680401983
06122352381
61757131337
52280942100
57256209991
07663985109
09648729786
99574640191
05130634470
93817320353
31239951191
83387005334
11548604429
95581235287
62194542000
61073892379
14458274686
13521698432
05336351105
70052403408
14554993825
26074818215
07804775962
04293627065
83093150078
08932536422
87936747168
04294479060
04255745552
53792289172
84717297172
04291739974
45239797072
04284775936
04257461438
04251923936
04242804938
04198578001
04221584106
04209102806
04188872926
04151730273
04183382998
04187272011
04149634580
04128852040
04123702120
04079430132
04127497009
04116591114
04108354044
04055134967
04074560070
04019755094
04029460577
04006568509
03973340013
03986124047
03972016050
03969846145
03948753113
03950631089
03913977104
03948875065
03901538186
03887303580
03873441012
03871734047
03835279025
03855700907
03834461636
03840569540
03816536689
03826418093
03813535088
03794358104
03726685006
03748984057
03695430176
03686776057
03656303061
03651653447
03658001631
03659023906
03579649000
03546771010
03545971082
03550267673
03540436090
03493157010
03495006303
03517558028
03491816599
03477832957
03340265399
03365248030
03348508789
03274337951
03258565163
03078501965
03059017611
03072251193
03006111109
03028341921
02978143037
02913524990
02883501971
02864369141
02829454405
02757059947
02748532996
02752486901
02704007969
02685983120
02600264337
02570504424
02528364059
02531091246
02524393330
02518942076
02348434032
02407502418
02403705977
02338044207
02331564108
02221406907
02232204006
02121618147
02095655940
02006509047
02014490996
01982740094
01980608580
01920672907
01905057024
01887676066
01883074355
01828906000
01898076103
01828437930
01748172743
01772216313
01765950074
01681917092
01683494180
01666206709
01459202759
01629950165
01577496060
01538779102
01527689123
01484228960
01452575177
01237336180
01229132210
01262919266
01225684277
01182553125
00893959057
01063668077
00861772903
01010563386
00971899100
00930017030
00840478283
00910818231
00802424139
00696280256
00565242008
00642997080
00590281062
00652600077
00476318050
00487792963
00440103037
00396252907
00360402232
00214907759
00218247036
00298931001
00236112007
00205039030
00195666542
00013654799
00013248103
00082700230
00060520027
03499911035
03442181046
03413628160
03355967114
03354994061
03360242157
03285711051
03261224002
03203477459
03253001008
03261056975
03222508038
03194627490
03112224981
03035219290
03027353721
02982657104
02883507074
02888363917
02777309027
02767095199
02828136086
02745024450
02737969689
02727784198
02671548010
02661468137
02588700012
02582644897
02557092185
02561685551
02558389050
02558063103
02433405246
02425896260
02390141978
02359314548
02241409901
02194470042
02184529184
02160918024
02145755004
01997071037
02112347020
02070473163
02055541307
02049387083
02038441901
01960446002
01995691003
01987071000
01953145060
01945894989
01890226980
01859664709
01863306005
01920638121
01822975190
01777894336
01737377063
01748536028
01766670326
01711841064
01742410030
01698816286
01726197930
01673827055
01578608686
01530679184
01475283130
01453909001
01438226241
01428099000
01474461395
01290358079
01277752001
01174003944
01219614947
01260660940
01251099971
01182114040
01089182201
01133744290
00993405266
01022358138
01041931239
01038242193
00991301064
00953897257
00948087080
00940439905
00888377932
00860767019
00851392202
00774071214
00724083910
00792044142
00702502006
00671849018
00670718050
00687043050
00591957035
00559263120
00594986095
00591509121
00591269228
00588411213
00552212032
00495984140
00488558042
00422039969
00457365293
00345460227
00320454096
00331484064
00216596564
00076932060
00067951023
00141602007
00088556255
00090429206
00001674013
11900641976
29635445881
01345520085
12435640676
04912709174
37324503845
01795729546
13793840603
08709658912
39472543855
69389829615
15686046700
09731034935
07131649996
06627945916
27227286215
13103897995
09707195746
35705928807
33102539882
35941161824
10830991913
02608026460
91740606604
21942549865
04994492310
54179878836
10182552900
70870127209
35980543864
08212471900
11735826731
22673434879
41510783806
05235192907
04849122248
37116840842
06516310505
06569850113
11176390880
09244597942
08989511780
29525588840
09852066919
38726630893
08612034965
53931754855
09605849780
34093391831
08259535963
27071218862
08678091916
34983713808
35610428807
49111456841
09952264909
06579904933
07068073913
06580614617
14061410709
12521992607
42439989819
09278334928
38945925830
12254888773
06249142673
17996064733
60217111220
07370104958
01366353935
86531686561
62298052352
07593172759
14559968748
08124415919
24973373818
07134796809
32277072842
03085285652
00389245798
01771682000
30327414839
33551056862
07948288767
32445733200
09060130626
37709438806
10056806809
00591540983
14221273704
30327919876
16444844800
15350358707
25742689896
08863892911
78976162587
10962873667
03830682905
41765650801
08308536930
47224065889
12158350601
18654139765
12535965739
21991712804
10646703935
45190673839
38030818823
01726735265
07730778637
48599316885
07987458945
33286731803
34306296830
05471137906
85738140125
35529395805
04537596961
02413830561
00606237992
03105042954
50442210906
06968175940
11905378939
27607800824
08852971998
85973718034
07996740798
48470815873
05718887713
86145142987
51114143391
42952063850
42299663851
30171379888
35869223881
02711686094
01391060490
00697245985
14318175626
31680146807
10645281638
10196690633
09676397946
62538713072
12646116764
09576760690
24959262826
42625168811
39716786883
10506630803
08546201927
46282842883
04125645302
01963991060
45365228839
41453527850
22977072829
49493021831
82734356015
05479429744
09561938464
11765988993
05130221982
16020239640
29621693845
04405600120
37856076879
46665809803
03729050133
31211026809
02142763251
44950093894
13860459856
08350202742
41567885802
08661556783
26355912886
12768402923
08718401970
05354525438
52949184120
48941829801
09617854899
12805179803
09916036721
07155372960
37047494863
22822246807
02534491032
00525750207
01391045262
05451764174
97593079104
48087261810
10109103963
11721048758
31872191878
31627999884
41389906825
13011651744
38240921825
13968676866
10695727800
96409037953
39262353812
30355308827
16354609802
69248397549
27070631855
42429726874
03452071227
02704108560
00301465690
10603035744
11059577992
12138731774
10194803945
05833592992
14832009737
47382787893
35305524881
09206777971
05924779750
26148016826
08681915908
09751902967
12789982686
06426960128
10855222700
47489570182
35566718833
81054106053
05303083390
29448033877
70267059205
38041329870
07801728505
42750321875
04058723998
02558213016
00964551012
06415018973
41173565850
40608428850
08138061944
45005827897
12074075693
06207575903
07470779671
11970688645
79673066434
55539700244
78895251172
37751322870
09013223699
41968300805
30636480860
37963869899
26720104802
03026365017
02406477002
01228472530
08515585936
13379693707
10292315910
07783300952
45107282806
07726216670
30518058824
11794743766
18175495880
10089083717
12400685738
39635265808
36821506841
28259899833
31176029843
03399579640
02811039929
00528709011
01156326036
22477255894
05473016936
40388482800
07826802326
07235375426
06728788956
05647518982
95739041104
22446343880
33330944870
08785140740
05872670974
07587334963
45175519204
14277377629
07604321470
41231971835
35126316818
02407641108
00668604077
13343401455
45108462824
68420579068
06311023105
11794416480
15937761600
11914623746
36581139874
14025958678
08756195923
06268690133
05578503713
36123157817
28220586877
59445416953
35315024091
09096509773
69731748172
05228307141
04933345996
60941073491
97067806020
06287286547
09620216440
25343592821
36793254871
21854885898
16717648899
10159006902
11345898835
09845869890
15943532714
21443576840
51507758863
10163471460
29280237802
22189736854
03249091790
03220611990
03044236452
02831595614
02383104264
02051795096
01442199059
02287642382
01223228940
01237831601
00771841140
08640407924
05187658140
12784264939
05084937143
31029804818
11480450740
06086425922
04950886924
05325794701
05729609647
06829205921
07250438905
08075094930
08473936663
06817740614
33181834823
09931794950
09657633745
12605822648
14155005689
12339967708
14452853714
17377804700
29266986828
22312640805
09485834799
24616852820
26267933881
28261413845
25998408802
27991179885
28243501304
31584681829
33324887836
33267222818
33333862832
34888807884
36519455881
82370044934
40025058800
39769156884
43445159866
40714921807
42369224878
07594830512
42575609836
43799074813
44083827874
46501696828
45139153823
45385786810
45807692870
44856190873
45791823835
44539964895
45050088860
46733650894
46650890006
61187886343
70829385436
64836169615
71798137968
74422499734
74020994749
79168272120
90062990730
94222746720
03825327671
05941509731
12871327661
18749490850
29607789873
11199127680
10075927969
40855591846
09501682978
06484592179
45450649819
22589005814
19268867800
29412985843
10987451839
12730895884
09614300876
08395377940
32759602885
17271830880
50097723886
09529369921
78884780500
39063814801
42282839854
34079647816
36650209805
11902571908
05533471103
30354716816
08061402831
19292778811
28309757824
37744902874
34105819879
11803082801
40146691814
09807754690
32502122880
50924420855
38687384874
21310867844
38325073888
30593658817
04060223999
03717277316
04152367970
04228345999
03831463999
03645998551
03417432162
03688558138
03796479235
03071249241
02640893084
02864377160
02732847038
01470055074
01603684050
01952062071
00969573529
00442657005
00868794210
60291129374
06985819974
09630398907
05162253758
27619579893
08427646747
49596631896
09844237963
09739252990
08573465980
35008361864
13471380728
15397624675
09121785902
04452695450
05080899050
08027549965
16935449707
06988371770
15159267611
10123413990
22956212591
11289413762
05273306981
37030807871
11921427647
42679051858
70574213627
43732235807
37407177856
13382413701
11817149660
88938840620
43274093831
08911920690
39170191832
13061329757
06482565964
45215957827
08000846322
81616775068
12336482762
38377854830
12226811702
15773802740
84871580482
12019943735
14117612786
04756028977
05520470740
14491838755
08989166748
13490091728
09276758704
04934852956
21904997805
63726963120
07597105118
38491167862
37024588837
73603155220
41894536843
28468748838
16324020843
88606716200
05319877013
08689532706
09338825990
49380521804
30827761830
77799070668
37334803841
43017763897
15813292888
21370152850
33146589826
28882193870
46256315804
47536644817
06134344559
04319797582
41863025880
46957982807
25832394810
33159547809
06703748810
34292442851
22713112842
28328974878
09120011946
46053847828
48020882804
28452651821
47579246821
31346033811
05048955595
03788213930
03665113431
03470221030
03360129504
02585396746
02823978500
02395123919
02437320075
01449475604
01656769069
01639009060
01001209974
00553928228
00923514171
00781057574
04961872954
08881838958
12432813910
33487457806
85154890582
49127748200
36373024890
10915569892
16410999682
83014381934
71062254953
05603024950
12212843631
07042556933
30319953840
10571374999
41784640867
11939171903
07155782947
11132459990
12473221650
36656376860
44802489862
80149294204
16488886746
07930187900
11415580413
32298341869
05573334905
40134023862
10672921600
37045287810
13515199640
10654706905
09917440984
12115216806
10287120651
46856131801
47561575807
70950587176
71387510959
75995646168
31075803845
30661513874
41031377204
15225071759
05783122122
43322068862
14202589408
85821618592
98719122500
06463695122
84451718791
05788386489
13617588727
13152546629
10638413729
14821930781
29935848809
09923313743
09396865702
11442616865
09007076744
07759911718
88792463134
30209804882
17385796702
09576577900
13100272773
29804573881
27035426825
98624725020
29116472896
39588209803
08208208493
28991751814
05921675342
12611132925
71338202421
22855782880
08261570762
09449665788
57689105653
44903047814
16951234841
11162096756
18475356745
12694832776
15885965838
39791018863
34271243809
27719663870
42537811879
37792358895
38220531800
05236919983
36645155875
35245893835
10712246975
42308304839
76864430006
36982933822
33731528878
39277609869
12678528871
07100301939
45264331871
45145201877
49665050893
35561854828
05454305936
35079794895
04791736567
51058887823
04205387040
04043453019
04038351947
03323669100
03546504402
02955185027
02991367016
02954503122
02686316977
02405173182
01876668903
01890599743
01745347607
01232109924
01003939937
00908554001
00449115216
00716416026
00678859000
09405452681
06712156980
94974829904
30240741803
35620687864
45144137806
44711809830
09196316900
08115991910
09038948743
06668379966
10288640942
08204524919
06560739937
15788964792
06558590980
15409142837
37390820896
07666068999
74346105904
09625516948
12815641682
07902152684
10588506958
07778659123
26793056808
08137601864
49342101801
06111639692
40145663825
11346885982
13699316629
06061082622
10954939654
17749818820
56628189830
10246003600
08063797310
08658246655
11785131656
07657419547
06485431101
11788154630
34339846899
39231916858
08849832508
13204871908
14433339644
37816224877
08096194909
06776789916
32791725865
29338777839
67389600500
31094006858
39548162881
08977568510
05922947737
42988335850
16652345803
07906207904
06426951641
07463220702
44835739850
07322532929
86421760082
07463713733
12923019962
07693909435
16357371769
11897041969
05977679637
43940078875
51199815934
07566184873
70853282153
08566793994
68257252468
80767842634
71056918241
32799948880
04402476917
72446358187
12639772864
10095873740
15903841724
04684652947
31641358823
39531563810
41412889855
89884540225
43633367810
12689356465
34121066820
06895881352
51747260959
36629907841
12351030729
12049470908
14383366759
40295593873
36478346889
12824865601
70119018179
36601076899
06182192933
30503483800
07422980788
33911743823
06968948907
48851980896
28927314883
36832020848
15757586877
06259457944
92406475115
08037201813
46229939886
42908677822
32158598824
29082719827
35716127878
47961982884
33834480886
38980888805
32701449898
29812332898
07480548559
25168591809
34800953804
06469909183
27309586816
32981413805
36606254850
14183449820
29696869886
43696283851
37647349813
36696055843
30344386805
30787092304
52874840890
12279092840
38958959894
41172857857
39464405848
14273379856
40865663890
05185870966
92291600591
31408560836
43215737850
04248663740
04214327136
04002030148
03932963261
03752152630
03402399300
03117753141
03509305035
03286825603
02710873583
02664265903
02489033735
02380336946
02329543131
01911175360
02311699229
02151636216
01773052152
01626642141
01434164306
00978464141
00655043136
00376047089
00333321006
00085678759
42256624897
09491266918
10379405989
34636094875
41468573845
09084210956
75834910963
43806507821
13094059996
13645260773
10376360909
14073818651
61502928272
25157472803
09619533909
11871698898
39178228816
36020041808
12591779988
31448487862
88256235268
97070025149
09147991933
10216398932
21373217855
64884155300
37517445847
09148102946
41596809841
37931981898
38746587837
12905079886
91526213249
11287113621
12353488900
71721037187
05315466086
07647889494
36206072819
13760143784
25965828802
10275510689
50918823838
92628672634
06490846675
09498572623
97576000678
05677893730
07573334605
10020262612
08725538683
07477513405
05499078157
37539447850
09427395664
07204262514
21877212806
33258583846
08339550985
40268584800
09100803480
05513489767
10985027797
14473368793
07098220655
45891083809
08698332781
52723697851
07803642799
11355371783
19397196740
11176179985
84842539615
26020367819
11970793945
43422907823
06653891917
52330190867
09921374974
29328866812
75835606087
18961918788
50570980801
09980359714
18676231702
22345780860
35143029015
44426119391
07297288705
99808781004
79975143172
99883767072
11154453758
08320135958
38268514809
04773663170
46099865829
05075956106
11061233871
07021546106
08060311905
28383103808
29714718880
23021129897
63710994934
40549966803
84666765115
41415586802
37987312843
57644411615
16380418814
45677323837
49710293893
42197905864
11843202921
13002843741
32301481859
30437419860
13562369794
04988162907
35440152857
12461201781
28143123839
07266005639
08923867977
94537496134
36048823894
08237109988
30893119253
45558597828
12315492700
35188970805
14416371845
35412483860
16213816844
41761295810
46835891840
32289270830
45098776848
45248972833
28463081878
29556117865
36683394814
90239318900
39035504852
15817352869
26108800810
39898783877
11329628705
07773704848
33826214870
04393917090
21343353866
31984958810
07848918505
28815707808
13536692893
48057672862
34287577850
29786831802
86038192387
28993036861
30804023832
04311889984
41157792847
38483024896
44596030472
14230916809
32844793843
41957657812
15603578866
43450745840
32075594848
14854828870
53869753587
03977806645
04126443983
04093791155
03813213552
03495274073
03472261242
03226267906
03351761198
03296629700
03015678590
02792954728
02993501348
02773187261
02428313975
02691295028
02165649994
02270678001
02375973305
01584924047
01747034061
01629076643
01212749340
01324887958
01277671508
00710724209
00618131175
00672899914
16206048764
08149681981
05413780400
07308180980
08127910961
31240471840
43400644838
06841188152
51385277890
13072039658
05681771008
96466677753
44102169881
62348728591
10607967676
45679782855
08203124526
08906619600
13126009697
34988519856
05612547374
41171096852
10196835976
16023619754
07655848750
86284728514
10972436995
21581599870
47350073852
23481343817
09735130980
07725149686
09219872692
28371829825
15329124719
67227988368
33277507858
14923362707
10754424944
21952953847
06096577636
13837098664
11915956684
39787283892
08424238770
48006005885
05646908728
47347716420
06284989938
05736962764
12395610674
15191201680
22778007830
33104689091
12014167958
97729833115
10299109950
44813913830
06961455611
90687876087
82306532087
12819041710
16062393761
06053281611
11973375630
45257472856
16236936676
83579842668
10040788628
08621336618
07520164667
47147602897
45160710884
05699206639
70526602104
13824786664
49513373800
11491068671
28848483801
12656807794
83175172091
32437747800
46482032915
11872729495
10300323948
14840034702
58657738953
09231416421
81456360787
74604643920
11703853890
06198609103
25042437827
42654185893
05858378994
46817440858
38675115865
16525414890
05834712770
10844012904
08707048939
08694241579
27319589877
14142460722
25946911864
06091058177
10460283758
16516260737
05657211782
31660581842
08236057950
12257034848
38134257895
11834721709
46619089100
12278152807
05393657773
82898995134
28288138861
28775497808
05250842585
35096955850
39217600890
08900016938
10474556921
40651338824
12473168903
43819986855
08877333790
11707148708
19285457851
34358594824
26138925874
04996601108
06534467569
26265815857
25033534874
40384825885
09207062909
43292776899
33575692807
50819605867
09961709950
09696634986
04830159979
52101407841
15879102769
09914702902
29159561890
08505081935
09429636952
27496998869
06871867902
46184784897
15620846822
19161087840
16845135886
10151139903
41663911860
44902713870
05348669300
95706160244
23043355865
12975805756
31513040871
43601020890
35750334805
85773468115
34191862820
28904562856
07063688863
40793627818
22530112827
43548031862
42787942822
46121229845
26172413864
16208715806
42665161850
31855677814
41400995850
39185106895
15049244870
34901745859
22968289810
07501464782
47369936856
39834870841
09728215894
47174237800
39292905880
33066398854
14776638940
41348557800
36499452823
37042741862
26965667800
37486954893
11388581965
14527951777
47289506898
12730573763
66843561934
10029748445
39668574800
06538698948
45459119863
26962333811
33277646890
32674975822
32120063826
99300770063
42275517812
60699795591
27688050847
25759628895
50208363890
23502221871
06341702523
35107865801
07844264497
27832654864
04171809932
03847199021
03852947510
03840988195
03580590030
03762196702
03681102902
03250104981
03398045723
03183329140
02909420710
03089077957
02939522057
02789866090
02694770045
02639715119
02474629505
02397255146
02532973110
02286542384
02355252190
02297705174
01846267307
02084016363
02009000056
01530473055
01303217619
01440835071
01242966021
01063326605
01056230240
00791312801
00723716250
00339848081
00570693284
05524929909
00356537285
27077466817
04359870973
80156010968
47081847862
11030858918
05405455970
14740403811
43944879864
04395334903
04716557910
70080771904
12580616942
07864498965
06540183917
08707179952
04760393986
08221527629
91060516268
08751797976
75220253115
30377151890
18339612859
10860869962
12262602689
82463760982
05947396912
14968077823
12489095935
18071107883
82900914949
47011753826
08552027933
60566859343
11417470909
04306986071
91525012991
10579806766
38427952899
10727624474
33576350896
08009730467
97786543104
05846432506
06862320114
06897750590
76453707691
10073211990
31102857890
08261106900
07449818914
06601175927
23560123895
06162065936
06257912903
04759975900
92462022953
12222207762
42389777856
04951666693
07408601945
04361925941
44189870889
36402190829
31082044830
08116995952
11657400956
46375583870
83572635934
80694675172
73093190100
35852389803
09247115906
92846866953
69766398100
11225065623
11576035484
84755342953
14701404624
43243795800
76910415604
05404508124
07597300670
11239251947
11852927640
13394362643
91644305615
40368634876
09825964642
12981053663
11546465804
40902107801
35930854882
10979534755
13203402610
13502493600
07990100657
12140117999
46439326864
97038687620
13643907605
06609443408
72124547372
06436470662
94291861320
13914487666
77479793634
10129309630
10206869797
13855001740
41799914895
35135649883
87847949334
42324133830
12178502601
71132759668
51226208819
81422164934
74372238134
11927082617
48073808854
06691786165
13438780631
04811980670
09694115965
86617214315
08641598979
05987833698
44813018807
11416035605
09422483689
13884446665
11006025693
84898054900
11136724710
41162799862
08040232473
10474357643
06180190658
14308438616
98035380630
16307413611
18143089703
86779529508
38984296520
47471497831
31619969840
06190525628
17056391788
34410203835
27582761863
04901256203
23018324811
78301106387
28988490819
70583297455
10725493607
07882658650
98951955168
07754953609
09895432690
60793528348
05137197688
07890454600
09114046601
16394337676
07483366648
07619567607
68454341668
10120493616
07318752650
09134937919
12944038699
06785209684
10285671626
06131931640
61650838034
68304390604
05129748611
96424001549
12867849993
04344477650
19162411829
10664707904
12895573735
36658338841
07803466702
05214842511
14508854621
12848602481
07252756696
65829328615
08493293610
08459448606
11589404670
96120940391
09519917608
93179170387
14226327845
06413954698
05280238961
45408903877
27021720831
06127129150
09575756614
05537108690
75759020820
21720996865
79493602249
27927189867
05427182357
04770349009
07032713696
07494403337
10461408929
06474477628
49036332842
05386285963
15357786607
29402947809
08030799667
10293269670
38553208885
46783849520
13610093730
12951917686
31387876813
13126913792
72294752104
11529409705
11976395780
09029179600
35168467806
07839757596
04586385952
41142642801
11823538860
05237625770
40205464874
26405597881
06992547445
47141564896
09520598782
47074845817
15705652798
60308127340
13870277785
09541574785
12709851750
22476651877
13043958713
10197533906
12576908764
34599698814
06644083978
09038623798
11720978794
41084551004
14235046667
14417046719
09633223890
51812476876
74605046020
45272764846
08300664700
07071824762
31754824811
48986269805
16777399755
05452192727
11378081790
12756874663
12245776712
14197358709
11242894705
09319358907
39176501850
46187402804
43809387860
11397370742
70049584421
11569880719
70649242262
13935495781
05496773725
10522708757
14128472735
42179707819
17125720757
81876491272
12183629797
10375395750
51750634805
10150245726
89439210559
16473856790
05172924914
13145759701
82930279753
07329956716
12554822905
11103951912
38022960870
11539154726
95724702215
34387340100
34182056825
09858506716
13819304762
10098902717
05165224937
10610157779
12419932706
60381423395
12500263770
16738369760
07634039705
12166949746
59468700259
94787689568
47721952034
11597079790
14234846813
77731654915
11478732830
11414486707
87504880906
19908527851
92370667915
94594198104
10937257702
22043634801
22045131807
06121867680
05231189456
13798818703
15029102760
09241835605
07103872708
11867232707
38881197820
04697327926
09018499951
06057120507
75385902187
08011029797
12869751664
09888620932
11219969907
10956526993
07502227784
70918587271
12953137742
09393712786
10763871796
15160069763
13433570477
43687413829
23558334353
10311615970
14844983806
93904070010
49497824874
27078552865
06518597941
81812396368
47259866829
08118966763
32679705807
36229741253
88013421449
23430386861
43649384833
38940244885
45337353802
40112744885
46278037882
21383351864
39052752877
34825744800
49270202828
33841050875
10258455950
32721229826
42623921806
13479751601
34032314888
42035087899
42733281860
45981562870
09502689682
45100888504
47981519802
28291892806
38580536863
08278978719
32075003823
45004303851
39976671873
70493782087
11544649894
30197807801
24783831874
28120082885
45392420249
04649183162
94080100000
37466959881
37805837805
30478799829
37869152889
27166209895
43655633866
17694793848
29807133840
49879333810
40472122886
38793311893
94026246272
32745388843
10998947865
05342951933
05311946555
43922052827
83645420363
31274748810
38306528875
37375379840
08676743932
36913418884
12213771910
43217986806
45577776864
46222249841
33173554841
42448059829
33059052808
38593176879
22671815840
27688263832
63132982920
12917763701
32954132825
43168945870
35339956822
11527791840
37549950814
06553114161
11392188911
48315326813
15717570660
14478409765
11379152933
06877557867
45968905875
25628505803
36753977856
04849410111
26203228800
34437802888
32298464863
37241047826
16092353806
37775458801
10821765833
07505312901
38402716814
06961639933
80738214353
09572496832
37770938821
44814125852
42823792864
98235648091
41534026487
27731178838
22741734860
27976195875
48980570805
21865236802
22471339832
40213396807
42664873806
30210605871
44098220806
22541300808
09761801896
42220090833
09020384864
06750236880
22365051839
05877142801
46216134809
43284601880
13704488801
96786248187
40194952894
38027459818
30971114846
29438601821
12174365880
27470696806
46853439805
38886547854
46408534830
40827471840
32743613807
38134281842
18193624858
15447630851
22499068825
31697058817
28126668890
32629519864
32670264824
31178785807
41605129844
63623412104
12254235621
40694165875
18519252877
31784676888
18447831892
42931406899
18448836120
17539040807
34752923866
40986513865
14172191657
36267982831
24626957889
38023353845
18185269807
19947901807
28591906861
37046185867
15700176890
43179815809
35195565880
31845684826
19500760835
05213040756
36974327889
31773093886
47230353890
35051912800
46695659826
86070129598
06351351324
38125655875
29697276846
15339362850
46405891828
16807303807
16726577842
52219414817
22638007862
46163063899
39368988803
08187687894
22587259843
39565633870
26860179880
21723682888
37683571806
41115690809
36349821874
05484657890
13015972790
38207399805
43981538889
05184316906
33896819810
32487807890
10432028625
41146329806
46453769859
17377362847
17065586863
23351069880
97001600504
27100695805
30239314883
33095342861
38439458886
96495057415
17033946821
29295042859
08762088807
44090728894
39643758885
40014565838
85871092519
33994962811
15901074890
44966524806
43769041801
11830899619
46265309153
49766311846
47486572869
31427289883
84720689000
47427586840
46486991810
37845046809
15245203731
27378706825
30895498839
38605342897
05700089726
42886045837
04441636890
19906687800
34543153871
44140621877
31113768851
49813640839
45933131806
28800691811
09488486422
50743654811
61728195268
42492000869
10371530814
50071206850
07462934884
31965312870
37630023839
21582754802
48111131879
26863638860
10726461881
34745352859
37313727895
33143386860
26079430860
45060715817
27351566801
35133592841
36569560816
32050626800
31402472811
43650390833
07790438980
45264114854
43131128801
08562211800
21787455807
48767665845
09628342622
42662239867
09669173914
35475807817
10562610642
49374306883
42981540840
48615555826
42228552860
45718735816
48269643823
45155728819
32639162896
46397546802
44689431817
45263665873
34300514879
10791398692
40244670854
34703559838
32813002860
48478049886
27147915810
04874424406
46423509859
04367586367
90882474472
07487407403
16990644826
30418019819
48725024850
36422776837
25586390809
62859935568
18290802889
16360960850
15544829845
37523950876
32675472883
43718055821
46695018871
43785074808
04720236910
20595043844
07154220902
38733271801
27287986809
27290997867
50337245843
28907724890
27885144844
26007844897
71013822900
47717265826
06311277557
15257471850
04942697158
37698911802
21637090862
33550568800
17532195821
40923152873
31024371840
08403326700
04659632504
33556367890
04618608480
41368386890
22345902809
48215841821
36634830886
23006515803
43816084885
40206419864
06465406616
09803186612
36445980880
15358937889
82022615468
50917485807
20538581840
37725894802
18695275850
45714414870
42420109821
45058146886
30834785854
43120956805
38120299876
44064494857
43323360893
26459046883
30588220817
43439756572
51325117838
17114847840
42438805811
52517357234
37152692866
33225759856
40377654892
35789004865
27889664826
64154211404
53223907823
08204629427
28919538867
46995359844
28573434856
46360694808
31515867838
46626890824
04165177652
31474823831
61224189515
38906964811
37340401830
07530091611
04180308983
52456471253
04238315936
04109930189
04146096626
04150983941
03897086158
04100178093
03910937705
04007828555
03928641778
03834934631
03735039200
03676086007
03811120719
03726617426
03675568636
03657615750
03590953640
03500036538
03660258563
03515479910
03628669960
03512981771
03480525024
03456397909
03424009083
03347803655
03230919548
03277152510
03237271071
03213475955
03054436748
03214131648
03236379901
03124803183
03077467631
02999308230
02921207966
02945250179
02882869959
02869451938
02885684356
02804869440
02726844731
02723177998
02782772252
02749838266
02687316911
02667059603
02580571736
02577725612
02525058089
02578397716
02475559080
02421022711
02408536286
02315814081
02364765803
02302882946
02055326163
02179592701
02234379059
02129862101
02065178078
02002601208
02034873629
01985494663
01989789528
01905424620
01907017909
01878615955
01799694399
01610638298
01695766474
01654577162
01552174611
01344171273
01452048045
01294145908
01178037746
01207533165
01027865933
00970841906
01086720261
00971035008
00807269093
00916740692
00812984986
00679064516
00701683937
00561303339
00577398113
00604146000
00666845018
00529232588
00509693580
00325160295
00352876085
00477983782
00470624795
00341107638
00404261736
00403365147
00231031246
00186955235
00039461343
13140134673
34470750824
37818266860
13259135618
09386844770
01215559925
40002621819
02565158084
04358817106
05863172959
01188235664
01982329009
07396532965
96129034253
22883464855
07007344658
04751556614
84893230034
53797418949
14561265805
04157119088
13528883600
18090223710
04823193997
45905361886
89612531234
16271021751
02588001009
03377244158
02315417082
47689531822
72040459120
62253061379
76307425253
06825489364
04213917070
05247191528
03261300639
03385414970
02532591269
85656658015
38529338898
04514411094
10167096923
10403572703
10905467850
07483763990
22325612830
05128955540
09577825788
06480092384
39531426821
60272414972
11323788778
10109053923
04153088951
04172765912
03667320990
01453005013
00400406748
00424142104
09988232799
43138459846
05813774947
22211200869
70657268194
36274557890
98227971920
82832404049
18644069764
31815077840
38795402845
41306898862
42770027816
04469822370
71552685187
12063529655
58924892991
85091561234
89148401153
33151780890
70841957266
46527024851
77858751115
35057942875
03597528104
01143429117
00407137092
01968305599
01651416206
49329773877
48951895890
29346039892
09182490740
07455406355
61285602374
40707819865
26761839823
11540146901
36540462824
05144474357
28148290415
84860138015
47842790833
09026783965
26585667867
09309626640
10758686617
05396423986
50374271852
11389825639
04482421928
45115542854
06098321906
98895559991
18073489899
93404522087
42709436884
30153540869
11688527656
43297324830
32931813842
14725543888
10025372904
14682009761
09315045971
51272547272
76814408287
03459990961
49007498851
03238818740
02931631973
02926581254
02141923930
01940591708
00605780501
00138723036
01150704942
01103200267
00846433907
00608353035
00814781195
14923314494
08181104650
08255054537
83041346249
33189202826
05618236931
37906312805
25919901829
04871345327
31176565885
05824122342
38739907848
44086620898
41459576870
66386365291
41492778850
25253995870
71612939368
07229340926
06828638824
29615209830
07474675951
04491728992
11975438647
99688190004
33690099862
08128595458
12291921827
38276960898
07020316905
75879395987
38907227845
09383483458
69661723249
08053360955
46301566823
05354530946
37199499825
23564483810
28405058869
07982226620
10862627869
08005989628
09685566631
26411280800
06249018905
10263379922
06101428958
60539313220
52784659801
13189665907
47866623805
35280392804
14339989711
07499121704
15307367732
42408567874
05516534771
94812772400
33949312811
95034218020
12440287628
33688297857
27978076857
12585860965
35020389889
28698500854
15684540740
67871267000
40708752802
82760861015
15037667801
04662480914
08198636960
04127640081
04408846759
03686659336
03948243930
03514766010
02858232059
02686815035
02448183040
02177531918
01235313069
01211305333
01243216905
02332769048
01149198281
00583563805
00324924135
00694993069
00902030035
29851005851
08611501985
34274065200
26520513857
97896004534
52847762833
45886510800
62273191120
87948117091
05508821970
37830581800
27207019807
07868433906
37911239800
77976061968
05480228609
47624896893
06801695479
41813597863
35353172825
08172908938
10682305766
04694525107
73087297100
45075899838
22668290848
31143874897
06155082430
06367837159
22569185809
46261303215
41636451870
26642438884
06207368100
27401056810
14198395780
50201765837
04823298403
12454560674
39531898839
16013610762
27830424870
44688682875
38635675878
09110882960
75846748368
52718799846
41473089883
08065879977
05477427620
22735243826
10443318956
06155860580
07937240741
10255601913
05070834908
07864628842
81667965034
18132331796
47212734870
49112600334
26714524897
16824307823
11885569670
36050187851
89046838668
08702415917
73803197104
44275723830
06991798827
12677724685
11203238789
47773672822
10164288805
15913681894
47501302812
09221372693
10276991974
12312075903
48736337889
44631328860
51524876836
05315671178
05293775944
10124677916
40276571878
05457298400
06153931952
14330566826
40817566864
06065289116
83703098368
18130627817
22529525803
26216075861
10439534933
40706382889
15384606886
49308902848
11731495625
81317034287
07903795899
13791836692
37227970809
20458165832
05623721567
45504186803
38762126857
39300718860
36561636856
46858268847
09330420788
06989312971
06865701976
12423600690
07114871970
31956346864
04681374407
93621868968
06648965100
09547237675
03918651029
04103186984
03697430670
03503848002
03483680977
03947781466
03638966003
03909718639
03647941000
03861129086
03467003109
03574331061
03004425130
03223001000
03266932706
03014727180
03397663016
02847298924
03024913092
02958617033
02486943242
02003933913
01946553000
02064339051
01680067150
01221607626
01728284309
01041532105
00873336003
01075161959
00994702922
00987257005
00805673555
00774966980
00756578132
00801377501
31495030865
48707664850
00047583908
00100599974
00046314121
05520868786
12297248857
47188571805
94328790463
25346520368
28286374843
39369752803
13113890756
10673611469
27385994865
06404054957
32520165839
70762147091
07987398438
87420902615
25368721811
95987266653
18655848867
91137667672
10347734618
07188500924
10467464995
89271238915
22560102870
29890014840
12724767748
94530157253
17758957854
62955470104
28685582830
35969196819
11449643779
29468944875
09443698552
04325424695
21456130803
07689541852
27339279814
09098298613
33261710802
08257375403
89477685968
88791610915
08322149492
97400777068
18021750839
67149090982
42134317892
46693349803
38152115819
06730591978
52723152863
39786738861
35239016852
17720316827
10148629903
28254096856
06517762108
61885983972
09157427992
38536306858
45173811889
87905159604
14049179695
31863961828
74624830920
72649348968
38023321803
04536593900
21911451839
09426537937
23618384866
10059836903
04423185296
13177831742
36656567886
11667734776
40873850866
26744704885
06532261955
37947112894
88324907220
37747218826
10258644923
76469212034
87167786934
11866522760
33765939811
37007933831
32702357806
46174380840
04518405935
06608319886
39771553852
16083111714
83271937915
40441501842
07896457776
04522634684
06605135954
41432101854
30275346889
07236732176
10053671678
04377756583
35831574865
10087274906
07202192993
61210471000
04752561077
16671987858
16696854894
11368041612
21435393805
05475334625
36590014817
16552231784
43407310803
07245031967
85941310110
36519996882
14092564724
40933479808
45925606809
09731376909
84015152034
06982043959
07227753182
39863239291
10138437971
44600013816
38469924885
84010355972
33757701895
69445206053
06446528965
14712430796
32787014372
31911337807
06139082870
46826643871
79995357453
05445577600
06804007964
11261794427
12203853875
96337176200
93040253034
08176549681
81601522134
14394865492
05701343588
06841151909
11147063613
22873958812
16749827713
42814662821
28796943882
09793867728
05782059982
28262361806
38674311830
57704945220
21602996857
32572223864
15717606796
42144837821
05076298501
35769458810
09867474678
35556874840
08364756583
07789402412
13431365639
04543509102
29003729840
07156194380
34901162837
09746505602
10249657910
05183283923
42186680866
24567831829
47489854881
40808065823
42746535874
75851580259
04398158782
28942089879
95094253034
83727507420
08300670602
07877995997
37902136832
06653724859
84285389568
11883996759
07455310757
28702963809
82142203353
61762695049
27852422896
05233000504
39413037833
06304645376
56440509802
31476943800
47164233870
85831573249
92394299649
38807649802
08289075103
27736403813
10588135445
94674590191
05107882978
37732130855
10969752970
09940968957
44504471825
05999536910
07443782900
04682499157
31423988809
57026394134
07477863643
10374199795
06261330174
94132275949
10488531446
05094849646
98820893991
04768482961
08568061966
16979937707
13089171805
15544828792
86556320315
28474703875
08311105545
47920894840
04942142105
09869078800
33045947875
97267511104
05134240671
05746824305
34745370830
96407964334
40178033855
35056694827
09678835983
84343796434
76399796768
26643748852
33630686893
43221567898
37030606892
05437635605
48070256869
40066256852
38104550837
08680967920
05334537988
42458257828
43390910816
07589097993
43381665847
39712475808
96157429372
04834725570
10650808916
06072662447
35612792875
36218423816
05900437655
09292754971
93433450625
48348565850
51764822153
43114586813
07816970935
22419644840
07121993902
91995906972
06239923966
43187953816
41717838871
30308236874
05901087194
10965804704
13764296674
06294498805
10748017763
06231984958
88719405987
04904985400
16733646838
05456454920
09372448990
12312228670
49584612808
26308119806
33288128810
81813180059
84862491987
38454883878
30149262809
27528685291
19139747824
05350887955
30552281468
09516907954
06410927096
45367622801
78517249372
42099987882
37352229434
39411197884
93965303600
05918702660
58022732915
64749290653
12016183802
05809615325
06070512308
46728712828
09771736906
18914534839
84996714034
06192292337
32677950871
11990529810
35479409824
04802293925
57160333187
37321207838
09531534608
22459778821
05100757973
44518038886
77483456272
66959870178
11342419766
05996249901
11318274818
27464845870
33933440807
64768031900
10833620703
10395670454
06725126960
70052908100
38422518821
05019649163
85912422542
38706313841
11437647901
06428384299
39655915840
04693499560
16587687792
09452177730
39684430809
15817928833
04427820638
04301590137
17702784865
86171518620
10696699621
06246155103
10505479770
46039389850
16715404763
14582389899
90866150072
81620357534
17911649863
92054595934
07948013903
89362977087
61800093330
11012220931
34243010862
99161303615
08810603729
21840603801
13061242988
37587723897
43187776850
90534913920
04486050908
42036174809
06435328382
39486810826
44160152830
39325871890
15592133707
43326702809
17217355850
28335116806
07620281908
19156343779
85080039000
49462500851
34500140808
44862058809
05078055185
32151161897
11022449966
11154094928
43368366807
13952946745
04558285981
30635453843
07586988951
21670857883
33764951818
32416347870
06976358994
38640488851
12322507750
37657296801
09153331982
09289378794
80182127168
09318516967
07443755929
12703418710
13123623912
11466438703
36742365838
86263862653
30452168899
32912681804
18431230703
81997523272
04482171980
51508436878
81260717615
05040509154
40753037807
67596690025
42575305888
12606864425
34523374805
27216863801
09597532905
70198611218
16850210858
09410527961
10811926826
92783180006
11228076782
08364294431
44065572886
45676459875
15995063600
79852564900
05111140956
33334062848
42746398869
09485537905
31271808889
68636075653
71314244124
35559679836
19745899860
04247122967
04253261523
04199134085
04029731945
04215646014
08481095974
04148744048
04143915600
04047183539
04033803670
03964296023
03939696900
03849892093
03927132179
03801836924
03693292957
03819812237
03779997096
03692599986
03769392906
03722599016
03738794662
03652229258
03579321021
03544169100
03439990303
03062734973
03378671513
03222510016
03454922933
03160957616
03239561069
03160809935
03233140908
03106778903
03101431107
03024398899
03004786230
02966518693
02930506946
02787294014
02880092906
02928800573
02997768918
02821030584
02620777100
02749946158
02657068316
02628081296
02747586014
02598119983
02346351008
02563261937
02358006947
02591055971
02396466577
02450034102
02151221008
02145214003
02255816989
02253007102
02229202030
02228293113
02058735102
02010727002
01836201273
01992087350
01923582356
01833524080
01790697999
01743744960
01735807265
01753170206
01667015990
01533544026
01571330950
01741490006
01515562379
01462367690
01499167520
01397175605
01392377390
01385158670
01248223390
01245259032
01234823993
01201934931
01114843750
01170337074
01101807040
00955320992
01035591081
01083592394
01026319056
01053253923
00989986500
00925422126
00917097092
00813997070
00801292697
00616348673
00802185045
00703998919
00699716764
00554862158
00604110154
00459537245
00419447636
00395383978
00370779290
00348773048
00308570316
00381416046
00281011117
00076533107
00158140338
00059622008
00329162055
00129415146
00048930180
00038525550
82480443000
07471988967
02186728532
24994118809
04718959624
35718919100
37348404812
49107720572
42473312800
05581048436
32638555819
44417624291
15384452803
06463465399
01860083170
06599897940
82125716100
18493907898
31502406896
36625260851
41908085800
42096424879
42266004875
87126710453
35703569818
03984158033
34493728825
03374372970
02388822254
23262628832
48872026873
03266773136
62897136049
50383453879
44452706878
06106604622
21701729806
00194244008
01206007656
46623058885
09925463629
44478189811
41522793895
44541542870
04365657062
07006238927
26037184879
38419019801
30470867884
14286601862
12580778926
40462472825
48636115876
09839209744
05719079629
10769602860
05733557702
09432069443
62266365568
34309952801
79885993134
25735796895
48211229870
59118180949
09904118779
43977173898
09712080935
58645918072
99199114615
43697725831
06070873904
63982340063
38367571843
83612025015
49813292881
47511072836
65345223068
45127638134
07397439373
02549225970
44406186859
03156286850
00893223123
01843262142
01400546265
09888958623
94066434649
96377410204
05185291427
07995432925
30721141889
52577791615
43416436814
08047609777
27585185898
84463740215
15847196806
04828296131
10372267980
94625441072
07831783105
16635194711
55070426915
37629430876
43143165863
34331463818
47335301882
12752086733
13269891628
12450760601
65276302472
31690955368
69709629034
39108657807
79297935168
17769394848
42865166287
39096740890
09980964901
11412000904
95769773120
14794469713
17571756871
46309581856
05705324421
05531967667
15186649899
06362300904
31512678821
17651953819
13392597880
05695497957
10645515990
03267082510
02576610935
01012139727
39650873805
70780951387
76768015087
10110426657
06511302989
07998941928
32404309838
08148238901
10048904864
92070469034
34410346865
09626610905
70423015109
09894754929
68136552053
37436363875
71407614185
08934601922
39019085875
12249032858
38633459833
83881484949
19964114893
06808414661
12121287965
05806784908
05870477719
54523486972
04683597969
12483501621
28432928836
94898693172
46497009817
13184471861
13284262709
11268622907
91266211934
42618914848
06487954977
39962662869
10906349869
30059182890
08962313723
21735369829
63352761000
42995095878
10717085627
35496566886
49114128870
01410866106
02864265109
01395500118
88241378149
04449896769
08884339995
07689353932
82473765120
33947348851
04648898982
07610055794
04838822324
10783027907
27269322821
13433336792
35833326877
46436739823
05075673589
12301181871
42929257806
44574051833
11291243712
15567713711
07975302902
77433017100
33328034846
62483900020
22241790818
39173853844
11357269900
05349209183
14265843778
66449472120
10498333841
14568439825
04855179060
10203650999
45886525831
39203527850
38851653844
35664966858
18208583839
33595253884
33264717859
04470622125
29903741839
08305905950
74249592200
10570754690
09900700422
34001866862
45431183320
76526119204
82317933134
47357131823
17346378709
13503783997
04903107531
16146852740
15887541890
03207159907
75840731072
01309738157
00895234076
02278175084
43541553898
09407743993
09175906945
04944858175
23241466817
34414559839
06195947997
04771170908
89673298220
35437938888
16899659832
05261911982
33511600898
39707492805
06878276985
12623771880
56159200178
09841457709
52563703832
38903386825
21978244819
45288161801
07189262695
32451613874
38424344804
07442204678
41165729857
69435154204
38897754899
09129798957
11053133871
12854086678
14752465795
03019215714
04086795302
02336672618
01624006590
13327987726
80757782272
07690845916
34622255880
35931839860
15401268890
07803455840
10488292948
04784554610
12536232794
06835227605
05063811450
40899909809
16012675844
11683019636
66126436253
08606159603
60326625356
11266969608
37212365807
86675834134
17773491763
04809613950
35508026843
11052646964
56602740059
51655748220
91143039149
70969424400
29697968802
26384762854
66418208072
63463989549
05587961923
22357817801
04898208169
43049860820
37952555898
08769733732
70212928481
93304978291
57839921434
48682492822
59298944420
42756095818
34627731191
05488839127
97823252015
47520290816
38896790808
11996698737
05274504990
44762034851
15357802742
08815248919
42797101472
27907107830
12776829680
02566067066
02131991061
00445306920
46032093808
39201600291
45502964884
28995226803
44392637808
91832179591
09784085780
38610698149
05400296963
98075586972
44991311896
04574287080
07985645985
14523291683
35347562153
38070517832
37417521851
81643357034
07409436425
88248046168
04765854655
34600242831
91186501200
15812501858
09630051460
23016635828
10259362727
47664193915
19850610824
90201248972
04380210022
32588113850
06449084162
07831069984
13084068437
60720746345
33748402805
13093211832
17535613888
05147698663
89943457953
07845738751
10044511990
10204323908
16068163814
13182524909
11914008910
99680130304
06552039824
03228694984
00886174163
00227591666
82121281215
07909483970
69319324115
06198318982
06003797606
12063889783
04755998107
09511597981
51312626828
32854189825
17644738762
32075607842
15150676705
44482903876
91263182372
08695386910
13522369661
30524447861
07964583409
40901579866
43844094865
07226413973
25697945892
21409837858
93127561091
59515406234
84242302568
36843341896
11110877765
61993301291
29908443844
27156123890
31484676807
60651918332
42651923869
97020818315
09337163977
49334509864
41761748890
33590230215
81393091172
48640862818
14015334850
73455830153
14202001869
11815179821
06829308909
09606936708
32388928869
35725467880
25628728861
79753795491
07923674990
38682085852
43965620800
35116798852
08928463998
44595573049
10085400726
14222473685
40808124854
91145520006
10667445994
30880263806
72338237153
15823101732
70165866268
53467019900
07077100650
07501840946
35698786860
09860259925
04499198542
09680676978
10605122970
44238909844
05322192794
40829840893
06501100640
22106699875
97260363720
11268647900
06786542980
35820212894
31261154894
07468542422
10351640606
06229500965
26854599873
06335893908
21748023845
06350209982
34468529806
10404583946
14817767707
16644881890
06711304632
04325924906
10319811603
44777592820
44983591869
04794086377
95719270159
36360188848
46007571491
48401127890
05421744302
44109551870
38071247804
08066004117
99425165220
74291882149
08187730900
40001971859
08525019607
39623128894
17909054866
06334478974
29982874845
04674835666
11396585737
91255635304
07626032918
06093618137
82637857072
96942231053
44466611831
06859323973
07936632611
08430100458
05068986100
11054118779
10154429945
34376770809
04757251904
08879685970
08663488408
37273191434
31816926892
99091330082
25080380837
27526626883
51346893187
10381164730
17229598788
11992520933
25129360826
50650874900
25015875886
06132437495
37601290808
05192947936
08415863306
91780497172
10680044604
06995858999
24407267291
95937005015
06291752921
25006651865
17245074860
22249933820
44779943892
18718996809
13521069907
61260851087
42003165878
18117133865
08483251680
16920652897
49368586845
35921085812
09817273601
05914536901
04262811018
03839568382
04146561647
04110479908
04007046336
03993271696
03890340024
03764576944
02977243984
03550116977
02421560969
02072207517
01139850024
01342569130
01131120337
01731118902
56372833034
23886470881
12381262946
45156182372
08500071940
44420721839
05402709700
10879799943
41586613820
11942074999
05141497950
41668901587
94356920953
36369790869
36785939844
78919541272
08356377943
04576254499
07903683829
79218520091
15597322702
39493567893
10800583469
32654238830
99614480068
14996532475
96125063100
14391827603
28744151896
04296406094
41344458840
70747830800
06758341984
08537378941
06247454147
04904254538
44469557803
08727897990
82571325272
19026754876
60947764534
22327180856
23952246859
34791500806
29779770828
34098566842
21512542830
36481299888
08157877903
97201642472
38475948855
18100298807
42843748852
75405938904
42009280865
11762702738
42277893897
43801286878
10174747616
71967966168
37150855253
08755865976
10847107655
14299164784
04983565159
71394567987
45780112835
35651934847
44534154860
05751649303
42567186808
09888760785
37095950881
06955405802
71213791049
22988982864
08210041908
10028741900
07525900817
82255806053
40408963867
98834975634
14147600786
33089439808
43673710850
36714386818
05469190900
07946667604
04451690951
06077115584
32580984844
44827575860
08562607975
17783710867
54092261861
78254604568
93164688091
42435345860
17138577826
04513390026
42299906851
43697473840
07789247930
11891038699
34195576806
12366435932
11470261731
28734460802
43226346806
10342658905
39558593800
11157970699
04671413124
21372769846
37355109812
06089428558
45869563801
37608996846
51637175884
18186797793
07462887193
10470698730
34086778831
36606504805
57887756987
82833397020
45482108813
08792696775
50826523897
15106738814
06799429983
14547086702
06662857645
99253569034
06437563966
55123651004
05404311762
09445320980
07375148929
10751004960
45173844892
10823552675
04359883609
12059232767
84474718020
36203877883
37997974830
06327730906
38030167890
42625867825
48435241823
27654121890
55433214818
38219384808
28045817801
54801842968
10226298752
95179313953
55823319215
06301075803
04751533169
10023900440
46754817879
87368269015
72868996000
15215249717
44414378893
08468627780
36644103863
09618378616
12059457769
16706665819
37576620838
33437614860
71408460068
12115107608
30533825806
59579951268
21973390876
45350198866
06989723920
05395373497
99507404287
05024001370
10481128611
05428644109
41419948806
11368755909
05014459609
07386675950
43639107802
46396239841
38504760812
85764906172
35178860845
37543851865
39573573814
07218446930
28518884802
90919459404
46254037823
04658432129
36920947870
04686495490
10400385490
05575056902
13947376880
93501021372
05953123140
22984797809
08304667380
48739967832
94747555234
04653023603
28234948806
34821792800
06525821924
71141390124
44478546860
21445449803
60600162354
35688113839
42450754814
36710895807
31764008880
29638319860
07925513705
04855276936
32953334831
56883498915
05434407105
06910923626
32370426845
10927755955
46512688899
10547601603
46076598867
81676182004
92118950900
43482047804
08071642401
10493820990
09290967897
10561118604
08095151726
11047592924
24745772890
24685467841
18643276855
23427465802
38048206897
40884910172
27046360871
09541613942
07342720909
32800199822
05770376171
06447079927
94393427220
91887917420
86156247556
13118120916
03999951109
11032666676
32559914808
64196658920
07107256980
10806126701
06736990998
06573780973
08771770747
09256039702
08369343422
96399597072
50725661020
46288122840
04484837005
38504802833
05840592994
06957187543
12888334909
32065501812
06357030767
39848349855
12890343464
13381767496
34430629897
33738384871
50268628882
16493228875
11983924954
42151605884
26671437874
12655867726
22849185817
14115434678
26158986801
31027106897
27712700800
35439302816
68698003087
07360102111
28540333880
16021510755
28170740843
21518978851
98462954053
07818919651
12150262770
61165271915
37103727805
21095751824
11433232979
98272918234
25700622866
59880775015
13880621608
05559159727
74324667691
45624045824
28366229890
12079821997
83839771900
39926136826
19695968724
27234571841
23157299808
45585914898
04501264047
05613624917
11464231796
40727704850
14137989699
04825395937
28284415801
06059131964
11805087851
06089568139
83763210997
11246113988
18547675850
12125266601
06109262927
83470840253
08821004759
10416378706
31607015811
41605017884
10468239901
11972112686
06444525950
19014125801
44163043829
41077378882
32982864860
74421239372
97240605272
37982186840
97608564091
53425937863
11624166458
14324559821
32567410880
13668491836
66683556334
42359187880
10854600965
40043028896
97644749268
13411820616
33687263827
70537742107
16976182861
39432098818
89025040004
11265569983
88136817200
10897832728
13993854705
45954822808
43154153837
36789590838
26086808368
04989812158
42747741800
04619043303
36774212840
91402026072
06760650662
10190101857
07876735444
11340324989
74338161191
07463261816
06434831528
35048872819
26135917811
92213430900
39726336880
91268087904
05333511977
86282832268
44677963800
16006142724
08334449992
05450087438
31224634829
10489121918
49497816855
09008700956
49322228822
09289400986
23513402805
71511610182
16793740873
36804619846
14178920723
05022688247
41499447841
15804362852
05773730804
28248135802
08862597975
28288176879
45501996871
05911937603
26246123864
59270837904
11535220988
07519326985
33867324883
04989098161
06719934619
44461474801
09550507742
84038934187
29329625827
06633835957
36812009806
44843161888
38314464821
07161592100
25017456805
41271650819
70227956141
04718250935
13424712612
41645054861
49603965120
10028880773
70558849423
69332835268
30627884881
25026606881
10970004605
70067637469
10793618983
06208376599
06300954935
05720191658
25885921806
44122367816
10403420784
29023527860
82747334104
36304444826
42273312857
14796225757
52170652817
51803971894
06042257927
80574009604
15043553774
38351734802
09033267950
15840136727
18032836888
60980392322
08721789355
08159962924
96971568915
15250780890
35018708840
05882892805
10206474938
13402222647
39008067803
97015156504
10865630771
10058288813
95151672134
05902837669
07159905946
19691968746
34975577810
13037008679
10256579938
92046460049
41041970846
42853161889
05416335114
33711375898
04782431970
34546794860
06271217133
33712299800
15799258800
45947104172
46048319800
05361633160
61921730366
80134750500
39816567172
13895939757
47703824801
43517312819
23018576896
04655092904
07557029305
44207401830
43600114824
82969000920
17815660703
35791734808
07801816110
40594552885
94665060991
76639274000
97356433915
10879825707
90964306034
06426305936
11341536947
10826147933
14035687740
92759203700
20455985863
87874121449
12628755955
22749032806
07804532717
08444035556
48778384818
05406127152
12341677860
08445466151
46914727899
97867268634
11914309790
12548259404
49942165843
09989051941
39992335831
04449341112
09533487925
63555573187
13565455993
40907888895
06941890576
33600109812
05125934267
12314488652
11980153736
24781830803
41153035812
42075929890
74204688268
27866480842
41460722809
51204371253
70191050172
07887556414
48040190819
06197651947
39164451895
47645565888
05399230364
44248547287
12735122786
07971782950
67632530444
36450224819
12098893744
31600935818
02713906385
02711889017
12485522618
34553237822
36803988830
77424662368
37336961827
41129684857
52374866220
40294850813
12367102660
16363260809
95248986672
05386023179
11134602707
29949985803
13888570654
06964743871
11065552955
08691020954
22454867818
21261723848
04768431038
21556990855
75840731900
07016803422
45098447860
27157479850
43353407880
05126547607
07487359417
39463136800
08243470999
31225831865
98204254334
05668807177
08330917940
49221631826
42474926836
51582643253
44914387816
86670280025
42148259857
45011020800
09127209997
21387542869
60601455312
17561623879
06494523994
12132159602
30611026805
32486764852
47220734816
04814243189
71215754426
31285416805
70188493654
08969506110
32120784809
19594401796
37832984821
30848499867
05019558524
10437977854
33068490812
09850603445
36513336805
07209961399
40569975867
06872644133
63470950091
07674738680
97365785772
10567758907
38241857845
31760780804
07574597650
30463949854
49057311860
22538250854
25755615829
12144879478
42198343894
48112954801
97434167904
06607539602
78502047604
04888412162
11122688989
09934762951
06566899600
51322333840
90723724920
41128342847
05574016907
45482541886
33919604857
04394670551
08275131944
08622017990
06253443917
11675304971
75547473120
68566328272
39350227860
36974667809
06290398520
22041956852
36489380889
33264932822
15492987631
79418716968
31236516818
53016055856
06010311993
05295917401
04366911914
05221121026
04403018319
35134540829
13358899659
09482877993
07015951916
80100676952
38922508809
07457272984
09128503961
36573575806
06113422780
06776431957
32908899809
04931070965
82510873091
38914675831
06308542628
05865400673
05632936406
11133946925
40740436880
84743310059
08984063908
44764369869
04379125157
23684269816
60000758396
05573536451
06266243989
08999534928
47992941802
06560177670
04935844981
41563474867
31288066830
85083356015
86982974049
11899639497
04626961975
09941825700
06187572955
38009459836
11159468974
40488708826
12776176600
71388567687
37875068886
07905642976
45787113829
96836156191
09965274940
12263006427
43206749875
96721650053
12872275894
45865470817
13238605763
10794427669
06991706132
37292455387
27413166860
06608713193
07613813177
70848548353
09890304740
15018828722
06227010960
45866331829
07212179906
07142783435
06899281902
08260998408
93139748787
45733546972
05484756103
55829198568
41538263831
04850200508
10958326975
08243912924
52384794841
11066682780
70906002206
07221058946
85909376586
10607669900
11257984918
66713382991
77052722020
11062899946
38338897809
05888243132
11751828778
26900938809
08324268650
34546323824
05458916980
29694707803
04752394901
31291360883
24876217882
29418273829
07072095950
09391713920
48136910804
06556947903
12888285940
35608010876
05805221993
13458471812
12820013619
04005062032
04193483100
09589405924
04004742633
08992783965
66627109549
07716368907
96295058515
44385618844
02860958231
00258502029
05733351683
04213188566
07821823996
05679594730
00727102095
01226659101
88950352249
04773559942
07127468702
10209268999
07862298616
14982931666
17839967817
02542829381
21981790837
09239997369
10064597660
07570316924
29366522866
07283932550
43855236810
43019671841
73788643153
48627500282
15490024739
19957697897
21741396859
21828704822
30248970895
37287156890
08738293790
05393644604
03932592425
03514421110
02715110014
03030541746
00769043003
00682830160
00321953037
21314226878
06404468255
06463024937
33089975840
10785831703
05451465932
37990656876
06644109608
31532865821
29007319841
91814880682
06150441156
46906089897
10075590980
11273908643
27577157805
05452580905
08479012978
35931853855
91302668749
10078645913
11201112770
27782767857
08209592947
10628808895
11096707969
30129472808
08727521940
42972994884
46299865881
41715927800
08393103908
38778133807
28668605860
04860752902
16657417837
12272497993
43880384827
32117862870
86211641087
07219030967
09310351985
41343626870
05882386608
40557788803
42969481804
62961543304
32311127888
07912383182
26955366823
08356060907
05423855977
09596730916
09038376928
07241324900
22353880860
41694056848
39742479801
13675041638
43046760833
17847716860
06353463979
38500150840
39812202854
46462034807
04711864571
84848340004
09285009930
17914499803
09718226702
22603853899
88279405968
64726860925
12954587997
06723460600
11041723644
32681880874
31272323811
06291612674
04599026018
38593681840
08802334943
09469433629
83317384620
37747751842
10208312781
10368371905
13677595797
40026521814
35706495807
39067074829
92566979120
13468788894
16416128861
09392856733
47661272857
13004851830
07761501971
55755739668
06494149189
81226470068
86081714578
06502192106
17741394215
07663065930
07612372673
41520959893
12034443896
91051932734
09045887932
43186518865
30324197861
50732264880
30845855808
09437723974
07890662629
32601859334
13676367448
05093472905
08597025611
12305439709
26863437880
17610502731
12254779990
05069162438
13683674962
08842873942
41247948862
04295724920
04191449192
03788739037
03908228336
03300112940
02941735364
02950860095
03073094105
02697493220
02594126004
02370274107
02592153926
02221348605
01377486044
02305192533
01629277380
01446707989
01318628040
01367731097
00844422398
00280773269
01021496588
00759359105
00124342566
00902843133
38867266810
37467767838
34862077846
86184342053
07402089428
06204254820
96791268115
14967671799
11756813698
41399559885
37013566888
52283595835
05384471174
05939362486
41479664898
37715502898
10356456706
12454527979
06859840951
13772212883
14235580736
05382261539
34432297867
31935498860
19857220894
41327183870
29674084843
11013926498
12872762701
29376993837
36821885842
97768855949
05846430554
08480470607
51740276850
30414303806
27366331805
26066795805
64299457153
79666450968
06099614117
09566142994
06986300689
31901276899
39731967885
30639241808
46078956876
04777482952
08069411899
43633394893
11407444450
27802144817
09647642458
86373783588
33128755876
07240747328
44656274836
06540947135
08917377904
05818781402
46819271808
04375463147
10678945780
05682501926
41300192879
11147047847
32073216587
39856176867
47502004840
38920687803
80889735972
38237220854
56591420525
35806969800
49851183890
26037676828
06920391635
18288038719
05140599902
42203743883
31003651860
08256180960
84489839200
18627621802
05183244782
07041300927
08279666443
73528943068
22963976895
06103215102
27512881894
06374320964
11017382786
35560328804
71205527249
15465228679
48113850805
99742390010
12925072763
11820570983
12775386890
47259768819
89191080991
07702249897
34875710801
16434036728
53600761862
30867712830
23429315816
10171635701
21511864826
96073861249
11262180902
33541208864
07673160706
74333933315
28579282896
46805922810
93211872604
49708485802
09486525781
08453580650
26605604806
58947868272
54093252491
05021156969
33278251814
04769064748
16247819692
30474010805
70847738000
96400366687
89838220400
07358549988
35520404801
08678147997
09797210910
09850645873
05835667663
07370742482
14824912814
31765364884
34802283806
45623397808
37669103884
05263431414
07154644508
42186605813
53322446816
31772975842
10561378940
81637071191
38909712880
16009602785
39861931899
62283200253
05267965103
33393727800
36188587875
05202948905
88740978168
42219941850
33362192807
60430371306
25747578820
11136347909
07108131986
85747190725
05500741128
09383139919
14566080706
95486925115
17751570830
43862532895
14391812762
10751135470
07589193950
95220615149
31920622829
29655578810
07191180188
38767369863
09104768965
12655924703
17571875889
37821782890
12495082661
46002491864
50541064487
09712449955
68589638049
44248838842
32246803420
88081567100
05302689901
62012428649
31917980809
67274145568
09749255607
12671964404
05474731175
06119482903
43256893899
58351221600
38085205823
86098016593
91949270491
05925521528
34774518808
28854947865
09507038930
05845563658
33788054808
81466129204
07287878909
37599018832
10680201998
07655788677
89893794900
08803400702
07250025147
42635761876
06332224967
16551132839
37139254885
42130784852
06941784113
05113854980
07051053345
10950894478
07128377603
37019189881
06906171518
10025089757
47622233870
13792070618
99436981953
13368022865
38982468846
13464231992
76010856191
40238018873
35637952825
07471036583
06730934921
20644166843
05586414902
33426829819
38336385835
95431101668
10583870651
40977055809
32604048809
85360767120
06674605948
31037234820
11837710708
07053641350
21865010820
04649418909
45761089807
25617314807
09048113954
12802511742
04391580527
85929280010
22498878882
28912974823
08536667761
31200155807
04947901560
67873510620
10174040709
70352203137
07531077671
10638140900
46578350845
38364988808
27327117806
47837145844
07861411745
04779786304
15061437683
09349074710
10074094955
39393893829
30947946888
76496830282
29967396806
37569183860
05217860960
41834773873
07559715907
07117521503
06153930557
36254881837
41611112826
12449781757
04772773061
39986830893
36069905881
16016781851
32416258850
33303408866
43413699890
07981714133
04304662694
06010803195
48054437900
70494503670
27963487848
09312453467
22940371890
06309118943
10030291917
09192685951
45349031899
09116233611
37808470864
06949553617
95774874915
46827012824
11670928721
10715144901
06424914960
06235287119
67692060991
32402832800
91333024215
37285821829
32705400869
36015346817
08384684545
06760644930
43683782889
71760130125
48884506840
83829300182
43681827826
70639602290
09643100901
06833806993
05670720962
71663088004
07092599644
53158172020
79507328149
06727040800
04350562044
37620940120
21716822807
49999752896
10088044602
36126716850
06484537909
48514343831
64213854000
08606413925
12503804721
25997595870
27370806812
07992851960
10320883973
10426423623
36792328880
34783177899
12064642757
09245005810
41590406249
26535708829
28852138846
16658730865
12075169616
28507603823
41284141829
34871820840
06661655640
05523082007
04562733950
26385371875
35306278876
12303702690
09453316903
31665058811
04613024030
07068299997
33522246845
18397540792
07494540911
46729695846
52457150078
07843637907
58663398549
10693737964
48294690805
36940073850
51326795449
44684352838
06439027913
41408093880
98043919020
32891674880
48003525845
04552353179
04449749111
42189269806
41938546806
70787228257
43396734807
39508640839
45058548844
05940570356
17486575850
29971348896
33648233831
39731833846
30221017836
29995711869
38220532874
70631725148
12355338671
40425834824
08684512901
13835706985
09263538964
21967410860
10621635910
43138822860
12039710442
15058197766
10850738903
08273245616
13727001534
85578266053
39249337825
10243067984
22762762820
05296482700
12740644817
70162204000
97130400668
06313150635
93576072268
33028365898
17162177840
43665283809
13082668712
33816274811
97445177191
30663991846
07155052540
54379470890
07475382710
09688132756
04422374567
91835925987
07575699600
08645978946
08418644460
07287670909
70147419182
18405981829
19194069808
14760609679
71331550440
08726730812
10045542490
39312084860
16098489858
22465514806
35995191888
14606306700
04369570514
99681293991
21794449825
04788835444
17303624864
32905397845
65283740315
12664930850
09316579465
89474279187
26405030814
04513938994
13720850684
04558881592
23386754287
28923131806
43588392823
90020626991
29449431892
72229500449
22286586349
60385936168
67620000020
25675515810
40479867801
34168126897
09152705870
06860418958
45755452873
08359473943
12788020961
07173076382
10122452682
09048052980
42091841870
30020191863
80892450053
08119789903
07778216566
07070848650
08017024703
51787385515
04370193656
08894563995
88615014191
31640821856
24767331803
08132863798
75380137920
08044519823
09439115670
04679930683
70553183192
63267144000
44519182867
38771889825
07808142905
07597465912
07754303906
08848682812
09353173418
10800066642
98316966115
43383903877
08591335910
32682977812
12829926609
21720972842
39465916803
38434272830
55938540259
07090348148
06085251971
43163821871
39151976889
07347622913
79001319904
23071713800
27023152830
32644103894
28311807833
07067504899
38165268880
09920576638
09987145930
12479894703
10727888960
28614651821
04719732976
19101664808
24741911861
52952017832
40234524839
07571036429
04458848194
09786057643
13835074814
07033870906
08532935974
36026944885
80721010059
08225173619
10680057692
07215684164
33036099859
43858008800
12258118808
36613264814
09166123763
32254921835
08952943627
08767561942
84706767091
46454133842
89403096349
19959348873
08146822517
36465037858
07338608938
39557917857
70914580108
42975710801
28632271814
32086525850
28748605816
83075410004
05751019970
20669500925
09265264993
06034103401
34537083859
07890313969
06002844503
08432283932
08040964652
37104660836
07418165986
09693403622
11008864781
05536861786
22706289856
50991399811
04459249006
37206518869
98761927520
45467309854
39973268865
11288096992
90709470568
30059161892
27566782878
08151462990
09607982932
44451607841
36707770837
09512795990
37050797863
47100578850
80246850353
33917576805
08074066789
07011234942
10002121905
09428477923
44247155822
08861393683
11764351754
94279330115
05318022723
39119404832
61803340649
04488109993
16193463895
07744140907
05667149141
10039131998
96756624334
12564732780
87261731315
22656051827
05375710943
22859757830
31676376844
06808097917
09354315780
07686244792
40033766843
37239958884
08314803782
08613469981
28005385897
06923063159
72848197153
07961148973
70378136135
10308070941
05115504995
05114936905
36907511878
46653295400
04775835041
70928738000
07572944485
10661363783
05882707846
32982355809
04631800119
05975125669
04641201102
08861901930
08811255988
59273453104
46048856806
06163673921
11490622829
06879491499
12437346988
32825006882
29570386843
23026531812
08030662955
27206271863
42444501810
06814010526
08758163719
30529934884
55502970272
08188760420
08534839905
04568061563
44311777876
08953062985
14438064716
85091448934
40336181809
12710219603
11294583697
05676025328
81468636391
11483230902
51427460078
12145031600
05403411690
38612228840
06280859908
14837375782
21849187843
32781493864
28758957880
08929774938
52668991072
80005027985
17905874842
92302416015
37903142852
11249260973
38881265842
31072824809
05238004605
37289093860
08631782602
06719441698
32251748822
25134468877
06759859944
05997730140
81449534449
21499591861
32313030873
08309556900
15051646646
09742682674
58671978249
30962849898
97521558120
11663094950
30859295842
32513247809
04526532401
12902850719
07421349707
43868594892
17578409662
36783386821
11679495950
61093770317
06465772981
35900604845
06107743529
33171480808
87810697072
07308812960
28259618842
29588139830
32921612828
62755198354
46184090968
17399544751
04409347101
31923667882
19628735870
12861879904
68628714049
27536465890
11443767697
30246391871
06512287436
05842926601
11140685783
32158848871
07141861718
18590221890
13127428952
04918442986
42970080842
10960300805
33865111807
36814345811
06004569607
39546897825
15427029419
04970767130
06266163950
28168270894
32382891874
12710638916
05553796989
07561977328
52551059291
07854369950
27426497860
12501252942
45761265800
32788762372
45166602889
06291474930
35112481838
07123229142
28824542875
21254566805
37742641801
05199583220
45722564893
07721663407
05071016699
16709928888
07099639986
51520718861
06015397616
40966667859
15786466698
40861144880
70435531131
82190020930
22595946897
34172301878
42825080861
89396057568
08805775410
42370162856
39950923816
09697946906
44487186897
90886046068
61079861386
07249402609
31430697830
21526068842
45484564816
06564326912
39577270816
29278637840
35824663882
18178198878
15021871757
07897831779
09146103929
11810956625
12527222650
08053597963
28156657861
10756958997
18017791801
27688873827
71123961158
17341848847
10362350922
07728246909
48043496854
39086794866
32193794863
07304962950
31586957821
43594758885
09089849602
15778694784
36719940880
04776825961
07792532992
07978633110
70962464104
65450957220
36615201801
05284018079
08166502925
07245185336
70808464124
09483376998
39954326898
40447069802
11228304408
05891475529
28895394828
47268049870
09099551746
84901144472
71827056215
79064035172
40970599803
28039228867
07677003419
99573334291
31456287800
05033504193
32867194806
94049963949
08325870958
57911770972
05274978940
47260213892
29013864821
11866461958
13592001850
27824986810
04577969521
27703418803
07014696920
12454526905
14072561738
16545075713
41306460875
05012412133
42818458870
39631940306
18309523823
11129119955
10378593757
25379721800
17402446808
12559724839
69541698204
10429198795
70393414175
08240692699
99339285034
11191728455
12351108850
42461259895
08158374611
96268751272
09512808480
05024993977
40873179862
29357297812
82371687200
43004433869
31700272802
27265682890
10048813630
17390118725
07326345716
06569588125
44856866800
07857917443
51291132848
15275793790
26856156871
48322901852
30056232896
00719888158
17733055733
75354209900
31734264870
61962319369
22073940854
13123721680
06215930601
38866451851
58093265287
05786465950
30933513836
12029913863
09345548971
10861856929
78684528549
27464053850
14252262720
07568914933
27766959852
34966516870
12210940680
16039930705
43504464860
37015722836
08736955779
12363914627
22424674841
43879112800
49423296807
17151706871
16009680824
14744434860
08023250922
20343250870
25243056863
00367181061
40849655889
82544875615
04603769180
08292480722
05473573975
11192865901
04798698121
70688204171
06199075331
42247126871
93949430130
06321987379
99771136020
09544238956
48781312504
30326448870
87686120953
43567829840
05846290361
13327253684
00102387001
04094674993
49278257877
01741731216
04316253360
06446637900
09934250977
21854196847
81086512634
13466687608
09554296924
07211405724
05359474610
07645231637
07344143666
07009868980
11738532780
38621671867
06924902138
60275680380
10870432982
34783840873
30159633842
05470823636
37978808807
45500962841
05640588748
13605667759
09322252847
29095361810
98058533653
91118620259
11665658746
08153386948
18433358839
41339278855
10340689706
51637847220
84722150087
07078993977
25399626888
05741322956
11097823903
86278927500
07496617989
13602153606
08021382929
39747936828
05600651910
15810218601
06061381530
61316675351
05897204900
32278057820
07878909601
04622541009
48372348871
05938253144
70647159104
39703844863
05725715930
48072288890
10759246696
36058645387
86329003580
14880330647
91932483004
13973593663
06708074605
43600773860
83297189215
46990711809
04522477139
13833046961
44843877867
04602509061
29783119249
05037658640
32246639875
20077417844
30156223821
85121347049
11727645901
09860202737
06666542983
70206169175
09757559431
81688920978
32539482856
13736376847
10788113690
10017507995
07117194626
39794961809
10151398925
41161204806
05146080992
53853261191
14251011600
09167565999
06268589769
14698567602
44169546890
67566944053
05686924627
94209030104
03994492130
04098355108
04054851908
03414877163
03012925236
03292402000
03172963020
03179383984
03205596102
03100025164
02923183916
02389526578
02821246838
02125589605
02081276747
02106014937
02534416928
02106168144
02276510579
02128510988
01744867070
01982373911
01480609609
01385394056
00957419414
00570961394
00886765951
01000761061
00718450116
00759690928
00207858012
00125746199
00049014013
97702544953
70367703173
06809357629
45336411809
70072341602
08943442939
17149830722
09426571795
73915610291
98799630087
16154714645
34955811892
32354646895
94617562672
70044876289
42832258867
05461745156
34078125824
07796639503
31356153836
05932999900
87068710115
07913908963
35063521991
10124491901
82011532949
82499365072
40361830874
09738294940
78173450234
97025429015
10182842657
04492511954
09246540905
02114369331
02071669274
05985022544
06229834901
46379102850
92156576220
39782748846
93432593449
93793472272
88227677215
04746771090
34206194807
31848767803
99019400010
10486264742
04451101042
32086010850
45066364811
47595830842
07506181916
13534668766
04519679257
02877004457
02553673256
00675855900
48949540525
97484482900
38669449854
08496581101
07244639171
91923905449
91753791987
23948195889
25995447858
44495367897
13330567708
07486377535
06211165560
11252123655
10269066608
09453090905
08815331905
31530228875
14159142737
11119181631
08021200758
53745007832
48567384885
79177760506
12972001958
06037327637
88634957268
98383116420
95505423191
46514855881
82396469053
10158313976
03185635680
02201296650
06404919958
04350760008
98143620263
04943720528
06460031193
77746678149
95776729300
20790944758
71636528287
08544725929
36259990804
08421136909
38842141879
55456740044
96565900906
10632708719
04462868188
10707117992
12659478724
10678929904
63514931615
35861249881
93966741091
06488274538
12203069910
07425334682
97158852687
13378002794
07222447628
12497209740
61255890487
30136882897
62109338318
62979450200
16121831740
61123907366
62176021304
17218886833
13383573958
32424783802
08246341790
05335243422
92788726791
42624612890
49228654899
14038958485
25885508860
06329806993
13124344901
07950311738
62807123384
13378773790
60306807149
06179921180
43276177846
13444370873
04818841900
62278547356
82300372053
09346253444
04028873363
95838759100
03813793290
03173922719
02860004157
01285334981
01070825190
00414113667
04433342939
93073798234
08778873908
13292903645
12594932965
93753446220
42278120549
31365993817
05033856464
93615302753
27524996802
38102334800
95076387768
92883613915
17774920765
38831144804
49637003878
85153540391
99167867634
09418018616
45887259809
36340705871
16774407838
05845160618
93251564668
53971644880
95679596253
10750739525
12654640655
22380501831
14672607895
13435148780
43582170870
06502891373
78338468991
35112645881
41343645824
70357018699
15297857821
61518735649
53119848808
13309239608
48245543810
21636469809
98060031791
07297869945
41683173821
27800382842
26623704833
48964649826
48000102846
08047926900
06903761462
53584015049
12720916781
15812342792
85400971687
48967201800
32415228818
06249360581
43254490860
06555116951
52410949894
08502106902
32109401850
35784014803
21805364880
26625096865
80452469287
38072495836
72796855953
12007147920
83560777291
14823919700
62640445049
99698420568
08712485900
11351500287
70392110334
07497913735
32315089832
45994563811
09641647954
04368485629
33811368877
35575946886
42340087880
39038379897
98008021004
81167334000
09199671751
08452089260
45229445866
08405290745
41212285883
52471301894
32615629867
22829376862
15109010609
34523268886
41681724812
10061415880
98579630053
86663682091
07017822935
39333627847
98135902034
12129138683
33603028856
05439545107
07084457992
88290220634
04946411852
22894847840
57208840091
26506678852
99219468115
13986585702
14970214808
30135813875
08195572936
11488724423
70891087168
43886054845
11726951995
06142906196
28219799838
35559155845
09193381603
13747989837
15971444794
15879167704
05288482756
06531574445
07939812637
22244809897
33953363875
48113547886
96496002568
45291561840
04088259017
05221010704
04030063926
04037532280
03704227919
03878324162
03749124914
03556011689
03583873025
03537795122
03427278182
03490714202
03355651150
03294924380
03234636494
03097473254
03106231114
03018701100
02977023275
02482160154
02806745039
02740720920
02716443971
02431872114
02366404026
02424732108
02245320140
02199497356
02168678430
02040714022
01969265302
01578444985
01704189101
01682387305
01181151031
01170739709
01383016976
01244585998
01233509136
01029016194
00270368043
00510035540
00259775126
00422628956
08582331932
08243850554
29287339813
38563839802
26862079816
06699270907
01382303157
00021205264
09370380914
07704113984
15647679730
09942635700
26764278814
42752978812
05087715362
43375109822
85862630015
10189241918
43201745855
31432574825
49413682828
26870055840
12519407492
36407418895
08534394946
06474867418
39825946857
41893803856
22453731890
26963002835
08235747332
07858732102
10702681784
07200352101
35189625826
09421111923
91414121172
39131514863
04568639905
48123929854
32393831878
10917240677
06567286555
09125766775
11389625974
11607309700
39697345848
10430737602
49701460987
36068416801
36280131866
04551029963
10601257901
17005246748
31083139835
10215414780
15136327871
39357423800
34698231892
09035207963
60170638049
40103740805
05407126125
44566299830
05233039206
48575920880
10751944408
39259352827
07355772694
24950324861
34894642816
05297868939
12155099606
31918848823
08334584504
60401931587
88751708949
70956845100
17889679840
05260343948
42916626883
29649796851
14974849794
05263141092
07444854106
96902698600
23464369846
34712635860
10952999994
46170581840
13675901912
14829396733
39220304830
94358931049
09194291497
09832204682
41895627850
07404364655
08652709963
11538110490
09301424460
09143086888
09816537907
07708079179
08117346419
67337953704
32492258866
39447531865
94496617234
70764894145
29675622890
31514498839
04478632405
07562183490
09703216439
41332661882
41376304880
69745676500
64122115272
17034397830
53923600178
91391466268
37057957831
45941340842
25664960809
96241578200
29257339807
04322694101
30673297837
15369717826
51672588200
42975403801
06480427823
11018505822
35157542453
94201722791
07096425632
77621360968
78850614187
41847687334
83281339034
54245885904
63259419004
85282464420
12594125717
66592003987
29565675867
26286683860
12859097805
32183284897
12045758788
04973398977
14576125770
22242261878
16111289861
65024001591
04295517461
37954753840
92964494304
11097410730
30348952830
08012935961
28299290805
51470675315
08495808978
86407414768
13098264802
60590300253
37096008802
79504094368
05844790693
48481432920
56481624134
92840850982
70329998242
17717130890
45073023234
48468983187
66796695020
41346789860
07780291901
96737115004
37340928847
64810658449
14614425836
24832245805
07866603928
18417718729
65001087520
16116405800
17596471870
11457507889
06864571106
24683019272
09118448720
91766834000
10309351731
04350771476
12621675743
07151134614
52428389734
10651750946
34801948855
04720839886
07056386938
04725132900
33788032820
26215006840
87659611291
34376310808
15218757829
10390393401
70165929103
37927516825
29893231809
56634781400
05561995375
07499959392
30602345820
17464748743
96093633187
22362901874
05069231189
08358950683
61422002004
07621143800
93684002704
17697540835
28090941877
74209221953
09799477905
35327557855
50917009860
56877072120
30147171857
45276752818
11832990877
41206858885
09211378770
78792037372
46465397803
09423790984
41793785821
05931617698
11145237711
95794662700
46106789851
25442955892
27486161893
37446160888
89965809615
49074197833
47608908823
35530635806
08779211801
31346261873
22679761880
35677627100
11285433629
64069079904
13346752607
44257530898
05679455889
88175294353
18307173833
95439820159
17089142850
18427604831
05014181996
47664373816
33420819889
10206691440
55649513953
12527144837
42795847884
12005035971
30201236826
10824067754
28346012837
26535242870
83521020363
18817121843
12145161813
08376634828
27931388860
22788466803
06317949131
27712961875
05636681720
04475965942
23001059850
38692031534
05416580933
10335132880
44661507886
93029683915
06390685963
78110742904
05155559162
32547054833
04321966922
08905691773
28002174801
36712166896
14743743796
21493337831
09072140451
77943015215
46704719881
06508695169
99428148091
07521922131
28427803885
17064303884
37801196848
29916989850
35442451835
30580292843
63410478604
78785758434
23954048884
30946759804
83897267004
60708121314
05580865783
33975659874
39347466832
95215182191
82495173268
75977320906
06015410906
35202511833
09565422985
44784466878
53297253568
40551057890
12300298937
11651190488
10771163657
05069184598
34187283838
79537502600
90702328120
50585289832
22968321803
53620330182
32161227866
13494115745
07087135643
86280953572
60712833374
05324534684
37980857810
27698416100
70983623600
35101337811
38433107852
39467751879
07675112989
88879062387
10071373985
48494768808
05226912340
43447776897
06731907901
84412461904
22891601807
26133466472
04410147633
51019280972
07067386837
12619530962
41656799847
43626768805
59441321168
06494342930
99349876949
85847429134
40978748883
86934716434
83345230682
82907978934
34753580857
09203458913
36586743850
37493370559
18235560860
41874603812
50196715172
92385036991
15110297819
40376336803
68176902934
08193696832
15296219848
04934262482
43937460829
44476896855
19762364287
05666012142
07154625805
80278191053
05784765418
10019583818
17012207760
44357463874
15461005802
48210011871
04477148305
14840644888
27375680809
45421141802
33705091808
34931593828
40378442813
35772620282
07800453944
09570158956
06668994954
06883417486
26750108806
43073727949
70469124679
12581110635
47928934884
91082129020
06012452535
31645203875
05813636471
41053045859
76842703034
70594769116
31847479804
05373230901
13353312986
30372556841
16764733783
05755037779
13344874993
38709569847
30787649821
07322435990
07854169438
56091605020
30775687804
34967217826
12677455927
13219465978
12159341738
09121425701
65552903668
88522342504
10346433983
05384448946
34950290282
52057708802
13130198792
05475628963
51897520115
83679936168
74486039220
09727235956
22929748869
11295098857
09008703971
04655068361
70010722068
43371163890
62526383900
11246913402
86754874600
20178623806
09191988640
09939639430
40174878826
70260287407
38007035800
83817743300
62309447234
40201308843
12041788607
45036205847
42164086805
06776979960
48319023149
88004414320
49923221822
38898836805
09040569967
43272655867
06886242350
42830719867
08391488950
12251916962
06013140936
23971575862
60970790015
07969964583
10852715951
16642303784
05449132565
82872376020
70236995111
31305990889
06827147983
05206798304
06951405409
25272548884
91819806715
32082114813
05043134445
70172008450
32594486833
98677144668
86638459104
09720354941
04424569136
08399857971
10385149913
82942919191
68495170230
38930913865
05237150993
35977002840
47387415862
80159796091
07702128917
05650042390
05390608526
05109681120
06919202301
45207184814
53297057890
33210611807
10155763970
06168855980
11259152936
36208617812
14317509644
55142418824
77222300910
28433515888
24693508837
08025314316
35460256879
96800585904
11662674660
05180095646
04763868101
32942812850
08127935956
07230163994
61600954049
04544591902
04449954475
26872954850
07771914403
11380460948
37820812850
05026120539
40691033846
12241104710
14335979690
92002730415
05017115625
22884373837
16885140740
09529433875
71499822120
05878287730
39945098829
17930819728
37961641882
89256646153
25261839874
08457889494
11276554850
76860043768
04334505171
87937263920
68972458104
09534373702
05248611458
09278942464
09851355909
04522642199
74292510482
64712176920
06044820351
11894144651
37387519803
05222808548
15561015893
18497145844
14653041423
14246542628
06927048502
38644821865
12375873955
07769515998
07581821986
35629716808
35621678818
43238138804
09600381755
35002173896
06899593629
13206260922
15206401706
09252027467
05046648911
22541873840
94482713015
44217894880
43405639867
12518230688
93140665504
45681795802
87089556972
10240521765
04348962090
13214409794
07652016665
72859784187
31982118830
11940055601
13657261850
13078213919
22711663817
33743318822
34962217801
04887382103
52023257115
95750266087
31755271832
05827460940
04414996945
44485257835
22286948860
35017611800
52829478894
11910040827
26927335846
19291138894
10483939927
06150246108
04929119596
38174819851
07610123706
10743550404
12111984485
04663525652
26431276841
42854001893
58357122191
46641654800
06093031128
82773726634
06410036680
69320870225
85828300091
40947470875
72516194072
45625995885
92094520110
11632567903
65255372072
55890768972
47091712897
39024340829
04370948126
08636810930
13324583780
04825090907
07229797624
22703351801
47000175893
14903336735
43454871883
29533507802
31572349867
28459606899
82082375900
41437582885
37357239187
43452664830
39489153850
28033004860
40325317810
10124478719
33680139802
06586870429
25709426857
37881711892
17958747756
30502412844
10195562933
36488431846
91706513615
10914176951
80681778920
06593821136
43747159249
15078717757
06978925900
13855560722
43782784804
82326436091
42643543823
05465065184
28494613855
04739750929
75012081153
94971307753
12586186729
10214359883
22565693818
22866826825
49532989854
08461250990
85768030972
70380101238
05784116959
33018605837
49265001836
14929720702
05458175441
80988288753
65419880210
38267336818
12062175965
45309001859
12762039851
12980673404
85957640930
77266919215
10200780905
26143357897
10375773967
48413000823
17338824215
08975538966
46946253817
52061202861
05597329880
76091422120
10690265905
34574061898
45997888134
22271041805
34082134883
06507230316
11998454690
37720046870
73135429920
17464098862
29625146857
09152899977
11745919864
05172111140
29995718871
62638270091
45473284809
05007576158
16799919816
17217836875
13128381755
99198207172
05088004982
04848308135
50283908866
73400351920
06021935594
11541675932
44365299832
40868587893
07780955923
06315537979
46069741846
09405268910
09579843910
11068257725
29757952893
13709583667
06962120567
06944057956
05831464652
39266614882
72101598604
38107253825
33999042826
64576434187
05897733724
09608519683
51850679851
12625508663
45354823811
82380023115
09564662737
30185522882
39048031826
33516036818
98037153568
22796437825
96827564991
21891594826
07052980940
09736485978
19810071728
15532293716
10225933403
32967414883
39972558819
11596648465
43996566972
05853769995
10080666990
07904382911
08544241646
14788109808
44093847835
39220624826
11113172754
46311700697
47056427839
46390220855
88206858172
13354435763
09797344606
59321520104
07581822605
07698889920
25151930800
46504277893
31192023803
38162545867
70259497606
25947669846
07723517408
98385623000
77969197515
04555516001
22936692890
59931973900
95651934200
97415251253
90848071972
08720712944
79127673553
39257268888
06018206579
06214724684
12103488610
13584498724
05831006948
10933307403
21926251890
46378256870
08835310970
10260592919
92902944004
05507067120
07550133107
49384432873
12764393776
04983558373
52337052818
99547511149
41265433844
92858627991
09949433932
09853496976
12757198645
08849033621
49407937372
46239948802
04473737659
11530223970
07440704657
39104523881
70093045131
22533735833
19757047708
08653624910
16557814729
93089414104
31325282855
37887251842
35413467877
08260829479
05754699948
05000538129
07735921993
92842755049
10883832704
10123454913
37010545847
34141420824
43906747816
89869370420
30024818828
45953336845
38308828825
05488418105
21457432862
38845530892
49679849830
70632198206
18975930742
05426817570
11205788921
10026467666
35903826865
97642991134
80544835204
09942590773
05823679998
41649263848
46953424800
78155827372
45560406805
37210103880
16709266800
09216205601
27890753870
99686490159
46344176857
15681906620
76030555987
19065377808
05436233007
06459297940
33800439824
08284373432
86792890006
80820786934
06682153481
43709988837
79224113168
10837800854
08577350983
41734368829
29682580870
32789354898
31069514861
45461366848
37696028898
29563447816
04320978137
09934646960
33317289856
05192259614
10191983977
10534533612
15602555870
13259344616
11285282663
24249460860
14532244676
80573746320
32629134806
06858750673
46472548870
09741745990
82299935568
07740473804
07538167501
80541160125
16109919748
46242707896
15123892850
49051024568
63797445172
45193848850
97227544168
97309117034
60608961388
11216175659
43684105805
51497476453
11491629614
05052534612
61519469365
06183426997
43347541987
43703638885
20182257827
14129237608
08046541907
70662915143
11575725967
05655669463
98364979000
44773575832
28453319839
06985479502
60717750272
91290120668
06477346990
05782128976
92431976904
40229699898
05465301929
09619822927
54179920204
34031674880
07181588907
05139431963
43509357892
19146431861
07009296901
41324028866
10226675645
52543262806
62587555345
08026185960
68252544649
88849112904
48020113851
11610055950
36463330817
69188653234
86566652868
10475306783
36221807816
29741130287
87659042572
10318196905
70928850439
09647946597
47232415826
40207168890
62944460153
07235525843
25415010807
10791967905
07606444706
52649066881
49746470833
05447611547
72311371215
96404930072
10186552475
08381745667
82284717268
05142357132
32345144882
19728217765
05797408112
64682048953
08119109970
09942690727
29247428890
86965743468
11244856940
32398004899
13451350769
13074835931
70902550349
69054800291
65051092691
71471213170
09324006711
41601803885
31186698888
39440123800
94155011034
70805988262
05752363705
08505091736
47143453897
10887282946
12163909409
37795151809
45635931847
95498672349
18413083826
07689916686
49666873818
07246151648
06704526960
74781634087
54681633810
86304623291
09677339796
32709066840
05687887709
11703990706
12347187660
37798756833
17576448733
05463759952
18819996880
42228275840
62030159972
11935255940
31069775827
17624398249
09751605679
12167743904
07774229990
06187202783
85808652120
09778417741
35843392864
31418190845
48453468850
06864011909
39870238807
09082957400
31854801805
33868742824
13402371804
38332613825
06766913665
14812344719
86387910978
11033213748
04607240370
97218901034
98679457000
45631896850
26779810843
65092210044
38517950836
37255911803
05672581579
22486497897
38032912835
09351321983
44260110861
39200013899
11019968974
90251741087
08648567416
13583482603
05924806154
99612372420
45241681841
08733451931
64119149234
34473931811
93790813087
47197206847
17106323802
09955013940
04467263110
06525859301
96271337015
49650320806
07460567965
04389860160
05413191910
10260212784
39132444842
05212857988
28174973842
06828987160
11285425952
09727553656
11807770770
11124445803
10536354944
34667834889
10065390938
04622183170
16775709625
35439264892
86935739420
34873888808
18080483850
04642709010
10438438922
84309164153
35790529852
47961068805
16336113701
46350343808
46244475810
07797625760
07766478498
42571031830
06445541933
10666830932
06402705144
09062752969
05326741709
12492328996
18763879808
05104739546
17047941886
77118405949
25227925801
07595243947
92547389720
17044401732
62108604359
05749597938
42809383855
81624786472
04532110114
07761683980
85599514900
88869369900
26827677885
05467742965
33755303825
09400391684
05296482107
04425222075
21808293886
37794038898
08070556110
40743848845
96097213115
08504295362
11747411639
32962973833
13778241605
07001171301
13589351497
92532055553
33444938845
06959209609
09578901682
05308457174
35284825837
08051008901
70152519149
44139547855
36375940800
26970567850
44880815845
04404347936
07233789401
14380123650
39004946810
12028222743
15627389761
11192300980
59097833787
09464806990
09800926984
12617171639
70568504488
33137189810
47888917860
33558047893
04571970641
95386785672
11955773629
40762763884
11805473905
70422057231
96204338234
10473555662
08707964617
08641753966
31906622825
33550086806
29774448820
05145399170
10515951773
88826309191
47160708830
07656502661
24565928833
39231539884
11097592669
13034360606
34487311888
31711143804
79432077500
86326485517
05610979684
53843764816
07438240916
08130581981
08061748975
05381829973
05565045932
70166781134
08750786482
11477373632
70369301447
15998884752
10317825836
70555978206
30581585801
22046934806
35742410468
43586138881
14225685713
37918736877
11902031970
44196095836
10087697629
45086313805
09962944732
09030850973
22140718810
08895952910
26098700869
86361767272
09066227605
34020140847
10472256629
16271329888
86631250030
40111404819
70816114277
07707119959
33511551234
53235216863
60906260230
80296483591
06510521903
11903675723
44774821837
35075828809
30114429839
08527191911
33675747832
99111098287
46917957828
05322128433
14140435704
45303631800
09539910676
04844036998
42435966890
75787660668
41457241862
04926216833
09124307459
30008881871
30152126805
04862174930
04693684970
30861027809
46437484861
04865481125
37920588987
82138583015
43117130888
37096959882
10451458400
45983159895
33588193880
10378954954
36180862885
19568777709
85996452502
39529996870
28224189856
06997478999
06748409683
30531239837
53643852134
94930465168
08234023985
72935316215
10632683708
22267509830
11010214462
79496180191
48472465861
09489603961
07769100437
14636994760
07031568889
12616159643
11677842601
18567048745
74863479115
63879450110
08762162705
04839180164
10306134608
14102017836
11068225793
14044665842
07574430101
35989242832
06036822944
05216835644
33423382880
25875538813
27391712850
16558542838
13659345784
70522360106
07157321963
31885194862
09560443950
29827867881
05202217960
05555564503
08066776942
09311348465
48694668807
13120466948
12109404779
43565325895
39550015807
07995657765
09981153982
08790923600
05438602999
43785507844
32669274862
21911696866
08572446982
11040059996
32746267837
28420445843
44758734879
05021883593
27696079875
33584566843
47293704810
05905228680
12460213905
26578538895
60253263395
13475332906
11565600983
70099098148
04772302298
77171861104
06621034164
50912682272
37017612809
10805348905
05392283977
95301941615
47648722852
14955702660
12778578650
10781688906
39246719824
39500631881
08169553954
07582601483
30752220896
04699676332
07783550126
12082995739
44732826865
18293939796
25967209816
05156588123
09946953650
43450126865
10539176605
41192775856
14097735667
11693528711
12606637798
09331254962
84251697391
43943929850
81375859072
72768207500
35478787809
19063872810
06281294327
09221422976
05558612525
49531504814
54388562220
43526049840
08429912550
06979460374
10836828909
67701558500
43790084875
06087319190
07784068735
38200378888
14176808659
86348211533
44849215882
29685019843
70514701676
41889835153
47943575830
09724201937
08461033469
27250752898
09278545970
09519534946
57185069220
30623219034
52613624825
09571731641
32541612893
06373497925
88130010291
60510752322
33670968814
07193565800
74995014187
12853678717
16013321736
43182691830
82917086904
07115982155
36439779800
41626037825
44032757453
12546144782
10767113918
18389283751
12334951781
40259829862
10011520930
10153183713
25904645848
31345081847
41307227864
04639301502
10158610679
73894222204
08234533673
35176022800
34306256880
09752397409
11997658720
12164406974
08370596908
13254314948
25916786859
60399605312
34155027836
12949257763
27225639838
80149480091
92149243415
13458905677
88041344291
70697064212
09625180931
11996815806
33672773808
30064410870
11263239935
66291143291
39048305896
49472380700
04640445377
38306844874
06890780302
35406996860
08473303628
73175943187
06632125964
48046235822
11792994427
04394884195
35817068818
32614986844
05596568740
29047257847
22798050812
70462179630
38238681871
11531155731
06766973641
06341206704
10987341499
71343221145
08660302982
12234650631
82633584691
78847540968
61177536323
15323236701
32880364876
36939826866
05525269163
07125581951
14376793825
84812940044
46579862874
08180803708
42853212890
32520797800
05564683170
22538883890
46425179953
36431691830
19441336742
07344018179
11527604918
46606859859
45299774800
12269979702
53155068949
11390290450
11020312750
60075271079
50653456867
36632792863
10475572661
10068568975
41343373808
19217066869
46454212807
25877957880
94688664915
34625381878
61515645371
98241443900
07445388907
49417773879
14982606676
13319234927
06406089146
70490620655
09866486630
37410063866
05456430312
06060443966
21931368821
35522416807
43985534870
70091784611
05737088944
09964554699
52513688520
17243444717
55554938000
53516520809
07682175397
47577882828
09248346928
70920218474
87546329272
05219764489
70111255155
15413212607
30796895856
57394490068
09598051927
07680508984
29940390874
90778740110
10003492419
62112086340
10108271897
45190364372
07954013707
13710821703
09809569432
40356924840
04806664588
06624937378
30235579858
86258507581
30758512805
07005787900
29111717807
13809345679
13394393441
67465013968
36084474829
10638195985
05713762742
34515047825
36335660822
60879646306
70003421619
13269272723
46422022859
56267460991
35952285880
10731332903
26566822828
40602088844
49779123814
45512343890
15775320743
24708956851
42734955890
10945491425
08197840873
13571211723
89474422087
05311633506
05891824981
04790837114
13559271967
11378975545
05852460176
40817391886
21677588802
41201399807
21638451842
43725591865
08987923398
40134882806
34117267841
16398042859
70504863452
95470107787
09793753803
11240157959
07502859900
30377407879
12506515496
07816771142
38329105814
91428637087
06825225979
06569985477
42604066807
44816577823
05268247948
14889246789
08914019462
19210100700
07283461922
39105805805
07072532501
07418665792
31760592803
09071313956
16480134737
43752849860
12916941703
48841673842
66785952972
47887881870
04522833296
15098696895
24243062811
41185121811
06710035697
05290160108
09854950735
07977559188
35734419800
08973885936
47428495822
45862396896
08609118614
37730336804
27097303832
12848849967
63476150968
39236913865
06911712114
50664545866
06087394990
14188326697
09864627724
11823030807
08876220704
67389589000
33487934833
32821319843
13499116740
25894114802
44548375899
14847236785
33568279878
07675134958
12588305741
05382697400
47766023857
05000523105
04940760464
05139730448
10532141628
11589961609
05906192174
50773784870
04567845196
08098847985
08145007909
09594676612
39083256847
08746164928
88394255353
66641888215
08196369409
32218418843
70468706674
13491309824
29946889803
21331117860
05816574701
15163168789
13074847603
06566527990
13007353769
12711013600
46948159893
09033646706
10161940641
06648166223
08051094980
22545471860
14372076851
40601222890
47297317861
07277025563
54291216220
86017464540
86313930533
08656113437
06960378907
86481789087
59436182104
08090472176
04962059351
11043320946
08131290441
06410188943
90754859134
38164817015
33876269830
06357534641
22145263829
04353822411
48021025859
06421714757
05358095659
08103934844
11185312994
27830271860
72487895004
17234862803
06690984931
87737167072
08924827707
11526229943
74400894487
14611378705
10493060669
06540064403
07289783425
40352858893
11877021962
39926630197
45367305830
86249800972
70699709270
08347057702
46959166810
11400016630
70347090419
22539705812
04763241907
32497898871
05182889941
04301424121
44507157803
31730201890
05388103781
33763474846
10895157829
05009834294
70179676156
05008618032
05242826177
05413341580
27147729862
35368073801
05743006946
13014662712
44684177904
78690005587
12968000918
07237814940
60971860963
10781409950
32311465856
06774007996
27769539846
06809903992
42350567869
31376162806
62372600303
10587991771
06476922955
60291635318
38015669863
08311626600
27270794863
39083072878
47505898884
36805135850
78005647549
17651911733
10846171457
49999890857
27409785888
12913071414
10802441661
04530410005
38313374896
08421736922
16032460703
11099959977
05512814567
52234061253
07350995610
89555856168
39850464844
05417655660
39058465861
04491061106
15901449703
30857195808
10042564930
41181781841
19265355883
05992339663
38929381804
31814635823
61916133347
46776273391
71580026320
56491042634
11706382448
07310987659
04408916986
05157359225
11653643951
09842048900
10831449950
05322784373
05263761554
06723494938
11605497703
12705001638
87712644934
14442397678
44155270862
29708560855
42078860875
42895575894
11201939909
05924270998
51662299168
12031155989
36857918856
11100665978
11058715763
42053159880
28071561851
12922748677
08275647835
40954727827
04450322940
14312145741
34640091818
47632129820
16857650764
83640339568
05709308986
26593431877
08272065690
30372433847
61173088091
33279818842
88846768272
70528946102
09496626904
26855857884
32937096808
10138582980
07548344848
06370359688
10128860936
70074624210
11877079707
21718033800
44711154809
09373362623
43882212870
60182687104
46598840821
42819014852
37373148883
09778642435
12949533892
15108744617
20462188841
04865564926
16392917845
70601380134
10861352700
06849884611
08418620951
85816562509
13821120681
06346670921
44700136847
12994755904
99800861572
09262959931
09283678605
08623548973
69032335472
10876447639
37760105843
05999991447
14455969624
21852708859
11883381452
50935650830
34288402832
48185402850
71305757190
09746768700
09993366900
82108250387
07585399677
21829981870
16043194619
94318069168
04979527183
07231364322
10634180975
20447771850
37243709893
09964752490
16925175892
12498529608
05567147929
04330695979
13528501766
10239187490
61107756308
77326695172
12011108667
12860100717
33977004859
08499288936
28675260865
44196411851
05224865174
62419447549
46866490804
98273442268
38239990525
04893400916
30587088826
10153205970
06810437509
27486067870
38908265805
04869038188
07764512940
05564570995
37008241810
70875028160
27228632869
04798332143
29019556819
33545555801
06061811721
43487265826
05900529770
08598267406
06761841461
12731298812
05950187938
70617601178
14533921817
74412892204
04437036980
09836991948
40264676866
48023736949
05672665675
09374433958
14777538770
91979412715
05660383580
36430095851
04368389905
97658251100
34360899823
47149717861
26491131890
12999982755
15745199644
11841937975
70046832149
59615621153
16957862704
09295891732
70160765200
07869621781
16826947714
31443684821
05086126169
22184256889
10730474747
07943987314
25451828857
11278497609
32774595860
11816113425
59503661234
05850643931
10791509435
46305429812
13613135442
12242176676
08273174417
49982192353
09834165919
13288298635
46708878828
08134591841
49477210811
15774356728
04754785096
70765299208
11451773609
07075851985
27665249833
05524994980
27661941856
06260211112
99736659020
07999822965
07102433409
10900133961
10406478716
12584278693
33811540874
16728729798
12412811814
07840961983
04908665141
34405660808
33227176823
40221007881
95698752249
30497474808
27545155858
31811694802
07490553750
40198693249
96635274049
37732517857
95830510049
04662003075
30152254803
04786316776
12854229967
07987789542
14874247792
84175273549
39104003888
08271584405
17791973812
26136812843
09228327901
36800386820
06215206164
43507126826
40752877852
43130561811
17696256742
06488462962
05859721412
15889196766
16209267840
06917637556
23098675861
09870548997
33119480843
10351659960
10109602960
60054413370
08977881846
35681127877
11251151655
04930921023
35366339863
17159242742
37787342889
07748716102
31350753890
11799913970
15762195856
09653153714
42617846881
05114368583
84509740204
10525776605
07223555130
09498368937
13501376421
38505441842
10890159688
05500110993
49132822391
75541912253
04844384333
05404875976
04475129516
06041482676
09561002442
06076591579
12046497821
09181098685
89083563200
04696214001
33972194854
05614907912
76648990600
15228187669
43055144864
07038555901
30483371807
04402696950
22304378870
16918481746
12204134457
70704057239
14146926769
13519996642
09887126527
12409038476
35282934892
11611603706
19508827807
70593822404
44738137204
50396417884
61749058375
33290925803
08160111681
04974677470
60169994317
08586882712
10131470906
36771228134
32068281805
57874654900
34771401845
14048586874
07113727646
08434218518
40491063881
12192636806
48914604829
80073301949
05257080575
50418134855
12237448922
45355052843
99986248272
10566956926
42752495854
05870744342
10934203407
22734109808
49349299836
39923442829
49553763049
11207557943
04713070688
75383608249
91912539187
07105962941
38089908802
15641377678
06235881967
86640577020
48616705864
06204149369
07810052721
04378048361
32297271859
81563191504
08772580313
26305424837
44764374862
39837620854
09896659923
08780414788
70349473684
07758865640
08323591490
05699733337
33594809889
82352518253
09801264950
06143536708
50748826807
70969900112
07476662962
16794118610
11437569919
15689656640
11819764729
08629967919
36746434800
33720888835
85914509491
05071964570
10902200909
70861493141
47828122802
25163101889
30905118863
09943979925
50869377876
71033609447
45436809871
07109999173
45026323847
11341941701
41940763894
46029897802
30466259875
33838919840
16239441805
25793118829
09719835427
37149298869
48546896844
32483949860
85911925400
04694891030
36960018803
08083307130
33175891837
50901788287
10755149670
05721961562
06986237979
13314431805
12417507854
49527140803
09349246945
08627006717
07279749631
50889278865
05353102266
10299761983
10468777989
72693894115
08240324460
35318872468
07255865755
38341673800
14311820879
40666104808
87695227315
06500898982
07799117923
65773071134
24960297808
07420996954
40404032826
14628535957
27931556836
38216464894
07767035956
10363720731
09076047901
10145932559
04626366660
32404244876
18635497813
37902298816
66821800200
38207936827
10121401642
05488727914
48096579819
10002615908
46536348826
06293918312
09434914795
72796758915
28958518839
13499304740
86546120100
18441350809
04885575184
07542533924
31606015877
66974054149
07779255166
08838981957
70301484104
11025201957
32196417840
10199075760
83737111049
31639642811
12358741680
42379665850
93132778591
07328103701
31736136860
39332643830
45641978949
34387118857
47137588840
41352145847
05354181089
04950618911
05905574910
34330152878
55535860034
05836710716
32194033874
05312578436
11072013908
04589994070
34394035805
43839435862
32383990809
05885095906
30245421831
07493094900
04998494180
32036418287
07060841440
42561758818
05779224757
22533661880
48544079806
64745104120
60018393365
09098392989
13479486606
47995233841
09126878941
04714191179
40055128874
08509366756
77508769953
09872908435
48850046839
70433793180
09839583867
21918895813
05609083427
04611789314
06255749665
38606094838
11883700493
77258240497
43444582811
86023966519
57962510072
06669219628
14346735703
09315651707
11679779630
44669767836
41264675801
09682366933
11853690740
09200869858
05037494516
09905091920
09595685909
08378179940
09154568501
46335867850
06003056517
05633549503
42302718836
46587566847
04719876382
39046615820
05510809906
10265822700
85119113915
32816742830
12085775659
56872445572
34508615813
11577976959
07089908356
08296896486
09901652995
41044674806
12013754795
10909160864
57826021120
29677034863
10623223635
52828759857
39636694893
06405127478
39920638870
42171323876
33350842844
11233171860
06901109601
35769323809
41175192805
09748736911
36456775850
73312444934
29633337810
07684024680
80949860930
31667549898
06416090198
07771807909
28285806871
46243495809
30006100813
06343183736
11628870443
07194580306
07123172795
09030116463
31713517817
38896777895
41469096862
27584471854
42673101810
88926052400
08046319139
22730980814
05900885720
08137049797
07358395905
90547730900
07478051723
05339702707
94159262368
13051071870
90402936272
11107298989
43904745883
37806106391
56548460006
70717355225
60077297377
70352524448
08995930977
04737236543
36166998864
09287011745
39386081881
70537086161
50098393855
46052847883
07443710585
99570041072
95298517900
17805454876
15200261619
31104201801
46310132814
15735858742
40410876860
11005373760
43329151862
40637629809
07440228600
04942352924
05345271917
30516340263
05176410117
22701330807
50736241817
10457778970
11782877770
08262089910
19249300808
10624667995
38900469835
15886584730
06555235101
86192400059
09534470490
09995217996
57584792847
40797019855
19026368801
09852957759
46215200832
49488626810
46684141820
22454758873
09245231909
04379248070
40128450800
39672915888
36417131882
04597101179
40119886855
11581562861
34420275863
05351614413
90077695100
85798820521
04639867921
29036117852
11671473914
16178160860
08320656923
25813097848
17807010711
61448648491
46571371820
51059611880
38950479885
08892795600
09806968441
10778003710
28601026800
83405313015
13151618936
51750093898
38968432813
32486633839
06719012908
16587275761
09252210660
09321800786
44657860852
36870184828
30638938899
04610758903
09272242916
04295108022
10836670760
07304649461
38868321807
40146398866
05449578148
39276084835
99816873591
84426888034
13612869701
30006207880
08020842900
07600113384
83654410120
17775804807
04454371385
05401708017
08901174626
46854092809
05346633707
18647787765
92270450400
61345286333
14598014822
70343932148
05499395985
10812353650
06840079910
86141244068
29247775850
08403070985
32500547809
11419712918
41360713883
31346872830
32443830845
22296485863
44033145893
09026379919
50232909806
21735519812
64763145568
48102408863
08897253903
39641128876
05935762927
13945577870
19690566814
05643269929
07755464962
09513873919
43794329805
39497574819
44969141827
06981867613
07173432430
11441527710
06948672175
39190267800
04986901303
08764337944
08651624921
38994160159
66255295168
41959269801
07380729748
27433851895
13398009778
90187245991
04631038586
06344188901
07580638142
98741314549
45304176898
70198548427
07686375706
21417863803
81295863049
71845500130
13467823696
49338838072
35192983843
37738995807
29805733882
21587662809
86313258649
11938840712
10348753969
33074392860
13545403793
05398220519
34162660808
05474002335
09546117994
27625003892
05706562903
13720237710
30374980802
06494588506
11217050817
71809163404
30719818800
44346674836
41786847876
07830147914
06931121588
09426546413
45486333838
06113445305
46473748822
38527216876
10891743812
11725293455
06415002970
05189897710
46397521800
30510859879
06751443374
07184402774
50818929200
08856980967
44357300819
12427341800
09268489929
75703700230
46286405801
29068919830
45798022846
16261148627
81176236920
11131380681
09776476929
34070287841
14079261608
12135710490
05008937308
94440190987
07308858103
07394214176
22679690842
10057807906
16149618757
36040805846
70251315630
11784293938
14759107703
11154086909
04298484980
42825192821
08298168445
12725197759
09460995969
17898873726
10620582910
08005556942
06492638980
09040275700
07568411940
28564428890
87092832934
71230971904
08324842454
59748036634
36878134870
10087726904
14069052674
36350988841
06981025418
35334756892
36970244857
16886714716
08398635789
34136429878
16793092855
04994453179
77564081104
05484477131
05779328536
07643018375
87109646149
42463139803
43712840861
52192903200
04854751380
15626820833
14392650898
30740820893
15009438860
28275904846
30958235848
95023470130
33879324808
37431028890
36525967813
08357146759
36171542806
12538781965
62452150991
10699425700
08653562702
27720801881
33487828804
63452952487
04814779003
74123700578
08133474671
82205353934
15502583899
41235407837
08174724605
22229737830
10433179961
08523787933
12423592655
46321247880
51022044320
05624058365
13901707727
35444365820
06632575650
38744601859
13206178401
11357440685
51390761878
48039538807
51618567187
42466118831
21934477800
40335182828
06860429488
08867648667
05780842361
70552602132
81475608420
53597990134
70862002206
04803794910
04360210051
08600268923
85394920087
70622906020
09338720896
11131192680
18205519897
78388031953
28671469840
07392258125
04414025931
10475403983
06487619914
39236188249
30049042840
52266653857
07199968990
12271843790
39020744852
08812362923
96945370020
82248923104
70313684138
06832746270
13828104746
52907872591
27819380845
05513971798
42582995886
81388268000
09745927651
47669344822
47694775890
10850097932
13460039981
12155751818
13564157689
09729613990
19265639806
41444374850
87716780425
12591957916
10910957959
15633215729
95111638504
06003615354
41707206953
44007431876
84743034949
42935558898
24780055814
09312318411
07465545676
25638001883
11526007967
05296783140
45854250802
41251988881
32143476833
35025081866
33999105844
05491686484
70967546109
11392659620
12724193717
20465152775
45571734892
76698459020
05342925932
86779028991
47700278857
07419296944
61172754390
04771110760
06517054952
12430164698
37821838861
04620282324
08927861914
90348303734
08372623996
69827737104
70217928242
66308593915
30228853850
12823083782
05963204500
10714658723
22700037804
23129688862
06460230986
45085795822
08541608921
17971776721
19113493760
06473215999
45977118805
21985351811
35273460824
04314704802
05739746914
43741813850
04311519540
08093708405
11685749941
67454755020
10805096825
07019306837
26569957287
40666637881
22603579894
17290843894
24099236315
22685754890
05998613554
37686612880
51644165813
41172656878
10724046992
29708551864
14977921690
36227350826
16889500601
77577531391
86499564168
04737030252
09926045758
10394653661
42395302880
04895645266
15109951705
88020118187
34780839823
41430729805
59756799153
10667053999
05584117382
04337287523
04578073424
09505181906
72084359104
97274844091
94451400368
70481636900
11933963956
33999854871
42557139874
10123514401
98506889049
10320108600
24243834806
46892682820
70203219171
04348247986
36387904870
15234544745
14896875729
70059939427
11238731945
09864269461
93697791915
07892374310
16391493685
06760140460
43658055847
07231600158
11850048401
06346352989
40601301846
19215057889
40476840821
60838986331
06026891390
84921218668
15485120601
70074953117
38994741801
14658958767
05231082147
27617554800
27686760634
12731812630
05852355704
16970079880
04594683169
52512383806
13130029923
06895250875
11180321790
11738301460
29844962803
07683837903
42530702802
09380786743
11930516495
90049632191
22194129898
09458665698
07058984905
63077981904
06015067586
27895413880
14212206609
32621298877
86105027249
06379441514
51407272004
44810010899
50153537825
09878927628
07076232944
96995149491
05961534146
30327639830
07379025740
07982993630
06095166470
41185008845
08746170650
49709210831
39629869870
04988133044
44841970819
39065060880
45866758881
05276767564
12309750980
49439269839
15903242774
17483365846
24836824800
09684589980
07248821977
38304747847
07709019994
06593312924
30285807803
17078794605
36922937805
25809955878
11139917986
32605348814
21744074852
16792385662
07471169389
10319801993
23753838349
04737866997
05809645909
98109405053
10915003473
26064790172
73919730178
07262657992
32646599803
09857733913
07575058990
33428141873
07280305431
13366993960
09864452908
40329523880
39363314804
31007526866
05113348180
43791794191
09760589443
40245157808
80793550025
09621820448
06873313408
13088034782
04888492840
10986467979
33744107825
04418793658
06521753339
10837371554
06469997538
06947882524
14035417602
28618589829
06743988154
36541749817
15963678650
30493521836
39422591848
10591967944
10402444590
10279152485
05714503007
12106133952
04615960409
10642410690
22813719803
04521227910
35059874842
25375816873
10890431981
11304108708
46939329811
49522427810
70138488240
11758681918
32675686840
67494773568
10290545684
09727063640
34384411871
38059276816
30467921822
11320763740
06704935118
08975699706
06349593529
12607551692
06303958109
07206153992
85791698526
53998458816
34787671804
49845052819
42650927801
32552333800
37940306804
34707589804
65050398134
22881116825
63086417072
43484356855
09562824900
06728697136
85323667087
12480793966
05648743610
05665374946
08174620150
45405272825
11297771974
05788197910
08730167507
27411044415
12666929914
06013165688
42113312808
11482178940
84851090668
95321446091
15476037713
81181299934
09903409966
09914758959
07285223573
35330557879
36132059806
15270479702
37422643897
37674469875
11005385777
10170331881
20405288816
19534162841
05375211947
13384482697
10274457997
49319904871
09441175978
99052687749
08171430686
72925949304
16760861701
83308105004
73579505149
06567161183
12819092624
97691186487
29224027890
08604544607
09194201927
11127646826
07957612520
37920596220
40997428813
06375930227
04818944114
18306363833
36509874814
09777590830
96090286320
09916967601
10228534658
06575853196
08537048992
25856441893
06570081926
12258330947
44048776843
18399115819
10591835797
11842968980
40175945810
04619194352
07148365163
45323764830
35333588600
05550693380
13669000739
43977800809
47245848823
16456664764
40504267817
06326010942
34859397819
09686382607
21354813863
07390100931
85452793020
16661106808
34731661897
31505674832
08409545497
70097017175
31116316803
05176817900
71327470101
91440220930
35494863832
30760654832
11702817962
85723088068
17561577745
34337055851
04707713300
18587973738
61240894325
09195047956
70128752165
47540510846
08256094451
34636710851
41348319895
17746516882
05650571384
22301112802
84609079020
11164021494
09864496956
24831998877
08377228963
09889054930
82913684220
42083606825
40600722813
34460088886
05251629508
04924376299
12053834412
37936289810
21509206892
31342551893
11905100736
82916098968
50220471878
82637717149
20325051771
09737347447
10147546907
09443757745
05001966990
04350714910
09110202927
07935660379
05415178996
09138303728
84602481434
34404050879
41982709880
05281370502
60393823172
10657476757
31217081801
45125076805
06909882903
09476309709
05991963940
07958444176
05642528831
30766101800
05064367996
61251675344
42442511894
45473656870
29496549837
10690870680
05151417711
45363145200
35868006810
43608355820
06696254420
48274328809
30732053811
88633705753
10350022720
04898695132
05721869917
06849464400
07143685127
07213809725
40311370870
04391899779
07844849703
11581594801
08370620477
05534888997
06087617450
09736701778
06479441460
46246014836
42404910884
10089235916
10048368644
86205552604
16622885656
94211396234
88082334304
08780365981
12555602402
58149848991
10586392777
18287609780
12913655750
44818442801
06558288931
06590016160
05951654190
04500641157
42455580830
48989051886
16186029778
44678932291
43350376860
07943460499
04546495170
10624436918
30612027813
95489410663
06983465300
07563179917
04619694320
29859320845
08838888400
98332333768
64498980700
39237546807
27354825883
84280948020
06459302960
97217468272
07568160920
29005693894
17428484782
10823040771
06877032985
32598951832
36726322879
10006900755
70136165168
34227755875
08767715680
16855840639
04790203700
60513939350
29174369806
11850613630
12902978600
04454983909
09642363623
70973873272
37687205863
10439133785
16338204755
06872947110
75396041153
10869205978
65272331249
52133818200
18270184888
28105452863
18522654778
59516526268
05125893218
09464911948
33187579850
34650641861
14275793692
32954537809
22702859801
04734864900
12106583648
43571800826
94238383087
30919152805
13936051410
93495820663
07463587339
05558936932
47599123806
06053215155
87278944600
35908278823
26804914830
06872976560
21508812845
31600467881
76789578153
73845574968
08258343920
04605562907
40632632828
80018952976
27858951858
51254574859
04489947208
09748223965
94020531072
13271249636
45012114825
49530737890
46637944831
06194661976
09785838846
27554201620
28388095803
61612670393
15729073712
09163110903
09987446973
06612331461
46440114875
09919193437
44187004807
04896830105
39977063877
08272942984
40190294825
43174663920
82954020059
05429239984
10856564974
41418537802
16845028885
70187480117
11449239994
46345839841
06977819928
39334241861
09112206407
99482290291
85144460020
12446446922
06661888156
10819101940
17041695859
61811511333
07324607942
33213447854
12458448909
49036121809
48203883800
06706184543
20401216764
10187131660
04520664250
09700517942
47222841806
09409789974
07698349900
42304470866
11713587769
05458621913
13179936673
44144501876
05556000255
78812062253
31373515880
08413594669
11905274998
23088413899
44844315803
12295419778
42424050813
11861291906
04297869993
04717641167
30250588897
05584435759
09456967441
51919558896
10064215997
35460620864
06417587665
11157906419
38761589829
12909268756
04812758513
06878015677
07300449476
38599882805
44494520896
10121754480
43722005876
38193518845
32709906856
13241165957
40778381854
81920164391
07071580367
36789055878
73600598600
09905826475
06367995145
47506779811
78905125700
13350462677
45998336810
04911303921
28126549882
31708565884
43473265802
97778800730
33777704881
94083568100
06429813100
13044263948
39042479809
10537835903
47480600852
10678416958
06237783784
31849340803
08580148316
09253970677
32567697802
08794927677
30726369829
17921713823
13794536665
06145267950
05817831660
47013487830
25430675822
46064258810
07840751318
24729583825
87598310572
44741514889
17045905742
06088411538
10511701411
26418464893
06481569150
15076902743
32918249890
42902639848
11563280981
90074777572
09370741607
05147256300
45304673840
11415742928
07946084773
10823231950
06182246960
25169286880
58652647291
29687514841
12450824774
10373038739
26348593843
54422302272
06531152532
06166935919
06075610502
11588369617
29057624893
78351480568
05063064612
09948801709
10808238914
05155663903
45182340818
35451121877
10398756961
05131528143
04461834077
38706017878
47179528803
32619265894
21466052864
60027137350
10544319656
70838501273
84331321053
73548839487
84688980078
10432268855
10005752922
50585340889
14668115797
50346872839
10803604920
36498072890
42495569803
12038225966
98749943120
12099878994
45076188862
43663763854
06353736614
07978250709
17173326842
11402744650
12646203730
30743348869
68724420697
09096289471
06968900629
27503985844
60990436322
09041979999
99276810544
06884194960
09703301622
49513767841
04965009452
09870690807
78778808200
16901341784
32505084890
07645814306
77711190697
26008480880
32112044826
60194107302
39095839893
09002999674
82798478987
09883155999
05824573948
30864487843
04476649211
98571966087
11874118922
09237507976
35300284874
22011196353
37240711838
48210497839
15263783701
35420652854
60778457362
06984906571
10266278930
05718190100
08470054961
05337171917
57315980881
70011114657
22351648897
05913031679
49051748809
06438277908
35695076889
61406186309
46405710890
70215514602
38960912808
98386271191
04397990077
41686266871
12958447618
13389313699
05873709556
21271311852
29573550865
06678458958
09569342935
45707972889
48839193820
15281880713
13463471663
39106713734
04823654390
06463793132
05245609193
33556363801
04607526428
25359984830
39438377859
10048885975
59784431904
09859509948
45059520889
21683712889
96187514220
43821708859
04369574188
44834353885
16565676879
46618526809
33152545835
10308831730
05582671650
06274133666
05292139742
08732921462
33795365805
53842001894
61753921325
04659938000
65910451120
17551115765
13624630601
53558771842
06870316996
09706778713
13361174600
49034710807
94029016049
10759498660
78872570263
94909873287
37465109884
39248507808
09813038624
50438251890
11731275773
09435904939
39160575883
07584496156
40569134803
49321150838
22339980810
05404402130
81579950191
70662732227
40103198873
74486225953
43252073846
27308791882
55015891253
36865504828
80479545200
94498318072
48018574855
17548484780
77655044520
15059587681
29665260847
12162840677
86000993234
37271885889
35199560808
90867823020
36159756850
31349963836
13428554779
84934034668
89042140259
18816740884
06961255795
40992130808
06084766927
96636858168
70984119140
39058918831
36836897817
29148192856
12134799757
19694267803
32449750894
35334759808
41817550888
04521767192
49250551860
04526796301
05591105700
25881333802
43831397600
40470307838
08762095927
11197240748
42387076800
11078508941
11848330952
30902666878
66825849972
07080676975
78361435387
36071124875
06390251530
08697224926
62843049350
21575930803
45805056895
21541581881
07566503561
09225410786
04365866818
35252832889
53523039851
43056448867
16216858700
14145370775
33320644874
80237940949
09002041845
22365112803
46985162851
08843397931
41555359809
85963933234
29690341820
19442178865
31085726878
04937665103
11903049610
66537053315
36552264895
46859980818
43320648870
22868326846
17604073808
11223054942
04844647954
35773647850
42672371822
46719357832
34262673812
10625831403
15991135894
10153042737
42381555803
06521826905
35601744572
08238248701
37185446287
39902830811
42873133805
42816256820
33827569869
38208411809
05335298405
04618128003
23539883851
34093574839
35246485846
65512472020
11237256917
18568015867
07326469520
36341155808
70144451387
25325394886
93679580215
61940470200
15865705792
14573479708
42290426806
56386222253
10164701931
11606063901
06209271782
80152970282
08252655335
24893857800
18611957881
94608040200
23181853879
92082416704
07185746809
58557687400
40326537805
39078596856
43656687811
10950564761
17134989798
06464005170
70062637606
96762314015
38873514871
36680593816
11427017603
14515546724
08641868941
41064679846
05351097095
27766414864
80814123015
09008487748
74175556400
22504682816
12761857747
15814878860
12443633675
04482742139
07428846196
07449799944
10319907635
05857273927
41281353809
11938760794
05310140964
13709675600
20412591758
08609193900
06538641164
82058741072
93717008668
14589445735
11789882958
27074705896
42236865856
43808437855
09251058644
48180279871
37346599810
11239084943
09142091403
46502286895
05914940192
39030882859
90620445068
69051607920
05674102694
40209604883
61596212381
14894515792
44540772821
95776770378
33423192836
04319972171
49078516852
08594569947
43832634886
43742504843
29530366876
53538092893
09084639790
10023300680
05316636120
05597031988
13354722665
07116150986
46469871801
05190178544
48309252803
33960325860
61259250997
90601319087
31792939850
31667388860
05811792697
07090312380
42084432863
72816198049
98537601004
07463829790
30535023804
08248173623
26851096846
06432414180
32898965871
13172941655
13392439975
06363065348
98435116115
38108527830
25997949869
28687391803
05455644688
33755712830
65509250453
25696515835
10231305990
11257664921
05363925109
13968728769
08663542550
05430120189
69664188204
14271603767
42106288832
39007821806
07020698921
09311539996
13785550740
43371867862
09938298729
16128336752
12739129696
41192639839
08456389714
71586886150
11122336446
09154915910
17533551842
47684205838
27007289800
09124634905
07577700371
22315976839
08999245900
18094615885
09132437951
11135806900
56439040987
15631158833
08429444947
09566552971
21554119871
12319421939
40225275015
22609373813
28920029822
47360020182
23376627487
42514318807
04495303538
42659631883
05525385902
34180194805
29995819805
29703623840
07407698554
33114434894
10028436423
11914873777
38544532802
59689463004
06441533189
08236071600
06847921846
47489518857
83059024553
09060571754
77122461068
38852284672
12937500692
40306685850
71619402491
81804512168
36006211572
76493784700
49215493549
50475339487
79078710004
66741599649
14758786801
22722793504
85097268920
25274049877
83034366353
77823818191
91925282104
88412261534
76871517391
77254945372
22671673876
91391997972
30494979801
89126076934
34477483899
32651829838
35415783865
31618201859
04663099963
05394330476
30054461820
09900465750
33898732878
05377368673
06900074936
06659375988
37730773864
13503133780
96611634215
13185755758
36337419847
05940030912
06897984906
41364319888
08253656947
08897991483
13275319760
09432359441
10702558664
12863379763
11761072676
41126739812
14746361797
41707243808
10110893603
13660057916
09868197945
11277473986
07416038537
05619393305
12018519476
15479613766
05722744166
11502411954
35834540813
72045248615
46123386859
11845936981
09749441907
07666822502
13161560957
86837192949
05275320027
11781797706
81971842591
41596163801
11305017951
06960926971
21628632860
12944724967
75962756720
04935771909
29857869831
12994682680
11947761676
21317245865
04671369044
10721276873
36492279832
09151293960
71662490488
07150373909
04976293998
88962466287
22293585883
07587592903
69485488149
21378307879
26526916864
27559701892
35500525883
47440649818
63583399153
85862178597
13370869756
04471050435
31711552810
29014621892
35509322861
07273743542
99095149072
10167444980
26059291830
04408002348
41926670884
63509059115
12109210656
16513951879
31604220899
41129586847
82662460253
05592770405
08959826928
18563315803
42787261809
89094719720
17047002804
36364187854
18910566892
32764276800
07922530196
29811440816
61402192568
42855125804
08027583632
91628539534
04326391014
42348822830
31000938875
65838203153
16912346804
09554125607
04493927089
09337158469
36110837806
12620578760
04408251569
09496964982
12519422963
11801230773
40616474822
12520206780
75232863304
21954663838
51252996268
35028598843
33737035814
74670794191
32349977803
06926292973
09939178956
45226492820
58039287200
14567366638
13736565909
04529852938
12464103705
06552756143
63570114287
44408466883
47014743805
12304014666
12790883629
05110968446
07917568660
44938443880
08749316907
07772453450
14540286706
83276556391
04784418199
09264220496
79840981153
05353221605
10011654970
32029974838
71947027034
40073857858
08455453966
10310198712
30067645879
10173947921
13595397606
17255797741
33516517832
06002231919
13436711837
17858813706
52796029816
06188086477
33693936897
42511759802
43227817802
70137839600
04376124737
10667316671
97883620282
44271869805
83340831572
05158470979
42394254840
75705893191
15338130602
28075613813
04451683904
36186328864
13510000986
38564624818
98499009972
10315484756
47473694812
53285484004
15207996754
50800035291
05620452107
10487968174
34657178806
25710658820
10376779438
99005573015
25786193870
06248577439
37735784821
09173559970
98231871004
45623841821
06558315840
39059075854
89071891968
93512511953
84798459100
11853210714
35443670840
08291948941
41779393822
63831201234
09562848418
81688920110
28868379899
34921506833
09188929965
08799452731
05723745697
08476295979
12886721875
37777215817
62487400030
93620578087
07751422556
18216325835
08059580612
35258465845
26902688842
11657016773
10113609850
05259562712
05460064937
30155542800
27361026818
30393103803
68801122934
08988573846
09085064902
10233205764
30542263874
36004957801
05814222522
70023093153
83328270000
32676213806
83578943134
70831912120
11830881914
08094242400
14082002871
12675379654
37656733825
84823097220
12583515799
47020419836
69692815234
11894276728
13357308770
21559799838
27115299838
21635370809
44155347830
40242349862
33931914895
09393279705
51575015870
22442312832
07942566781
12565534760
47934276850
44946195823
12393664696
37947324808
22310778842
05264487766
05708572442
51913994805
88995887400
04681055492
08272094363
76233979234
29021469812
11962125971
51371044856
96712279372
16404134802
33218845858
44612789806
12397698498
19692063810
12889457958
36900963838
29902781845
09417718495
04293022902
05311166460
04285057913
04290274943
04286009726
04277328164
04274264300
05488638903
04265237177
04269035528
04266573901
70650671490
04252201098
04245362774
04247832581
04244577688
04242219180
04222430277
04250407713
04232606939
04229064926
04219472096
04218773084
04212944421
04206669660
04205401051
04203469023
04183163412
04177918792
04162985405
04173573111
04165433675
04166807200
04158556678
04188704977
04159880983
04162527377
04154229575
04155735059
04183562465
04153287644
04135402518
04130828142
04142701185
04138500138
04140131900
04138159436
04136511930
04149555362
04125201170
04124586671
04116806927
04111115152
04110877202
04099369951
04104928097
04103267046
04101888086
04101611106
04099350185
04088950046
04096905119
04093009260
04083564059
04073572970
04065347564
04064053109
04083309962
04053454026
04043143508
04051593312
04040779940
04038643131
04080206526
04034486031
04032906602
04008207147
04009962194
04004756502
03999070412
04003679989
03995049230
03991534975
03986363971
04015609026
03985579938
04022091096
03972411006
03978041219
03967353982
03965695100
03964313645
03959684100
03951385073
03959018045
03981961170
03948344108
03938969512
03937122222
03936240213
03935451997
03902732369
03893768688
03899529901
03906072401
03928400738
03890973906
03915350214
03924852499
03924642257
03918069982
03850482979
03908872936
03887560981
03886341038
03883201413
03878148925
03858339032
03876890527
03867275971
03869285338
03867431000
03864295530
03856334831
03846900095
03854966482
03798898707
03835845829
03839887054
03812857316
03808876140
03801856100
03799715932
03795521670
03791845080
03787299262
03786989079
03786296030
03752090340
03767686066
03766953079
03764965681
03759671683
03756304906
03753251151
03754832093
03750718067
03748918348
03740104040
03745540131
03741615420
03740489081
03738720979
03743623609
03735525997
03724473923
03724696710
03720528006
03717418904
03720282252
03711687911
03683880007
03691751156
03685562983
03679636989
03676944178
03674272814
03688403010
03661953958
03667326920
03659769118
03652584902
03658189924
03648469177
03638971007
03634107910
03643702973
03628609127
03611813702
03618809018
03638923975
03582206963
03634508400
03577345055
03575948941
03622802901
03607428077
03597292666
03606072686
03590029277
03587170436
03586566565
03583882954
03573175058
03564345914
03566914118
03556217031
03546820754
03546534077
03546184904
03545485900
03541928255
03539827099
03532655519
03527612530
03522273117
03517584290
03513222050
03509941101
03507970996
03503523057
03503040099
03496993138
03499481278
03500819567
03496939354
03484975474
03490080009
03494572046
03491519039
03494095019
03493478160
03476568032
03474912194
03474819305
03470817111
03458510052
03469902038
03464749908
03447283076
03446968989
03429249660
03430668239
03431505570
03426517060
03408168997
03407003943
03403877930
03402341999
03354689005
03405515505
03406493130
03396368908
03396080130
03376649278
03386133312
03374879012
03404887190
03374595928
03369415011
03364886024
03357420333
03368182030
03355897744
03363687044
03350329233
03338047088
03349894186
03328017992
03347136179
03328623728
03337223702
03326951400
03320165950
03325082181
03326637284
03316589767
03314037066
03306371939
03304951946
03299011928
03297988630
03297776102
03295164932
03291054938
03287885626
03285362294
03286636118
03284287957
03269759002
03278486501
03269228066
03260855726
03261079673
03288002795
03253073009
03247974008
03223243003
03241706109
03232074138
03213849707
03227800047
03221057148
03247960643
03212749970
03217983254
03210474001
03212296062
03174809525
03167710152
03163034373
03166110933
03180103647
03151708080
03144169439
03138287921
03162190533
03142741119
03159777014
03157425935
03157973630
03157365509
03156836354
03153902127
03137971969
03153158142
03154468544
03137078040
03133164066
03127433190
03132794031
03122933306
03121697366
03093706041
03109022745
03135018156
03105838104
03099027626
03092544269
03083145497
03062437502
03070326552
03072144001
03070928013
03061805028
03048580050
03055603109
03061210776
03055584716
03047561990
03044078954
03043178459
03033320007
03027379011
03026672530
03027776282
03027394088
03022895003
03010967160
03009185421
03004297540
03005181537
03004591065
03001243171
02998591264
02982454009
02995357970
02988899940
02951085923
02976755590
02968458094
02976473005
02971173003
02970623013
02965332111
02964366152
02958560333
02945581442
02948715008
02944864700
02938929030
02937902995
02943693090
02934283950
02929387050
02927281076
02912474159
02902991100
02893483151
02911454189
02909967166
02895490600
02895988935
02882987056
02889537463
02882831986
02882387962
02880488907
02880074177
02868669352
02869343531
02867957010
02865368033
02855197198
02829887182
02843763029
02837192066
02854673018
02850403407
02834712123
02835677402
02834101752
02827831724
02823344160
02819999107
02845819170
02816653625
02816221911
02814515080
02809483604
02789542430
02803381982
02799981550
02799635059
02797114922
02791887148
02785325192
02791504150
02787001955
02784864014
02784583350
02784551237
02779213256
02771867060
02772610071
02767585870
02744107298
02747290409
02753000050
02754501045
02755692090
02753701008
02751358020
02746989000
02783111055
02745888978
02745504070
02720438006
02740341903
02737778905
02736409094
02726719597
02722982986
02732043001
02726325548
02724086031
02714269508
02708360981
02743573058
02690708930
02695058063
02705732080
02705388958
02687751170
02682669050
02667394151
02703957840
02681958113
02681518148
02679169905
02666811743
02702872131
02665633175
02659193983
02647313954
02652149040
02641353695
02638198099
02618852273
02614270083
02646082169
02637777311
02628604060
02626645184
02527794106
02587256992
02598878973
02592771425
02587296005
02569338044
02544521325
02572155737
02547943352
02568726946
02585142485
02564336078
02577322097
02554601046
02515949398
02535057557
02526801974
02526749107
02520825081
02522544225
02515616151
02505250030
02505863717
02515332471
02511446588
02512182797
02510841912
02503741029
02486606084
02475683252
02475355590
02438142081
02462889906
02502017203
02473362114
02493061071
02431462137
02456513142
02469725992
02458602231
02457142008
02437722971
02436807086
02454618095
02447697023
02438705159
02438443014
02422043259
02421448379
02420653920
02411996543
02408132940
02410579906
02390697062
02395208159
02380688036
02416540254
02378631979
02419171152
02388238145
02414321628
02340847150
02378484739
02376697905
02364436230
02367689059
02352380405
02361668165
02361173000
02341902138
02340867002
02338153502
02339054133
02328553079
02325158241
02318936048
02303912300
02306112908
02318486093
02316223923
02311433385
02302126114
02296573037
02327665175
02283059933
02294434005
02288210028
02291224000
02277035106
02276575190
02272579442
02267185903
02282234154
02266527002
02255344289
02260176135
02258394589
02254306308
02255326116
02248014651
02255028280
02228643114
02243401908
02238565256
02235661017
02238501100
02230921002
02226559094
02225933774
02222081637
02220568946
02247934110
02214760083
02214514120
02205668013
02190201160
02174837048
02198679680
02171348232
02172613886
02206860929
02167665083
02163428486
02164513967
02156545286
02137423065
02152748905
02149342928
02147582905
02149355906
02138895017
02144547386
02135706027
02131489943
02116123240
02110109521
02081945410
02113299089
02100399063
02104889995
02105221270
02090145552
02113071908
02091335037
02084484200
02090129000
02043001183
02070214303
02067193538
02072525640
02040150650
02061870090
02071578201
02065877081
02065873094
02049685343
02058084683
02034684656
02003559701
02027207058
02023574145
02023410037
02002621063
01982268964
01974040143
02020803909
02017977985
02004193158
01987646185
01998346528
01985160374
01973023008
01963282680
01970568062
01961371103
01951583264
01943846243
01929217200
01926189620
01938623010
01929826133
01915542197
01907774785
01911688669
01924099802
01895229502
01894716116
01891801961
01888688955
01885690304
01887994947
01867068044
01882471903
01853369063
01850155143
01828013145
01816140228
01833265041
01831260689
01814995846
01829167154
01805259130
01809365147
01808897374
01803053445
01819552535
01799027929
01796989070
01795761512
01795476400
01793423989
01791361005
01789167574
01778031773
01761795007
01776662423
01764450302
01743431910
01752504216
01742878792
01735150452
01729842461
01727782470
01725899248
01715573285
01710603852
01653246006
01673309003
01675428778
01710288566
01698275005
01653496703
01651584095
01696643252
01649979975
01695334094
01693967030
01683577124
01644546914
01639427147
01595254200
01595096108
01634609573
01625537069
01621109011
01613942303
01601657927
01610409000
01607339528
01600845126
01600731031
01595675809
01589174216
01554248078
01553087003
01583248110
01581997663
01538901340
01568206925
01574089650
01500823120
01491780185
01572597658
01549989154
01565289080
01564458083
01555365248
01550412906
01546348085
01501229346
01455199109
01485483263
01451998198
01482954010
01454453567
01467375632
01450593402
01446876071
01436351405
01412640636
01402338147
01399949209
01395420947
01392394309
01393527086
01389798046
01388864908
01413757600
01421512971
01371729310
01354919246
01366822196
01358347913
01358305080
01358191212
01355792959
01355453313
01353010171
01345736762
01341382010
01332444156
01327692120
01311012001
01317090209
01299504086
01308145209
01292793902
01291970177
01284707989
01282524054
01327206986
01263009921
01274182298
01262952980
01246424975
01250457190
01247498956
01241092923
01233448595
01234556006
01230338969
01226687075
01216083100
01215470940
01215944918
01212225945
01194353495
01189130505
01191265161
01190828537
01186824905
01186457066
01133620213
01180466322
01174784903
01174798378
01170514111
01174733160
01168535140
01154802264
01141944081
01141292157
01115558927
01091191182
01130437914
01130409970
01094665002
01107735009
01095060309
01107261201
01081146435
01038243912
01050328167
01076489036
01074206274
01052517048
01068762101
01063954754
01088121462
01037144058
01036836908
01031878637
01034139959
01087289190
01000760413
01027821480
01026303052
01012092666
01024174158
01014618525
01015464912
01004444826
01009662090
00998544060
00998030112
00991912969
00991383605
00989187969
00973848014
00984029273
00965446948
00953426211
00996999906
00947201939
00944529038
00942117956
00941880095
00936261692
00937522023
00930748913
00928689751
00927124360
00924429003
00914597108
00908078986
00897563719
00912955210
00935110941
00906797098
00894413970
00933114192
00889808988
00891502874
00891396071
00873419138
00885852044
00882034332
00881534528
00868837202
00853561230
00864015992
00845004921
00862197589
00842160779
00837308003
00773038906
00792375920
00833549995
00826161324
00822130033
00818462078
00814692176
00785969470
00810408147
00786965266
00782295614
00776195522
00771644078
00761659064
00735953651
00743551044
00749822902
00738058076
00744685966
00742907465
00712936637
00706427106
00701223006
00703327208
00694527254
00697239314
00693972017
00691552088
00692641203
00687813182
00687195748
00685266010
00675047951
00671553321
00674810007
00658435760
00666213992
00649979958
00644485680
00638098262
00635524007
00626025940
00620725958
00618975152
00615359159
00613030117
00615295240
00599844221
00608778982
00604138083
00606526919
00606799133
00594888913
00594151007
00559405790
00589293397
00586590137
00572838930
00576370916
00613038959
00563941014
00564643041
00562714090
00562313184
00560151276
00549247580
00557149193
00557701341
00531271536
00550633650
00530692180
00520922085
00520550510
00515470074
00501111247
00510540945
00514442085
00509178979
00501185283
00506449041
00498299988
00471979945
00495520152
00491579900
00484704303
00469792043
00456393706
00446180181
00444185313
00452666112
00442206933
00430868022
00431677999
00431442924
00427785901
00430146159
00422336580
00417318081
00415899982
00411148923
00413420205
00410358010
00411579070
00385738064
00402258797
00381275205
00404040993
00378799959
00375755209
00376642041
00374879060
00372336027
00368436284
00368097994
00367553112
00359571581
00361109903
00357861914
00342992112
00348765029
00345495608
00323201164
00330065122
00337485356
00314549250
00306986000
00292520166
00287478360
00276125037
00276033264
00315571047
00275934012
00274383098
00270095055
00269196307
00259971308
00257837000
00256702047
00235200000
00231107161
00211863246
00210201088
00176148132
00186360550
00165453036
00155729357
00118361139
00134983122
00133335771
00126509000
00100926339
00103736166
00105603430
00098437364
00101361181
00082728240
00095017119
00085869007
00061941689
00046268006
00073069116
00067178618
00066837545
00064472108
00063115204
00062629026
00061227609
00051622971
00005397677
00024496090
00033190089
00033595062
49655428869
08066916973
08619602624
29058939820
34610174855
34484229838
21519748809
20186133839
77357663272
41874570892
28287970822
13747580785
07529770918
16728330860
47102481845
07479925921
05602430652
46085235895
35587159850
40571824897
25947382806
43601939800
04580244907
31721364854
89792157972
07842748438
06702349904
06489297108
68050429091
19808402291
93105711104
35106853850
38138970871
06038937595
20013439812
08954209963
77715284904
36417591883
46620496873
22558176838
06794532883
30474888860
26374109813
44572487898
14357533805
05888744930
26536910869
40389562882
04080929986
03999247959
03711162010
22082489884
08554923928
04394060133
02907857070
02856046002
02646602006
01842467093
01078013373
01677486104
01743401175
00980867231
00791220001
00755964403
01039205100
10724199632
00761723099
85262943500
02950926967
06940025421
08293173416
39027983860
37779200884
38401608805
81160089949
12446331785
27300393845
94426465591
06554940146
40557849888
11764853938
42045187888
07680860785
35915323553
12994017830
40377266884
28464741847
09718809643
11976880726
19858415842
60767463358
09086345956
30592900835
10495965790
22401635858
62452878391
32533750808
05429569429
61404500200
39452819898
10728205793
32532845813
11521669724
09583695858
97681075020
45053829829
13173534638
61984264591
42257502809
07472505455
17174752802
13698709732
04494838608
93596332168
38270496871
32976906823
11735828866
85137928020
04414163900
06047592902
91460115287
35620635805
43354973854
36341217854
38686849806
39426785272
92781012149
11611591775
70398328102
33593632802
07580165813
36868101821
39251967814
31974755851
78503914034
98356240972
47559046843
37900728856
09215431403
04544569052
67333869253
09116688961
03648232754
05400507921
04412592782
36291796813
95143718953
34975747839
46908491889
39703990843
03117886532
04210984906
04085374931
03357160161
03344493086
09107409761
17615450780
35378266807
35165712842
37907757894
11027887830
91687543534
25067996803
15765239773
33124719824
38774324845
50916239810
14107380866
70335284426
38338251895
53009840861
49838873004
92307736034
35173519894
39260630843
31807966852
48965540860
24707865844
86204660543
11171035870
41526656884
05955367195
37485688863
08475205798
07751771992
12035458943
44025469820
06935813956
16684258744
27092711843
26056856836
05829768399
83401768972
13629044735
07203402762
04956866623
68914784134
10614894930
10911096990
07632664939
14583431899
18034379875
40707108845
33205786858
33533576884
31719433879
07362886861
04619106917
70419824162
96097787391
40371880823
19158832882
89945450182
62819814301
11953224709
35312104833
48045128453
07384908906
28753516800
05833081718
09286596901
09101413635
13560592879
37023350802
04427848303
42911753534
65296567153
55780079889
35455635883
04687951031
05413390955
32601478888
09266924962
28696715802
05581801592
04482787906
35520907897
42116372828
36341575858
04177553093
13482523754
09887486736
39649556800
07990678578
19691954877
10503495719
13284163484
39749968859
34308097894
23499378876
13897641925
00321951093
02586960289
04291593406
10960012923
01098839188
02975363036
02186040255
03370039125
03281369995
01773047230
02005163104
01987837959
74109030900
00037080040
50717836819
29299017808
19173728845
08468178969
36081141810
30445714808
12373553899
38786232835
05175554336
40771921888
08666602759
04690887101
52091350982
23573162843
36053501867
65894154391
16218527840
32771497816
42647427810
15038361773
09989089914
17565224804
36955519840
08885684955
05658989655
63342880082
16867925812
14083984783
11484771605
16443874765
08954430902
45125319805
96934140982
42470517842
13190967865
86828754115
15968767782
13211097848
06710632512
12790132658
08220056460
27690589839
07754902451
49143136850
07522294940
50855471875
74862944604
04534512929
51685325866
39730801860
44051993884
84771020078
44294728825
48022797871
44962390864
06719482963
09854056945
22258201802
70221479228
70340702451
32386618846
51866370847
06965319410
43405882885
35049267838
08804776951
31671581822
82154384404
18752265757
10142299952
63054655920
38029114826
43635593818
83303448949
45967831878
45269151812
12180222998
12683772874
06730039906
13146747650
04317520362
70474281272
13243698928
77790090178
36858665838
95332723172
09543751730
24585582835
10242329993
43501951817
36227653802
70207560188
48886824882
06086467765
35300926817
05246216594
22505305803
31213727855
05246187209
75469006115
05289117911
43497105821
48965160871
04539016628
09409131430
07290652193
09422767954
29861639802
49324610899
09458457904
09242688592
43355508802
87840243053
37114985827
19159125802
44927441857
42892766877
38407638862
40532563808
23247748873
05917899908
28553360822
30085674877
14918610889
10968870961
12667901878
13351623640
07672050818
11292066962
04834226905
24814464886
98516868249
49729358800
12574533941
08173442924
33704418889
04351008075
10461576988
09979678704
07312536980
14562404809
37604673856
09868638909
41487396805
16284414706
37192164895
05089822190
40898638801
37971017839
13969024730
11418420760
39554955820
28033632836
06859519959
10368095606
70083880470
32796496848
23170720821
07262925911
84064765168
33117846859
43649584840
63187710697
85413178387
27366742864
42772761134
05933211702
61162655020
38271824848
92600000410
39995493861
47649627802
40623997843
30056657803
39844670870
42020373831
77368010453
40970991835
30586196854
42084350468
21309081875
82271810230
06654578473
34766072839
29027148821
04736323906
19533902850
28350648856
38134172806
97161454700
06769698951
08825237839
13142343741
11801711445
32155074808
26096009840
87547457991
10499753755
07660017764
06942597996
06230934647
40790247895
42997746809
29352577825
41710458860
06909632893
27204216857
06636482621
07525083932
08666033606
83693653372
08679925659
31288059892
08914757960
06635537929
90895215420
10890179794
13278158776
09132942761
15248145716
60704250063
08450172179
29188453880
28775470861
18137432825
48159825897
34868172808
33521350886
11662191944
04598680989
13178747818
64703142953
42169277854
05085131037
34781071805
32279905809
23076822870
60994835434
11642213888
83639624734
05581426481
11849642974
37188594830
33732902870
08942885632
37421191844
26291977869
37706548899
15063036767
31245201816
14267245860
22973527864
80786529504
09523976923
06877300904
35971624873
33191639810
10714906484
41626289808
13549920750
04448687988
11486399932
11775517721
22685819851
39286811845
56867000010
17602808878
06065142280
18167741893
06043842114
94120900134
35740389844
08709477705
05117269292
25196756833
13261431660
12982343606
30503300829
30980687870
27486005840
10077274709
14451835798
47336696821
90731735153
60296223310
21941096840
14773866705
35602612874
31176790811
93490828534
41160600899
05988874746
04481839945
38347968837
06673591412
06238102985
32347727893
44149509883
06851730979
05931608940
32385842866
05760926900
48013844803
37857730807
13263488414
47942571807
13062981644
41138380890
42698343826
74674684315
95311467053
06291080303
10526231904
30855763809
12275837612
04811680952
92356664734
32285735839
17341274735
41349137804
10736799931
31772675881
49793532823
10925695700
18480177748
14454675694
06263709308
15927591817
14225636690
10691287678
19026448759
36265335812
48758013865
10657232963
05668346935
40227349814
32944141880
06092078147
37584771823
42487259833
25881524810
47828226268
06127895944
32253266825
06353598980
05274948600
40344535835
30425088898
14774327794
45851770864
10150823606
70014336162
34420042842
10939033925
11036096963
22876778874
15261633818
04693780502
79846645520
05519496439
07681818952
39148046884
06136635941
05387748193
05602139648
12861155663
05564870107
26286702830
42235312802
13460584904
09891195996
52088390839
71576090108
11310837767
37207135807
43129896805
38932887837
48550070807
06638161903
25630305875
09313172666
98927892100
33755640821
33792766850
30730973840
16163726642
06760196929
05855522156
35639825898
30437758800
10026653613
46829429803
48400957873
17535368719
82749000068
11849846707
12048138411
33881614885
87695251020
10705756661
71604954116
07127629900
39373163884
44166258800
51484965841
06740636940
09748101770
35117244818
09279756966
25849949844
04584232032
46623622888
46727888817
33250862843
05430809780
73113590906
06465035960
04616753660
30177206837
10599494905
21858398886
52114406253
05234402606
29075698801
07257436975
86506757434
30739889800
28411891801
33188564104
39467731843
19997583825
21884401880
05858825176
29595097810
39466188801
30030112869
49801726873
15016460795
34725557854
37991943801
30498579867
06211811101
40959677810
46185328828
04982360995
40949202851
11075326710
39088524807
20487729862
04696353478
67656234691
08231775641
14291538731
11660136695
41839833807
40183182863
40938595822
33608553886
05590656710
45801649549
09947866629
62557645400
35168381839
04599095680
43230616847
41137222859
85644510263
59977906220
44636494806
08245984906
21895220807
46270107881
08097654202
35891186870
95718125015
16712965837
07878846693
45795170836
11717529623
06471697970
10675352924
80221467904
07473326902
36144978879
07157719908
31129901882
58044167153
37959252823
47279645895
13194060414
41832801845
32458064850
08928300932
41005505888
49424149387
11910733601
47239378896
06500349458
22769576895
44676164890
07844851945
10303318635
35650363897
11774234483
07640876494
47404753830
41533832870
43480418813
49190829832
13598770618
14880315842
05887209682
11961891700
52564169104
11599895757
09748211797
37997193855
30760646813
40680250883
22282889851
05541168635
18019040811
99835266204
04523343730
76854272904
11974034429
35050042860
10597172633
04473171647
56567588004
04789811123
17766020807
40490912591
40553453807
14501043806
39023695828
07945863760
05229404396
62654438368
71116893134
05476161120
37546087899
05290897186
34638360840
27610321877
38507083811
05160623108
04674948606
11999031679
07985252908
39497561830
91025320697
42230400819
42562285867
08454977660
08073337789
50736581839
10122791975
88797023949
28964279883
98927221249
11041728956
05097194144
27440309880
15209529886
09931233923
34076801806
13111324907
36262275886
15479180800
82166609449
11129370720
39590063810
04973858994
48862491832
05116916960
56143796904
04441809905
87272105020
08635499930
36613219860
06980322923
05707068740
25808700833
28368335809
06385241130
11114201731
31267127899
10529158922
34999036878
35959021811
95773762153
37320077825
17279303714
37340355898
33816156886
27566208829
31971047813
54025419572
11071568744
30813857848
26979881817
48731254802
07295161724
09277228601
04359723679
86221386586
08116511424
31862505870
29080587826
48789532848
38397477837
10060902906
42148382896
06555831901
37417830803
35055282851
13315643873
22260431879
49189809882
05775658930
06720169904
94402388104
05585897900
74225456153
37350632843
05457741109
82385130068
38512230800
10254007716
05759414720
96381540044
79334270225
21437897851
91489768572
45157137877
19032576895
11504969758
17243528813
05253257357
06663181580
16228055852
04289575102
09875928909
13036280740
11692031910
40465568890
04253769667
09580253986
42044643863
04204162932
05010574632
04138736921
04160020992
03973423903
04177538108
04227986060
04175384057
03776124059
03875486102
03886864057
03740386002
03882672161
03972891466
03808819693
03818854025
03774883998
03710668085
03742200003
03712973039
03632282170
03552559019
03430519667
03596352967
03439395766
03543116703
03514168385
03500646522
03448773298
03301495710
03104555109
03399807104
03348565316
03227744708
03068394589
03005825442
03179650508
03221063970
03236824727
03190974209
03034749040
03136087259
02975240031
03030696006
02954995165
02933151162
02848888008
02907198017
02675532428
02841354539
02640008463
02848951486
02850014699
02826568477
02836979542
02767125950
02822654905
02741401012
02807522106
02690052938
02706284013
02270437900
02682856080
02427717185
02600702547
02300358417
02530609748
02504745818
02457327059
02437628959
02357961074
02336597063
02250455325
02177255465
02174503000
02270610989
01992605165
01950124100
01919694005
01981667610
02010919173
01632193116
01929436262
01876047119
01949844781
01847748961
01718503512
01718046197
01563949016
01826207007
01819099288
01657510379
01817581309
01639962530
01596548231
01670609103
01696549906
01434832007
01613903901
01599620138
01553207181
01497966337
01445389703
01466225530
01436993776
01440034141
01424245281
01316837211
01336164522
01198857277
01314214098
01307575609
01132530016
01047594021
01081320990
00894592963
00658287125
00938103008
00850553105
00910555044
00795296150
00106914995
00733015077
00732916097
00904990184
00670000299
00630327246
00581308026
00255213654
00558270042
00421720042
00451067975
00359804004
00390665177
00386155925
00325146039
00072767022
00115337733
00110365089
00006736769
37321447120
51733290842
12037650965
04345337771
08465694931
15901931807
26248112819
24627838816
10387415726
08012459906
92345115149
10043685773
34713755893
13821724862
06332520930
69127557120
91242843191
45671164885
04615702620
07590141674
88595196672
28569675828
43048371842
22972250320
36660431861
35260250885
14508740618
46148700824
07029681967
73261912120
12498978909
09732962917
08882944417
04316129945
40792612841
84717262034
61335797220
81046898000
16219018745
28949441870
19495961840
12170796967
10966131908
47828689870
93520069253
13093114470
49784206870
94655529172
77269624291
14599388874
64565912015
31901157881
19207631806
32949802800
41965263810
46970229807
37299451816
04345046963
07464753909
37153559809
06926174180
08513111139
43963706368
13263693859
10888902964
13956479840
37930518892
05715514320
05602283170
26365475845
13443642764
11175368903
71056084049
09097071461
09612080747
13711467725
12311451960
63503697349
38578230892
38329152812
15258126706
83785485115
30370401816
10411243764
35556876894
30537807802
11641414731
10722994966
04921392102
46798172830
10812313941
14307058844
06118671419
11781012903
30176986880
52558061020
00155517171
98960920100
41205845852
16236788707
36419046840
43983791859
12913244459
57143447900
84403179134
22934166821
05503112628
10183104951
43205337808
05520505470
09665553410
29681439805
11390942708
13428938755
36434429800
31643731807
33791394835
09295978935
04881002910
54504325004
16600758740
10001954903
09297465978
10360555900
15950693728
29563719832
08424634969
09271825640
82561389987
08164906948
05372589906
33758005841
15214234740
06249064508
98465490082
09008629712
38639460817
13357674874
18370791700
04920204183
05696752357
10431480940
32666066800
11518136729
40322707838
32924708893
06535196640
06093641970
45012318072
45554426875
07185935539
06697285354
37731116816
96176822149
47181243870
32512480810
06227270954
97014451049
41730384889
12861248670
71052771149
08109263933
13635546704
10244390622
58181997115
81719779520
86861182087
10936111704
83451897172
29062513808
40853297827
09415329920
22502760801
07464033132
36279291871
04133353560
04103381922
03946927300
03414676931
03184149102
03093508088
03025911174
02930142561
02781502170
02725771978
02644031346
02621337090
02653836920
02484305133
02474691901
02400180954
02388416930
02385059010
02305318065
02281013952
02352604010
02156804990
01684314674
01538737361
01509776036
01224130081
01122730926
00934693145
00879157402
00815704496
00769928102
00717338924
00491816022
00489589057
00252162609
08216869924
05696910106
46360427869
35782826851
10579170950
45489935847
40099080842
37087476823
21321383894
06139863937
51806427877
15745818727
58353186004
12301157652
05993661178
09970143930
37858323890
04902816130
43267227895
09662076964
60782746357
49697895848
18376979817
10250971739
34139386819
36025165807
03543673157
03501498012
03316088717
01698219199
01886259097
01386815039
01269997912
34716509893
00060225025
11771219726
08585639750
40454299800
44540265806
70363428119
13573093760
08473016483
33376505896
08972852473
37121803810
09433749952
09308006648
04521022510
95091572953
81467087068
72750073049
78330041972
11559149965
09966449973
35238016808
28557967845
21769120807
04689617635
09778652902
34349875840
09582836644
09213646950
70615979254
09459507484
09930421980
46512364805
06997277900
70388234180
07900335692
96886439049
43631533420
90477391591
09669149967
04531928156
97067318653
47310867874
05652319100
60712180982
38418089806
41249253870
41148519840
05292090123
15752404754
60057803013
15070232789
11103641727
46613690848
06055734842
08364687913
41293001805
83007180015
14238863640
86063243020
35394670846
11618911708
22003021850
13159507742
11283107910
10869666860
22246298857
20467761272
62254820087
11028484925
42532855894
22742593802
04850329454
91472946200
04397286140
29795120875
36194110856
70654993165
11128002981
10362255938
34407558865
44868119842
76633799004
30372932843
25695390826
04568017238
49158976809
91041848072
13505928704
12162499894
46517057900
07017318935
70678477299
11066120609
32619419875
07023749977
13204112667
30401401839
06385558924
87671379972
47868027860
06556788163
05492251538
38190537865
47574202850
35291158867
16388995845
27907726816
25826932864
25653476854
13398378706
10565367641
08577290980
07761701989
08758889922
06509305925
08397934995
06477106507
40927824892
06214588136
30098253824
94329044153
26373550850
50196206880
81585195049
07583296609
92893112900
28081742840
31130554821
36977606886
48174382828
35098699827
07278838959
34814767870
06458410999
39445175808
08121972914
65432851172
08777789571
60555807991
29000553857
89887794953
31414266863
04867476978
10674089910
04248969580
08901984970
04178827936
04173466897
03366285958
03407901135
03172340562
03262920045
03301490247
03200708247
03201778583
03151545513
02992352977
02984453107
02962549241
02972986156
02726972225
02802717944
02207061310
02045067270
01638214026
01327689090
01290433119
01009537946
01204671869
00780854977
00931251273
00824366905
10104250488
33269582854
47885476863
61025986369
34577653168
35940113800
15474201893
55160620125
35490175885
70408479221
13617659845
48081398805
09621568927
10108723461
65969715468
05206199001
10714945978
11864957662
16513442729
45229477806
29080900826
10939396645
41428468846
15639802740
12744459658
25330229855
09630424401
43980134822
44560228841
13696035688
06137100456
08468858404
26870443858
32728525811
07836002918
37434445858
15056784800
05653188107
05325130536
40187457883
17215449840
70438014197
82702829015
22904560807
11707749701
41872249809
06845086990
18625477852
22822432856
06193020977
14231424624
63411890100
06775532695
03015767003
31661741843
94127786191
00004639065
07448162977
02146033932
02397150980
03786215138
03834226122
04046457120
01545121095
02179291680
00722954573
01879393140
12184964956
60533943191
39392217838
15501820641
40315270802
05221922541
06532166960
10070640807
25122498830
17098221716
10620118997
43310840867
10414486943
17222297723
42858611866
06450047909
41449899846
09849349603
36845884153
26765044876
30365673803
35078811877
40139403884
41673083803
80279171668
12784809943
32880156840
13552958665
06036914636
05703740142
07988988360
18816016841
06660862145
05977848412
28590691861
14311779895
70045244260
87002604953
10104350784
06752480869
10687118921
97112941172
37341861886
31614579865
70271966114
19848537830
43567301861
04690836620
64741281434
09351491986
42289014842
26467499883
08119257901
06091192302
51942734875
12520657790
05332207000
14789228770
08796388935
69045003287
08076622247
31619203847
64462323300
34625704200
07180884928
05128634159
06020926630
34804808884
39497952864
05530324100
39919120820
32081463881
07248068144
47448949845
09635051905
32146794810
99550768953
40521596831
42475033835
60324071361
04322971970
44415976816
09019199935
37821930830
80006331912
43455450210
14551171883
38778748860
07442675522
44511389810
78948231120
70173264239
92601383020
55986900987
07024873175
06851644541
16426277800
09072374959
37580539861
70257747664
35319627874
53419247893
04401833406
31430938897
43427853829
43421178860
32967662860
04835152999
31457101840
10144553910
85404446900
67145574349
40530890852
36131667802
11818574497
08021416920
06051202188
60020325339
82266506234
95873759120
93353421068
37892131876
10786865725
22236624808
13268284795
86033433734
06384652900
08406536977
41343227828
33944126831
40433713810
62214554300
05610521157
06192519137
43639967810
08231178988
06407275903
80035094168
36114253892
11221493604
05826364777
08691778938
64343219372
09660564937
32210888840
39675803851
05491405493
06556673935
07358085973
96985925987
09584628607
04936648663
05079081554
34824140846
80762107049
38756865864
04717068173
12143037813
09662534180
28794388881
06198734692
93531451472
46436116850
72531002200
72281316904
10178179876
11128362848
85283690059
08319509513
07656617485
48028527892
06670576170
18021650885
11529996805
04509491336
04870618966
10299933946
08371696744
12729293612
09928663912
40044562829
32713653851
48507150870
42074985835
07469854363
10145927806
43978846845
29552823838
09096360605
74110845220
10439804906
31169719864
14445320730
10000684635
09366781942
14073550667
14185327706
70581899431
29088171874
40318685884
16735034627
40626805805
10880904607
83481540000
22276185821
42599382823
33051382892
30039988899
37334278828
28763909812
38381426839
09023707907
05750436950
37347609844
34849474896
70787925217
09132782462
31599046873
12989587926
12505680485
43565331860
07251200961
21566580803
46006270838
34295927805
06902837503
15042749705
04555768159
05782669110
09724278999
11708210733
83463275104
09781944978
48993400873
06915774637
10832339806
12691509958
13814684621
38494379810
12082799719
70008182639
33446863800
04769270135
14724269758
28536228865
53471101802
45559511587
05985675939
06582891952
35616869821
43446554866
27524600828
26107380809
93131038268
10386542970
96951753687
91229936220
30812304896
47698167828
22128929857
98749803620
05640574950
07534352924
07326338779
12103820754
44260309862
07101431925
04586967145
13439420710
07953718618
80056385749
11333420609
43151261876
25513839865
09861104933
44512331867
10703242725
31472453816
11600199674
37639157889
09414295712
42868577865
09296267960
82036403972
08829377660
28314343862
42149009870
50275611809
37536414803
13085383751
38744855877
38608949865
22438060883
17898598750
82527415172
49011814835
94145091272
12866882725
09738973767
31875233822
18466856722
70610654195
83922660215
11174482745
50265308852
94691711953
07039400901
67307795353
08657053560
41740124820
32956714864
05993789131
36138508858
07739336971
10275379795
30136825826
36111948830
41549240870
04771492948
50473742896
13366021470
35302493861
05762515770
40505437880
10385980442
41744738890
34018185898
04765625117
51631530801
11697882978
06786349633
69940487053
49434159890
30805871896
11125811978
08253856369
70030243149
09746756958
80740391291
40227581806
09470592964
25325562851
32200427832
36203119865
06796127935
48365844850
28560229876
06494422454
04492816550
63414236249
49243007807
81428383972
04502794562
48394909884
27975036862
06454112993
12878214994
12952902780
15951951739
47052925885
41451796846
15130554884
06798264409
13556383721
46934640829
13201491977
13734842921
81518340059
08306551907
10202024911
10261292498
34830009845
09272166985
10563812729
21706901828
07387408963
09176351408
06961129498
09023756959
16274850406
99320134049
95486020325
05754193939
26119333835
04577206110
34026540839
44744596878
33129988831
83739467053
32184843830
05007293105
08658428761
42420579895
39053243852
15916160852
46650084859
05950087984
30614464862
43378076836
22194415807
34802351828
38925378876
44810247805
32072430453
41989260934
41657059855
14354369893
05259075560
06433655599
15199180703
43594203824
08460408914
13717503782
17158314898
11625021933
05986612558
42602555843
30518899896
48737879553
07810076906
10141452951
06857131996
40640803865
70964497107
05660567711
31795871806
29764083862
29578323808
09603527912
33562341881
16350304713
06702999364
41244873802
07865132689
85800198004
72957069253
04875006950
90436822091
12904286624
13945765870
42624935800
37981746876
16196587714
17610124877
24895183807
32734374803
05397970905
13932945700
28477466840
04467679561
13430295700
05285908124
84907096534
13261904828
60212159070
06952631968
41383917892
06197007185
11285970985
22217536826
08259280523
30495159883
73143057904
07896932911
07684674544
44618426810
98226681987
31595201882
05179480957
13514510814
13191293906
28995548835
48424157893
71038370159
10371355982
06005847120
06757295130
08103189979
12429018926
37783819893
31246477858
11081748923
13334169707
50617478015
36433162835
11029356971
19038363877
42289922854
82358451568
09175353750
05338848457
47114794819
05201711103
06644312160
85423378249
47773319898
07019826407
36050635862
07871192531
61548006904
22251086846
25562096234
37320871823
37064879859
09192086900
06324520994
16768657720
52283895987
35132402879
08537754781
04738874870
25997074803
38957445811
67819575972
11331191904
70714975915
36648957034
95755578915
04320184688
55405266191
07052788756
08343878752
78711002549
04647617947
70065659104
21279007826
04298631958
28464243812
05607627985
52161234234
11278774700
05021395955
10680806717
04753248976
33288899817
12053032782
05788427932
04561063595
34664763808
05896574967
06345728900
07587100628
12473802700
22911649885
08543279917
14668274755
36115574803
06782687976
05645330501
06889021975
13584338794
08711458984
12302690613
12254739778
40457062835
07932663946
11902678613
09801709901
11385337699
05166785150
11530778689
05580288107
09807875994
09009346978
14625108764
16535352706
06831218121
11050122984
46931149873
44461837882
13251145614
10366489909
18724378771
47651149882
49144234805
15042733701
89433017900
79908772287
11627329978
11257843931
06425718994
14916938780
08923141410
08608018705
22201706832
07464110900
11137804602
06142635907
14118059762
15768203788
61140201115
14190671681
13845184604
33401727818
49080144851
34567500130
08712398926
10920427766
90923871187
13358078450
70245215115
95731121915
20052313808
04945443092
42934566862
46791754869
22422478832
10352618981
09912016980
11936604752
09948861957
06935110955
08093424482
41247808858
07623988921
38018513899
37695218898
45504427860
04353246917
04804992413
07234569928
21612094856
17110567826
72547294249
38611031172
82241163015
31065050879
18800633870
98980700059
89258223934
52815200082
06056397955
71543031153
11005374813
50210246391
10123933722
40857070860
39048676878
16078723740
94345910668
44672673871
06134244929
60328033332
52415910287
33579855867
38826603847
21604254866
22658590873
26027061839
41650019882
48225495187
05024330358
38734626808
68513852953
35501380838
21462908896
95759425153
37564857811
49390071895
25623364888
47667726876
13426138727
43813962865
80035996951
14342220717
77247019204
55347383836
36490249855
37772126875
64370208220
12641365790
30174122888
34941548809
35440243810
08663179707
29979330805
10933081766
71305072170
47398216807
34401073886
17771979882
31613174837
26868673884
30918422825
11203901925
32581295848
07004560902
31866547852
16301441770
11580636870
15340011828
17382846890
13750102716
51041790520
44290740898
06121747943
07539003944
04320672801
22467498832
06311129957
40496634810
09725632702
13277083888
38105731835
67538797068
25703559847
82936366020
11129397688
22186643804
43375194838
41527144844
60539356972
49373794884
97266493234
08066856466
08298978951
07899813786
04628620385
22909527883
09214883947
10146648960
28175867191
38663717806
81187955949
50122428668
06360234947
66484120030
05876859990
43874826805
38107696816
04373953910
41571837892
12599241650
37115715300
13785602480
44874744850
26536598830
37073408804
08743457827
10216115906
44410366807
05029969357
28759558881
07536276710
40628742886
35858013821
30798416890
10913994847
46766107855
49702447828
09565969402
05837167501
30699275806
09048801419
36264509884
11219552747
09735371758
71124826408
48361594825
25007127884
12755658916
39362992850
07656066403
27443656882
07011355901
70853131295
22088289844
63356015249
44893346806
68270798053
48803143823
36007815889
11292319682
43766282808
46513221404
62172980153
05492527118
33999985895
06891159113
15141789829
85907880082
47453880807
22553942869
40272500879
38844867800
14546126816
21250195829
29648847819
09179200400
34885738857
06457887910
42713828848
44174818819
25947782812
61651133204
33596895855
06989224924
08583018650
33529406813
98422820153
31654626821
09634535992
94481164204
10178083410
36091091816
91809371953
21754102859
78814871949
04406152083
04886635040
34294614803
33606410867
09744211466
65811267304
12632949955
16028173835
10690810946
87776383104
17446541822
40426607899
11431860603
08189335774
07477726654
08660582730
37332487837
64516008491
27235852801
90957180187
27486751852
24594759858
08189416936
50270391827
55447538149
07800619931
34559746869
13951780622
44645102800
17047910816
26906938878
87266466172
98629441615
10081900988
34836075874
10371361443
08029651805
29764746802
39637162828
05197243139
46520554553
40051544091
83051422134
42486051805
28512333863
11214322980
45698751811
06407672813
42572487187
10852403984
37057350805
11953321658
07828221770
32206203880
60600804305
12988981701
96362596234
43562107862
29659703805
10179760408
04269361913
35778182805
04189281263
04199245740
04233470631
04138516131
04139944064
04053464684
04135179002
04100768052
04073328980
03976321931
04080703155
03935544146
04055309430
03963614390
03956124030
03935937113
03825420531
03940753319
03892502102
03783315077
03871453978
03794981545
03859446169
03765446009
03825649105
03781212513
03769795180
03793291154
03781309193
03554476730
03750379343
03738771450
03711832199
03673717901
03644176922
03675552128
03638070980
03615297911
03625706121
03569383954
03598650035
03590000023
03357017288
03523196159
03512937365
03487999005
03484151170
03462306162
03425806041
03406291937
03377805605
03430516641
03361885019
03330521619
03222530556
03341977325
03251057669
03284356002
03294908695
03232726658
03109514109
03108308505
03219679927
03195920573
03184014282
03155402300
03114105530
03129505946
03062891998
02971455416
02914524005
02962954189
02975390513
02915907560
02966822090
02915277010
02894401060
02853474119
02675339180
02783303124
02789294941
02725892090
02708688952
02670877990
02693978092
02444068041
02626455563
02579988963
02546404008
02605092135
02510091573
02579525270
02504611889
02402838213
02462054740
02432869109
02401787186
02403123170
02416705008
02393043900
02385385597
02361049180
02344063056
02281565130
02251347992
02268872009
02205926080
02072545161
02193799121
02222557305
02206355108
02203165383
02092813676
02046154029
02066804061
02068480131
01919874259
01957081058
01901953041
01922995061
01808266463
01845711033
01839001542
01785727133
01826995102
01711086630
01699887594
01744812926
01699053901
01680357905
01716238609
01551179040
01539227375
01562018361
01610453085
01440994110
01579420664
01577268946
01418739065
01558179658
01550917510
01525877135
01521481911
01453881077
01448853109
01446285979
01320876935
01420872117
01316953980
01386541079
01184511462
01262647088
01092429395
01200740017
01289592586
01188793594
01264215282
01254460047
01238969755
01243156902
01151018104
00912511257
01083091930
01059833140
00903527189
00995620733
00989502155
00981372120
00908165447
00971846910
00803293909
00951166301
00784654514
00783287216
00881251305
00848813138
00713093226
00720017122
00579508145
00690356285
00577544381
00372737951
00545010160
00613899946
00480604371
00437724123
00544834925
00526617179
00576806129
00521811627
00499362047
00534899005
00463441109
00433015926
00405771045
00279350198
00360789056
00320928306
00219526044
00206573588
00188732780
00056482701
00046334238
11026140765
19637589864
27314303894
46414274291
84838825153
62326197305
84901900030
94655030534
12172667633
52829952120
05366878705
04612480937
91889294268
47031569893
00007620756
32834535515
41276090870
65769325615
01419140094
01078818100
09511797999
32990593861
06877785495
08370951317
04377058118
44400353885
06450528923
13172120880
14025793652
18311090777
18558048754
75527677315
41546000879
98562118249
20845537172
12292863731
27356105861
27874335880
05024488903
14445206873
46645281838
10139080902
09737675967
06793028910
08346530366
38135275811
10963465910
88129020734
07056611990
13944791746
72947535634
12808469764
25176718855
51519227850
43819720820
04824153395
05970381985
22944372840
69590907415
05269961105
87350076053
60811212327
22536720845
11957940964
60590537342
48575403800
82597111504
09797410927
17539109785
36982177831
31339916800
45148771828
97246069534
05453750103
14890892842
05146766398
15278283874
07231125689
09781728922
04406918000
04366442906
71386167169
04429668140
35757415819
12944219642
07763375809
44690105880
44310558860
10007389736
04996315954
56358105000
05174640557
28542787803
32555119841
28474519861
54348927553
31425752861
95787968034
32899689878
05735493973
15364719847
10938122908
43857826878
11779493851
14299458699
76550869234
05998391551
09626978775
98251074134
07348561136
05040670109
08806647628
46546594803
34166037889
23011824878
58338764272
06322004999
35637671818
97826022215
11888233966
46880223877
11890403954
38641960864
70577978772
22586697820
12437888950
04659443612
31388190877
10990436977
28608554836
39761520803
82011940982
26461871810
35126171828
80509770568
16864432858
13567342606
11145973922
08865768908
07729329999
34023377899
37331590120
07539250798
06921188450
18605062835
10517921774
08038389999
10957158793
04471811576
70929785215
79003931534
07501513902
40790475847
08694714574
32073746896
28096907824
08871188950
85019097268
81001150287
16915416803
11748823442
06918262939
08241688601
62304593968
35239302863
08957477667
31608214800
12748054652
16045579828
16935739896
07339679650
95701311520
06447782962
65560558591
06069345967
96904470682
37837439821
68745036004
68263007020
47934743904
15691902830
94445087068
08133928532
07298386921
30463052811
77565410497
13808146699
26562508894
49319329168
31571945857
38190220829
30645638315
09684141688
04470006165
71036792153
80790720353
34035387886
41967817804
05989758707
05476139702
05405925365
37601205800
19043576875
04958974180
08216586469
05078051430
44827919895
30561477272
05525052938
12643687981
43817030819
06388740928
46389306890
12149197669
07670341637
22724431847
07820761733
24188299878
96486180030
06699132431
04499471060
07153500138
11896033652
83554688568
10093394942
13936641803
12718933984
40701505877
39640929832
69720053020
05518540302
06259156588
78270766020
22362771806
73740039000
09668945964
32312853809
21378443896
59411392172
24703021889
14000006703
10260532851
52465918168
09783198939
05405093459
06314377110
41204359890
35610424810
47241562879
74682873920
09450201633
08267261940
78393124387
42730912835
91000190200
09717679983
09573373963
41846390893
43465607848
34491587833
43466231825
07853802803
39300547879
44123611877
17067194857
81182090249
30233995811
98420640263
26901871830
09971765713
06525787564
32090287888
41862101876
07905886760
46881067852
34282177802
35463761884
77647157949
26435411204
10526717998
06198265412
11213269865
29581480846
07354823902
39122668837
38570485816
04694353640
44071535806
13370351730
31440417857
99564068134
36132165827
11440865663
29941057800
43086609800
61594490953
20989900819
11361134879
30574317805
05924274713
91029643091
04369043654
06472073627
10347654428
70434429155
15466946842
04381746155
18329579859
33170987836
04272369911
25891888890
10866544984
26555584807
04294315032
22410513816
09034271765
04126366970
04142763296
03902394021
04123001505
04100674317
04067081502
04073323083
04011396036
03993643585
03707744930
03939410195
03927138967
03772917143
03813764940
03782408977
03736799047
03614364402
03701057028
03680727038
03550317360
03609788607
03599005508
03574278152
03543512900
03271687900
03493161042
03430911940
03365430938
03363053975
03362445500
03291175050
03173657977
03151319181
02931330183
02942893990
02991122099
02920641956
02541288239
02867148928
02569611310
02788229089
02727116918
02670008984
02597231933
02575716128
02479873951
02447309201
02528486910
02501088441
02486221964
02251218750
01878680935
02198458160
02335606964
02236106157
01937666123
02122921960
02119981922
01988561132
01885184794
01899869131
01976674069
01762284111
01424681189
01474670040
01440414050
01137922044
01281459780
01331147913
01202755038
01056752297
01186056665
01225084164
01186819073
00908041390
00954028023
01100504010
01055428143
00996437908
00754351017
00870219006
00755491742
00406743983
00589650173
00795018002
00714846040
00418966966
00166306029
00488188105
00323899145
00063859904
10554160641
45501284880
99671778968
00231146060
94410291220
30946490848
30216971861
09755727680
06776803927
00503027014
15900934888
48994658823
43511888808
09120261977
07878525978
41359869867
12345234938
42738465862
08493032492
11762220741
95795146749
00151329516
01861315937
84264306604
03884345117
00140313109
14118337754
05734506176
11536827967
22644481805
10730909905
10922286400
11473252946
11390046460
70711134405
11139974947
39717662851
10502877979
10588261904
06084586198
10136102964
10355509970
11748364405
70051279193
13152208650
04471108379
07210928960
43189437807
09796467909
43578511811
10965258440
09999068952
09675831952
09330930980
08092334951
43508369854
08814730903
41582677816
09717203989
16033554728
70079817122
11564101428
11592167624
08147780974
40753633841
09867744993
07752256900
42358181803
14831454761
06018735563
37756523881
05456828359
11394525680
70635534290
10695719629
08450814979
07575248501
40532309855
05786788377
15494865789
09399044971
07769358957
09481366936
11586930605
07664640911
10930567625
38087159870
38634836851
38281129867
10050527436
10123720656
04990275586
15114774743
05442055379
08450666929
07638220943
12250407606
40248899821
10732218659
06788280916
08460997642
11946133736
38178746859
13523091730
36647672842
06441194970
36110101893
88817407291
09056833405
35971556851
34661899857
34913640860
34772853871
70531191222
32898949833
48107729854
32619984823
31892285827
05920756993
04744030416
09629714728
30191083810
83264450534
29965274886
31619973871
08919706735
30485402882
31055386823
27472006807
69343748272
79220533391
29102020890
28699079826
93665679672
70785120149
93954123568
99707861053
28111894830
91632790025
27001982806
93602340600
95626581553
89138970910
93926278072
19735606828
84236159953
92215629568
15988174850
90440463068
85919381949
16205389894
93792905949
45773661500
89109023615
68927673972
10724555870
90922875715
32997768861
02458743218
34976696871
02951056907
00922397066
00185074090
00000061140
00025158228
00091024340
00073732010
46842165865
26217617803
32536762858
04860210174
06485273956
25809506801
05628535702
05677524107
92067689991
32341354874
44711583840
12683729944
11738291723
79170528934
09947177920
04867690970
84724170263
06796609921
08493729922
71196227225
52215917822
52156619875
12443001954
12112052900
13889450962
12486498931
08554180950
11408240904
05429087009
12125052989
13652861930
12972593944
17752305707
11510442960
10827879903
11349831662
12391954948
52487119837
48693003895
19088343748
09445024907
12711265676
48265395841
11857903900
48275845831
49813017821
46417374874
45727950880
87229480078
71204128170
10738180980
11984786911
04568683050
46189730809
70483861421
06461315160
06017943111
12206923440
44642304827
17132653709
12420224906
10525495940
70840777230
87368030063
70361668430
40276797841
07163616120
04489805098
10037467999
50177978821
47229003881
10164463909
09904240906
45311700831
11030722935
46234067840
45341874838
45689191850
10529875918
10058645942
40580139824
07202265389
04686643198
70723582262
43527003800
39701878850
04411992086
10497082969
47162011802
04787597116
10061666963
45346000895
46259631847
10823604900
04474855043
13646658673
09256157900
10205052908
11167988914
11908641428
07190533583
10538060948
60819697389
70385495455
10868141933
04299879007
10365084980
60792168330
85231649953
13653352673
09641260952
45892858863
61204167303
10297810952
09590794912
43165880875
12665049660
13133048759
86214589507
70056193238
10234126914
07807460407
07985741941
12803483645
11795147695
43670701826
44999506866
11162916907
10162493908
13808529601
42479984800
45483948858
40981538827
16218854701
09130163900
43137216818
13335114698
41950907848
09733571938
43266974824
44666108866
12951375697
16367667733
09130321905
11608806707
70117463159
08328598930
15160975721
09742936951
11732864624
12124805622
11657769798
12114056643
39026529856
42672390886
41965729878
43384236840
42790649898
42376737826
08765002970
12800143690
09775478928
14408867764
06022629179
43415278867
44246920860
23608362851
11493227483
11052533680
09128634985
43151325866
44344211820
08749635913
15877452754
43973452873
43915063860
14140832703
06768132911
14167746700
11355835445
11878090631
42328367801
05918857788
09801872900
09752009921
41726285839
08231180966
41882708881
12220009629
12018982699
12364805627
08164119997
05446693396
08708448906
41772010812
08989584906
40682302856
41892311852
40345034830
41990458807
11421041685
04389314165
41206110864
04767685192
11798227657
12464193607
41430117869
11246594633
11158120680
07966332900
70076005143
08078934980
41335913807
11371878919
08676591903
41296175839
11409644618
38985450832
07647466933
10319814629
41361360801
40517188830
08279079904
40522554881
40881961809
40233204806
08838792984
11141400669
60581592379
14779823706
04392577198
12037450796
13821069716
08968321981
10097219681
11513704605
07978231909
08586922951
13597062750
07621330902
39955625821
10249016613
39873679898
06653373452
38336237801
11362742600
07632357920
07540885963
70725835133
14994998760
39627466840
14830398701
37104677801
07822320947
39653866893
10158156692
07235068922
83044353149
39327327829
38489493855
37469463879
12798828759
36380589805
06487537942
75072734153
12639526740
07485755960
08046768952
34460305810
37925592850
07727946931
07456598967
07757369967
06836471992
07255539955
39996829812
37569192850
08098163938
71178256260
37947061882
39069960850
06458943385
07128869905
08584563466
38346194854
37758490840
04346806309
06708049910
42031111884
07552603925
07104379940
12847885633
08533789408
35809838812
10218783671
85466654515
07582287916
05851878940
11760714755
07852994911
10026736667
08718426450
13384930789
70572307292
06496594902
07094563957
06997492983
05161950935
12708041703
35413669828
38690996826
35373629863
80195730976
38156868811
37131342866
08615914966
04417390592
08283469410
23067169867
06213077936
38478441808
09774146638
35731864837
09139211657
08293394420
06357479950
70620943238
35339137830
12228998761
23173621883
05053933952
07074642932
12633669700
35687016856
36224192880
06601687405
35873494878
37725891897
88407667234
12831910757
08573232617
36969721850
36832770847
10562614630
95641122220
33266148886
23057709877
12218070723
35565723892
06642461924
36836972886
34578181855
34666070869
05556146977
86053370282
06471499906
06038978941
37707325885
36655927803
22861267801
10724908706
33941484800
35423819857
04329119528
11401715770
11889426709
34464572839
84302712287
36589884870
13370406730
33310301800
36095138884
35432084899
11389335704
35663110810
36087299840
37875309832
32228818801
36406532899
88856623234
73740829168
36351758890
10575768754
81586477234
12860661743
35662874824
07960681600
11186094761
05442760943
35198636851
11236089707
35499501874
75577984220
89411498272
04792679958
33872411861
05575454479
35766432810
11098298764
10941047792
33646935871
10032902646
05408275922
32281344827
11216051763
04335962959
83160884015
10774090790
11803492708
35492335820
10720674719
06845111421
05756832440
32758210835
04432861916
06450888970
34457301809
05523585920
34201225860
05121013965
04751579908
34325253890
94490619391
89341309204
05384819430
04878974982
04316481908
10522448747
31151811831
04457747971
33697677837
09879392701
31751145808
32189436800
05256336932
07351001600
22681210895
10514747790
32503617808
05825235671
31026115833
31476720851
33059468818
99794225053
83005498549
10896012719
32450433848
32059681820
04396401990
10024757756
06122748617
29511553879
35438387842
09446912776
34520637805
31192685857
29867579879
04687475400
98986317168
95344306172
06916849606
30430863845
30771470843
88303012215
10092769721
30848231899
05941315708
31528679806
74532332249
70491054220
04591480607
90683315315
06451249661
93510756134
04393078993
04401585917
09721780740
31028754833
71999388100
78116970259
09052425728
70956685153
10133803716
80626696020
99065312153
08374383739
71995889253
29742734836
74976192253
05126954407
21877658812
08839148752
30651179831
69782750182
83644857504
09054846739
29407655881
09104848721
99682630100
07027904608
86141775187
08923202738
30166625825
29841355809
05023438694
28863965838
21384838864
22155969880
66259720297
28030006870
29983130866
91282217100
05406252720
10067065775
95309616004
09532326707
28759561831
07952083759
86022849349
81502834200
28471529890
70795049293
70595057250
29788221807
72589612168
97509930200
97201642049
82161828304
08432041769
35433572803
31702149854
08904703751
83451870134
93697856049
70531334279
04619305600
27728460838
93994656168
79739580297
07803345743
09166447747
89950461049
88601218172
28179506827
98706373534
70935556168
04303329630
87844230134
97530182072
89839978187
70667968296
90301480125
08672803795
08132087771
86280120287
27547362800
78224764087
27808678848
26519590819
64841570225
63424592234
28717195861
90981774172
07786888799
27093497870
81867395134
08928881722
28930845835
85574864134
28279436898
92245056191
81159927049
78244358068
80176240004
27662540804
28030789882
94736162953
26611084835
27189544852
77059328300
20052240819
93997060606
28852386823
92757111515
97566691953
15303521850
07965647796
80540406368
89369807004
82277893072
25320933827
07234494731
14785143886
62597175200
91570409587
91396832491
24946655824
16954680826
81206178191
85093041149
81039557368
18533165803
82373213915
28823759803
70987572091
60428228291
65488008187
94784280987
19154885833
81907214100
24579636805
71840800330
27415743830
79980325100
80705243087
80015859134
26137403882
61874795215
15385685860
25833920850
15604982857
82731233915
67569072049
25798873854
67618375020
16153866883
25417336823
80142475904
70840431104
06941490713
78129176149
90743245091
25325898841
19140830837
29074270832
05734507733
18213550838
86123793934
71777261015
17954238890
86655604915
59606983153
10415141907
19509427837
06944645700
18094484845
77541065900
84845937972
06072463592
69118124100
94981833172
07365326760
65772156187
80537243100
87557843991
79196853972
89032330500
78613051987
98691244615
84761520434
19219929805
60218282168
87461005553
61568392087
16811248823
24613346843
91394473915
59231530178
17243003850
80104509104
69791538034
67492584504
59420693287
66768438115
25325899813
93179669934
06981007789
14895143848
93332246968
76172228072
64905730597
92251021949
61936502100
60329289187
12156554870
57779023087
45286116353
73203270315
04705445708
05685547790
29577164889
53605578349
82834431604
96273020663
36420834805
18758062882
70921105487
89731409149
78435960463
80396372953
51550750178
13038074837
63673568000
85710725900
26915107860
63127296053
16396562863
82665966620
15169269862
81351283987
87491150144
57191646187
14933839816
78062063968
14352309818
72692502949
11034525840
21290298840
26646508828
59672129068
52688763504
14181296822
70148503349
72705655972
82870705620
62053108053
54853648100
88982351949
49445847172
10862355842
93178530053
52076105204
12229788817
56285019568
32057361845
77501802653
83603867904
34141367249
53358287149
66965900059
68742681987
56870701253
16011964826
72052511687
65811011920
43945201187
14869966808
47477954134
43627870034
50703196553
13028326892
68524854987
69127336972
25694150813
09333887806
97831638920
13086054808
75227088934
05112372940
58688480044
36180203334
33313739822
73804657915
10716987880
32658213824
59780789120
09474469822
61288292953
26036738315
67356850915
39346811153
65808991668
44342349191
77038657100
43828442153
86063782753
26803831841
38607239104
42965454420
20682697249
32624697268
83994610753
35663065172
17470943234
70792771672
23739479272
41261542215
25646745500
85510874791
16931346830
59395710934
52034500644
05231494844
04845642859
05236074827
78950376768
11577766806
23240300125
46841440978
60276126734
72978066920
34649816149
11892183803
81411200772
19707479604
42119375968
16175603168
31933599472
21101973404
18005211899
60200790668
84517123200
46041249653
11824401850
33502220808
34194290704
47640062861
71010480138
04219827307
91168058104
04258440990
43658296372
81698070500
04271764922
93286562220
13500209742
41302408895
05290693009
05394673160
05470671356
13522662709
81411219953
04274506916
04293378928
04244985107
04230036159
04198988161
04215855950
04194182294
04216807259
04129176960
04191403362
04117380974
04089691052
04080525460
03849599035
04075154963
03982675537
03979098966
03883816043
03921916100
03891965923
03855077398
03864581117
03840967945
03842530919
03648879740
03858190993
03811393103
03814073908
03798183104
03825844900
03786732116
03780626039
03775323120
03772803563
03760589359
03755273543
03731604108
03724764650
03723813593
03698879131
03624611208
03610212160
03511023297
03544274400
03571312317
03524610714
03560925347
03590467037
03407778503
03493241151
03399224192
03433715106
03445458065
03468624778
03402849941
03407902107
03351842783
03287053906
03330579102
03204498077
03305998954
03270350058
03291797728
03235503633
03217626222
03256875521
03168852589
03206844070
03177131597
03184268543
03144279536
03161523156
02956301160
03148379900
03136014707
03131584602
03104998108
03045547079
02986058051
03018913116
02947814126
02994645980
02979575380
02756477907
02940362025
02847654739
02821910894
02844636985
02846325030
02802851080
02774571901
02639172310
02727855478
02543325956
02486936971
02549524969
02481742907
02416528718
02486721002
02403316059
02422797083
02443871177
02377200001
02398573729
02362588009
02396231936
02395429082
02369315121
02246284023
02221951778
02242449907
02343847789
02107476411
02133588086
01895221196
02109916311
01996675192
01971695033
01955220107
01952654165
01882579003
01832585255
01796832090
01865735965
01790774225
01730455964
01790383030
01798346907
01766153186
01736290169
01672825229
01617909092
01717196209
01723067105
01719385181
01673847757
01679995910
01610187180
01532239521
01686123213
01588422003
01351744062
01493731203
01598688901
01587761513
01548968536
01361088141
01418113662
01343121396
01308660162
01190779650
01242815244
01233188909
01322002010
01223579654
01055370390
01201647959
01082298905
00995612986
00922959161
01038565103
00998151173
00974378240
00811796183
00897289129
00906382980
00883073013
00861416600
00786981113
00824908996
00748681019
00660547104
00767081951
00722937130
00656817038
00638275067
00654037388
00435045318
00624941981
00609626159
00493357904
00617254125
00609174584
00522891330
00600073203
00590549057
00436618311
00500475075
00407167080
00425420906
00422259063
00230371132
00348982984
00358837073
00348710127
00307079198
00292525044
00323701213
00227769236
00222564075
00317699261
00273340077
00214056031
80012213349
27235475153
08437666970
47903446819
06741089810
06170649976
04319162170
43724943865
04954339936
40756642876
60644604310
22846143889
21873229801
05024984986
06215406929
22202727884
13597516610
05617241990
04870923092
07652292930
51001738829
63811065904
35365969839
97840602568
15900931781
02447902131
03869707003
03839879116
03779520010
02456806085
01823603009
03422595392
01876107979
02867021502
01278108971
02552932169
02533314048
02504638817
01982578564
01910648663
01918143935
01973564009
01440620385
01308486707
00357587910
00022595325
01114488593
00011315164
11982083921
57251185504
08487000401
30042040884
04698297966
87911981272
21250851866
06127229103
35082352890
29299484856
14149544689
07608293578
05109385661
71990828000
59878584534
33449632876
34513494859
38726403803
31434232859
88068021191
74103695234
08957046925
06686151173
44920250819
30475952839
46465297850
41386529818
06294141141
05101231983
62030266388
09165086929
83929657015
39289985879
16884254890
09567326908
06633397909
06093095959
15078667806
60275422330
06586498929
55730515987
50203050819
05606948141
08972581690
29340101200
26618179807
26920715813
08685562708
21954552840
78130212749
33721427807
09979894750
13583592883
06109937126
90844076104
16296862717
90076443949
04560195960
20398600880
89386825104
70386021104
41630116840
98957481915
50741799391
86397010244
28678854855
19092194794
05371852166
34111318886
37258875867
09542911742
09044384902
12791320431
71050973291
87479796072
38847765846
91307589200
21810189870
80452639034
89416066320
10446178969
44878989866
49422339847
08265377746
33114174884
37481171831
13514603405
16880164730
08652980926
84170450744
60007523343
12913021824
40950537802
42660604835
81770553215
06511045994
43549959800
38144458800
28880178814
05563375730
06876167941
39415619287
78830400491
31083082892
30737647809
04721083955
10555509923
40748049487
07898854926
20220235104
43282378882
97308846172
15587858847
08245483613
10213907984
24014825809
40319120805
38627416800
08478271945
22745164805
19032233777
31535741899
36129477880
07820934930
89194950504
06027274484
44412695875
07545414950
82480982068
84005661220
32425337806
86870327220
08432361917
31665680857
36928298847
72196351172
11550424920
06029456237
07419598959
33543783874
86183846589
05163202979
05827107662
10607319917
10274993767
38386383879
17300235840
04504088177
60008634033
35927589855
56833814015
21922571806
09154292921
64630650300
42079925881
43086379880
37738893800
51939763878
09181729936
82953864687
29351816893
50264559053
13855850720
06575522912
13194956809
09342137717
06086247137
10235723975
05283982700
11927367450
04619016500
09740409911
04525837136
10677072988
98663178034
93619618968
07598333700
28960297372
12809655766
88852040072
06752855188
09099702469
68073836068
29155767850
14024752766
19738210879
48484083004
47903980807
22041919817
12514171407
09496509789
16641943712
09569285958
05183080577
11849825629
43995591876
09798394402
07833017663
04549950161
06157741996
40026613859
12984193440
40341793841
14586635665
11601937970
94709041091
15200323827
14814574703
07802770904
42899144898
42070765814
70956129439
36111439871
08660058976
38053702880
05795843725
39393132895
78193869087
10748391703
07456092958
06749823980
25538719880
06988049614
31593675844
92576109004
05276940452
08278974993
41934297844
41314906844
35313249851
82805458168
10009528601
07740037400
61024912388
96217529068
70131277103
07692529906
08566551478
46579486104
11772714607
36545205889
07068369952
45681312860
12546508733
06590348596
07180571989
16060299750
37461447874
26439826816
40352621885
06341393989
92081290987
09589615813
10163105448
67284990759
05899910194
25646467861
75586991187
48512696842
28199540818
11944816631
70548285004
46754320850
08940038959
63325004687
47274345800
37827248870
23897698889
04820423118
44165632805
88250873904
47569996895
05227743185
80613853091
05072788954
51220164968
33391338830
82591415072
22009757831
76805433487
30649918843
99233380025
06998444958
07182264455
37552687878
09321564950
70180197452
35760432842
05990808410
04356346904
41090454368
10088821943
07563128921
07020999964
41900564807
09241969717
14954019796
05665619647
37377946857
70209387106
31893067882
77066022220
43101783836
69739420591
09309153997
38053901816
30059322810
82502056004
43393078828
06094613112
84466642591
99250608500
86633163568
35398340875
09325171708
43395357880
08106022706
28126968850
48694542897
85181919391
10378183427
42792431822
36972689880
65910095900
04896910303
28793931832
96365382553
29362693852
83519238772
25674027803
04480934561
28256632801
81972865072
09732898992
30918109841
32470114802
69070512572
09486588945
80842704000
04501990961
37045878850
43816476880
65112385120
42444449800
30513677372
34818788856
10983050783
37835019892
34495692879
05536468421
07480871414
40169680894
49983506840
39489097845
10847283895
13253366880
07094309651
39324171860
06591404112
04460314967
14493650788
06211236174
04747484302
30195588835
09576501911
13420705697
36093159892
40546096867
14383275796
86105027168
57093482104
24073423800
05072939677
93141122253
78144965515
06290751743
85541494753
85928267053
11706141750
07350968566
37639505836
66759617991
46747851897
40782763855
10132841940
38553279120
22454523809
21670659810
95410376749
21926180852
10373895658
22583420828
09986302927
35175719890
47185539897
08109872956
60724538305
47101297897
09376180984
29624033870
90795440278
06852474577
76679489334
13215708647
96642220200
06298468986
04528414104
42299294805
10429303920
32867782813
70477724132
43874615863
31628064889
09572530798
44451118808
13055047982
05930951624
22860957871
33834195847
05443109693
43447785888
53785816804
09717213780
29359683876
16310546783
37758925839
81964404649
72340673020
44151742808
04820623397
22384420810
38696644875
48748135852
14242392656
25862696830
47902166839
36996310873
09329896758
44637251869
05360556102
09103779874
05273746957
10587269600
07417582613
34692810840
98802569134
17454068758
14901693778
29367365870
44145879805
30619611863
06879800971
81687656649
07783154956
06487070912
30153659831
10281718628
48332130875
72417790963
98524240415
32480109836
68061340259
10512130701
13087249777
35712734869
04736919906
41706984871
25140940892
10001147676
47444227802
28409267845
11775649989
05660628877
41345076851
13599036748
07732466659
10634543954
25602153810
98827367349
07530140418
51736064878
10939638916
41780778805
38506446856
85321230234
30249818884
07564381957
08650316905
70181166194
92995020053
16085498799
48739249875
05587178960
11883930812
92266029215
35247054806
87698595234
42868392814
05036516133
06587590608
31799564886
09297044794
14536058869
45439698809
06226939990
98732722087
71018906444
70067155120
08337849940
05181406602
07815784690
41447871847
84786450391
35075679897
09263212775
37315261826
30671793829
93879067104
08630315954
44529831892
47366302805
25940329802
40505865840
11048454908
09308495908
09904663963
37164364885
42765406820
39305913830
93617933068
06698716804
07402339980
08192699722
29967993804
05471046854
13554633941
11078686459
34701772879
07002100670
43898594807
26312449823
67024599391
64798232220
47684631934
25751785843
12488480983
44983265805
15567975830
25359930829
14343110664
70735620482
49033743515
05018930160
11901702995
06481010969
08598985120
85101338915
49180834809
36633202865
04705479440
10603143636
33472828846
39114148897
90664868991
15665368717
09407549917
08468018686
05478401951
14150349827
06341288921
34324464898
68992440553
31077637802
35130033825
06190627978
26815838889
83771255104
36454858804
18609735826
19722631705
36733866897
57841365934
45130364864
33553229896
32477128876
76749800491
39105606870
71245596187
07517703960
04362735003
05826634316
35555027869
08431335971
06297032998
27831150854
92042503991
37062078859
50771153899
44804747818
86225611517
27140775877
38589282830
07708635900
08880051806
81527730182
31456659871
16690942783
11222774828
08145517931
51668688204
82434492304
84641010900
28376330896
41693355892
11483837602
31870618858
21306756898
46593275824
82792216620
97670278234
86467235509
05243215902
89840844091
08878279935
31290672806
47232977824
23567349880
33695549840
25886148841
38712204854
33927050806
11334246866
23536563821
05597236105
07862767977
71194674410
85460370000
12331458944
70853012440
36754746823
14130153870
36221457220
20598232850
49660805845
54165016500
57035512187
08856235927
76675416472
04735173293
51462881866
04424446050
11040081738
27230461847
31499542828
40227983866
36306166823
34930594855
90805712100
63259990291
06823168900
74810545172
04923311037
18354318877
83872990063
07449929902
38390881861
33139663811
11530842794
04547838925
08054926405
09994352482
08053317944
05505057926
24875581807
92702970397
87933713149
36384123851
22156936811
13104726612
13579367617
43755940809
11516507908
46274378898
84194529987
44022297824
43095535830
12720905747
46962112823
08889025140
83162194504
12232985903
05711220942
46895340807
35981238844
31222618800
10889810974
08998988151
49346491825
08449739470
10598868984
38837143800
17598569754
10796563918
04603471289
40336915888
78693888234
41574497898
31704704855
80059558989
85232580434
43698114810
70177227109
12153844401
26967245805
12530304726
59863447072
45212865859
11081308958
29990320802
91727260163
90283007591
38731794823
55603386134
15974919696
12820715990
09300275909
09747836173
06281471989
69292221000
14789266605
19102846705
66122783315
04916615093
04733755597
38680484806
10166035173
71418536180
12832589863
62066287369
36951876894
08054772505
38226991870
14076708830
70041815106
07212132357
07211355794
59578815972
56549690803
98819682087
09299932760
35158135860
48348232885
40752938827
08457770411
07971142110
14363651636
04823529570
40905675134
06514889581
11398133906
47520629848
12271435838
44623165841
10830654917
10201333929
05053917167
18546133751
41974796892
86474260025
04972115130
61281350303
08905101992
37113158870
13177432961
11654950904
46848227889
98222473115
14841453725
98713043404
93090544687
07867595503
17635198726
45179516854
42453650807
48963875890
70554592142
08931731345
12889487784
70780821173
85366781000
47573627653
11770613927
06972766605
04811236874
28664030880
45888528846
33048896805
44515776835
40439598850
11819074706
05491725307
31834813832
81403208034
42181584877
15481932830
70740960245
41609524888
47049204889
79342671187
11478134933
83112561287
61816270300
18799534711
17465810779
29772581833
04574474190
40817044817
11211801918
09925199506
70712217231
12672617651
06588186193
35160106812
61655373323
08335899541
48412376153
71088011403
11833423810
14189114707
46877270851
80451462904
38928395810
13952682748
74284363115
06699705903
15599755800
69629811120
10700264760
29088377812
70840589158
40086160044
47801246896
34384964889
06186618595
28185720886
60399705376
41068991836
09770563927
08468171441
06759449371
47584110851
32919676822
28636958865
09172006919
29418408856
35202896875
70877671192
10435105914
05357604266
06062311102
15760803743
43651272842
40174276850
42732834840
07517307932
37968050278
05025154065
56266227134
07330992704
12115537955
05330094569
65406389149
30496649833
06310816900
08932510970
13433581835
09972432602
39522662801
11387539639
10317736906
98522574200
06262177337
70550369171
10451533623
88887510334
16306586776
11905472609
70780077199
40188902813
07574799369
04363181133
05516505755
44490397852
08459283925
06815347966
43547081831
44313315810
68840560106
07531780950
60636961303
41434261883
07686627616
10517084945
18162443843
39432878821
36183524840
51220588814
51816557854
15916976704
05850611908
06465570688
40229819893
09572596624
16885093726
50327220813
05993942185
33549004826
48270867888
43089560801
04713886530
06926715440
08933053409
08492782951
14009902620
61741426391
81705239900
42680845846
11099301947
22092197878
09964220995
26058513898
08356687977
28478326880
23100202813
42533698806
45760250310
04838046901
05163548093
40685095819
05009902044
08631289981
70651040280
48435100847
48789222814
18209329820
51230502807
08253761732
72610182104
11983940640
07013837989
39119073895
39326183866
91536243272
12449606750
05373866458
16666532686
08412281918
53896866249
07186291830
32212067801
44206305587
12017553956
05977334907
05072480070
39714214823
05940756964
25497518842
05848502986
05318498132
62143166087
41419891855
41349760811
43976756865
42173554832
04595676166
05471863127
48522630860
05282873974
33147942821
15061079744
13121485784
22213884889
38553132889
60523027397
60180796313
46629364899
06059914560
61998587355
38851002827
20042352762
93016786915
51131663837
05552115171
05350494988
15373297402
12361024950
45852609862
26894263825
06592277971
63010178204
83712526091
42859521810
06904988533
05513425360
68648260078
86036172524
05383029761
05968028386
11839328711
80735568987
04649059909
48042744803
45044453870
37634379832
05508558314
05161896701
15671577500
45969668850
08991919162
05124678380
41592914810
04477862105
09205149950
14988767736
10279577907
05415309411
41758064234
12356031723
08912362950
14322934862
43566971898
09645863988
35625727864
04907225121
10633601969
07144381970
08590169359
29086808824
07252964965
06524357698
10467421919
18378209709
94304696149
10694530999
04581789184
71753095204
42126293807
07476910966
70607293136
11007186488
44266598840
06831069967
09593778918
05411470722
09316032938
04779152992
07647472747
85912247015
47828895852
06950122900
11519574967
34971052879
09331164971
33562663811
80571093949
56459831149
36029948806
05607241360
39368717877
08526422960
05525701170
70311493475
04401688996
35290644830
05851456442
21805643843
08760439963
14067392869
40086971875
06520816906
31482177803
48172609809
97762660615
46912652875
12929659670
04432968397
81159510563
38221505846
06807996993
57311951020
30202959805
09079286680
13054721795
06260914970
95114246020
04858009939
17771779875
53486617168
36812027880
24863894821
44717049829
06840148904
10915945975
42778096850
05437905173
95007091049
85951057582
19327366549
77832051515
87742519534
45096682870
91208530259
13442549698
07154684488
06242997754
16350579739
22760827801
30356242838
66848792268
35512705890
45048038878
08843617990
04821935902
40598075836
34837995837
06638809393
34708548826
09267641956
85650277249
33494596840
07126763417
11247141977
05115034905
29529281854
38112590320
09798632605
42900762898
51191553833
22705878807
06517999965
37807515856
39898720875
11343007941
04965178483
50424448823
27241895827
64449009304
43709385890
10722391919
85264148015
04926738961
05742123450
22135192856
12018486608
38694359847
81641460059
43144562807
46077815845
16274836837
05650565147
09713095901
30234927860
12564959644
06452181386
34972795875
04215017823
04254630107
63350653391
04240867355
04238659430
04211084950
04255439001
04192166500
04272128205
04239299500
04234937959
04151659110
04192304910
04080103395
04016259584
03978501155
04073990039
04163823042
03974796118
04027022122
03958638139
03915716057
03980013162
03918470903
03971121063
03938780231
03862308111
03920794966
03851802330
03869398108
03844783016
03768698017
03861527138
03815279992
03710277990
03806712042
03783849101
03740818085
03779162180
03658101342
03774793905
03722869765
03699871363
03727506644
03722046190
03711519105
03714326693
03559146038
03661892711
03604085080
03665292000
03655201281
03652225260
03649916150
03695799170
03644208204
03649189003
03596676517
03635017035
03562507097
03549843062
03624517023
03590742437
03593423375
03601069270
03560832764
03445236089
03454842905
03542647705
03495196412
03356391437
03390508023
03357593947
03360428170
03346213994
03351155000
03328264906
03281605559
03250978957
03121875213
03217466195
03252766175
03034616082
03228892190
03136163532
03216168042
03191852069
03165796025
03202191004
03152365900
03130241035
03082376509
03113656044
03105099204
02894982100
03070988180
03021797989
03010622007
02985501130
02928306021
02968787152
02916877762
02916172203
02942830050
02842194950
02876207192
02823789529
02915191050
02896377166
02910309398
02894837518
02884368906
02809890080
02852958538
02791326030
02722473917
02687709131
02751045596
02647156166
02746576007
02690176076
02646389990
02713819148
02703838166
02691436020
02595581767
02657850901
02586330005
02579978305
02579179429
02550951042
02593446137
02526945976
02488136506
02524707024
02398341194
02343003963
02359019112
02398914143
02345538120
02354166907
02356029060
02349059138
02353153038
02312075148
02301368777
02265021040
02195516003
02189448611
02180365071
02157006940
02160638331
02113531160
02127216075
02084580340
02077263024
02069086526
02019707918
02045741109
02009291190
02065898089
02052542175
02021945073
02003172025
01926378199
01977620930
01871178100
01910983020
01869153731
01700113054
01805588036
01694168018
01833379055
01766534813
01826533230
01805289128
01698256477
01512479004
01495273148
01344913946
01488671036
01465133046
01531496393
01461762600
01450583954
01314802275
01373724188
01356923771
01271961610
01313742309
01314958950
01243289031
01286578558
01099166039
01224169107
01075854725
01202694900
01199254193
01169808263
01033847070
01146772980
01146296096
01112955054
00981896979
01080092544
00968918905
00955545137
01067363025
01034066030
00937963232
00980084040
00987444964
00755686756
00958851450
00870865064
00894477358
00914552783
00890444790
00848890981
00838681000
00844573922
00678415978
00749310910
00710789084
00758948581
00762468335
00532244770
00712652957
00642744033
00575863145
00656845082
00644866306
00588208680
00623306085
00501524673
00585836027
00574505954
00460434039
00409461008
00486050696
00525658076
00568535308
00448526301
00506603903
00519471105
00499818032
00434228966
00467659133
00369296206
00088052028
00346645999
00263462064
00287079074
00297155121
00230698301
00091055067
00053302036
00029659922
63122332000
06006127164
85190845087
43520671808
12484277423
37419503869
04493866004
02589032285
09944190748
11795228938
09260311632
07772577931
07155383651
19026549865
39276563806
46094010884
05186634344
04525737182
06759782895
04682752154
11305826981
04850932517
45883679862
09928238464
06301519620
42065318899
07392859986
05689077798
13590378883
76814491915
16698544779
85433918068
48725257870
71441093320
70629949107
07858089900
39336487850
10226732975
46248322805
07961733540
12112770977
34948114820
50370311841
06711158989
06647888403
12678212726
10909175896
08946811927
38711685808
13234275629
90214790959
12017077658
35034008858
70384711120
86684621563
61572012153
67264360091
43003252860
46311746840
17398990839
47636145847
16099972714
35873284806
44629530886
09888920901
07230522714
92825109568
10053048407
10535248970
30708055826
05924862909
37768226860
23203308878
07800532909
67164447004
33699228860
10553515748
98688863920
39090872809
37108960885
96880783104
16149567826
27351354898
51788449800
04394404916
08965892422
06846884505
28217034818
42099881898
00037034286
00171924045
04036984136
03728613185
00027814254
04870673983
18867868870
46328605811
15685392826
09198918613
05846086322
30225195836
72018763091
05567619367
06308556335
70499820169
69631280144
22518445897
06650065943
76998576668
06180935599
06800312517
25866564823
60429388357
61946195383
41506059805
09131349960
11133428622
04502478059
33117483870
11938596706
05210183904
70111642191
86507797510
70295537213
77491270204
15939441874
10283345918
40062707809
90071921087
17900554823
44406534806
52570996831
07797537984
42632264880
37981818885
08511533648
48423804895
07741651706
55736270234
08174675990
13302352905
85840580015
05405766976
12324180642
19036176859
33265079848
07454359558
27500340869
25285918880
14116269824
12233629655
05223693167
07261781959
05788395127
29834386869
39639446840
31803506873
04298878929
89977483949
06982715990
07660806416
86091018353
69971226049
18208117862
07438506614
19434749743
83043187334
31909044806
08390080907
41845238893
49831679865
14544966736
05364433196
07863304571
10604733720
06044116506
07230739616
06878249155
09736511723
37401874504
46451349810
36709224821
07022947996
13585483747
65750829200
79750508220
28740404870
30817531807
97724807191
11879164981
32325459802
68360975272
04820153900
05687902783
04330342626
61294856383
09236075959
05389289722
06815175308
07399730962
05323547960
11445347717
08096516965
36331019855
07686531937
35993841850
05805667304
04348620962
44715985896
82460612915
22266102869
11292291907
04968272510
06790485457
08631746983
07746464629
32355450854
09806868650
11583506608
36815857840
07282890161
08293374667
20504706730
06982666921
15236091764
07908835970
16651800809
12224422644
12172024988
26916975415
08415570635
43982178860
85015555091
36588562896
40562376895
05284003985
47849367855
40220806802
06498527455
05726316185
90564855120
05639759119
06621216947
39074482864
15266775807
66658365415
04636932560
13368736639
97344664291
08826116903
90820134287
10984006907
05932766638
07839053947
40375210830
46840079287
06234749305
05359560967
08476581637
30358427878
23665169836
95059105920
11074412770
11764919971
12168597600
13443621767
54512311840
49346497866
18037401758
28046052809
20544692896
68899882134
34729818814
15474294700
09195059610
11352168944
08664124680
18416025746
07130217995
15566320880
07058878714
41848667272
09470607821
13400488763
11975774914
22558460803
70048525120
43562966806
17807885769
96585315049
04680517328
99944227315
11910622958
10400065746
30842435816
08979024916
07318163310
72792892668
44397808813
42973633800
04794714521
05068194930
77979028520
38404410801
12632691923
66195357120
07030365992
06260089139
06924316328
36027587881
22918113808
07068755917
89162714953
10530872501
70157251268
04463424674
31781709874
05682891104
08725283910
86034147506
20541408720
12022689607
37081156860
95582126520
32299942807
40825058813
46352187838
70461164230
05207526944
06484446350
29547763822
07324771742
28779543820
16668972802
14432422769
05213560598
43180129808
43171623854
33585715800
04626489400
04479672583
35214109865
96979828134
33144619841
10840199902
05942992762
22132110867
99607123204
13298725846
64317072300
08734608982
04713091502
10518382664
12195903716
09506879958
05116543161
41920102833
89064291187
08219976454
43744922839
25893956800
05874837680
70389873136
13428912799
16107362738
08934439998
91844002004
93303645191
09196594977
08428027382
07108560917
11539315835
05227451990
94450005015
36534678888
41003058850
40108647889
17689284795
07894501352
44892880850
08007573941
94555516320
85645788168
08772204338
60202662306
05095493063
76447006091
14371304702
07662667375
25421903800
41128143801
04738910000
12374454851
08488551673
32358094811
07250787900
45515820851
07440552962
07373922821
07847179407
16928765895
09480003929
08643462985
81859643272
43789807893
18738976773
29120673833
81674635915
36871961860
07428463939
08991866964
07172476190
56373779874
05195770514
39874047879
05542589600
94279659915
41449695841
09251417989
10068714700
27186404804
11842375903
10877846979
04746359105
07347718600
11255359463
06449072903
13971705731
70200384252
41684654890
04984278978
07430905439
39424621841
44602546897
14187401873
47040230879
07471732903
07952028731
39832123879
28275062896
40433815817
05717379943
48263949858
08352715798
30254699863
37181598805
54211379968
10911369635
08042397623
10455306460
70115676155
05749749118
30101551827
08932712417
05644689670
26806933882
16238064706
70046783180
36616664368
37054999800
36691052803
80449492591
12106262760
07495839759
12879655633
04770339038
86772902149
05190422046
21380118875
43592935852
04837512003
06604816184
07791319756
05544216312
38412034856
10691687935
62413315314
19497739818
07774813918
07057933975
05241947183
91006260072
11643891650
44854369850
71919740368
05461747523
38480160870
37284180803
42068079810
06260178158
11638308799
53936340803
97935492204
08518678986
16105137702
40772219869
82611572020
13689212480
25121093802
06677399559
07682003936
04843805084
45957052809
04804525041
62355984328
47764135828
14522147783
05049524636
43358642801
43252707870
09039462704
06802602938
05246846342
64637581591
11387649493
51661236898
13588121790
13862651878
09549092917
07123792742
11433782618
12032664992
07561706561
27544783880
10056390432
14514824771
07100994950
06972051509
34098645807
51779510144
09935973948
37356906880
47578606840
12769425676
46003385880
05326421399
76139557100
27154698888
14218037710
39796276836
06555643650
82563314020
13835796798
07581891500
05235461495
14437901681
31624772803
21253089833
15853613804
09683729967
49023304829
22208486803
11339188910
09016896961
55499767068
40692174877
06369431940
35896514824
05008316966
09182478961
09917304614
48788700879
44380414817
71418407100
09735947994
43518027824
07284697660
80130776912
13841499961
13137601703
70350375194
13261855940
71002293162
05444122650
16040704713
12813152650
25948510867
31256412848
31713929848
37724242879
13096994455
28881240840
30799431800
30013574876
11536001961
05416473770
13852297729
45951287898
70140536124
05350411799
06819227965
21765415888
47349436807
12217176420
49575759753
07273702196
25409870875
34752449854
09863018686
06244435907
12466164671
12571411985
31754867898
70173702104
34731528895
08521962967
38633660857
14315502804
09991942912
14936332798
72563613191
12955121908
96243848000
83069836453
31574226851
45394412804
05351491150
04634396351
88811670187
07659565869
39718708804
04361491097
09276613498
93852177987
05151110586
38115520829
51383160104
05987926602
04670901141
48025241882
48336934880
15129332873
43944054830
11931732647
11407501941
42796541827
48581065864
06516399808
12926591730
32370583860
15532884676
06143477345
15578768784
72685158391
05807981510
81211414787
78375703320
14433428744
45475783896
70508774179
85730050097
90476964172
40768712866
04868389947
08627744971
07812562913
97841994320
04571594488
04886013040
50402446810
33867033803
70489437184
46071623880
64183165504
84817232900
18146595871
48325259809
09517714939
08749031490
70229027474
05569080074
08984410993
54351995220
73879118434
99544350691
06493981573
40803108893
46328585870
97360660106
30945930895
12002619921
08118699463
14724280646
09621131901
70683232193
07711076924
06276361526
04465851570
74877992120
46956413809
46059148387
46924239862
04781329640
07405119980
06163751906
40955233879
09473911939
29306797869
06956915979
39930103880
38941312841
70250136686
09356705992
30452383862
06735186630
07244761996
10974683990
12057503470
10761253955
15628098736
08649414710
04939683184
16118586748
61377570134
12640550640
06678736940
08236065626
09202152705
37367098896
07936838902
07270226954
41155819802
40431799873
08138622806
21674292821
07237072862
37598792844
93969120500
11023303450
95782940182
49844540836
14621955632
06298701109
81262531500
08890737409
45133217846
16970511707
08592902983
50174149832
12848359790
44791569334
09388355997
15732565795
15589859727
05197383305
48610912841
14462465741
06595867389
33668297886
39898163810
10880958952
81447507215
18679193704
12530455775
05499678189
44490383800
43325897851
14812652707
14722431701
08395873921
72055391291
04447768933
16922986741
42839699826
04525324937
08535648410
34896291832
42413229809
09645533686
96566965068
98785770159
50650377877
04703624990
04842810467
08832357909
50348844883
44532442826
30704859874
27434297808
43811102850
40673719855
42185959840
10845310976
06596920909
04423873770
05111257128
38541008843
09685875936
08173865990
61633643336
05747302140
34889025871
42602195880
15941539657
83580271091
07229581613
06723944135
38839132864
14385831688
09773011925
31338778870
11265569630
12566093822
10948969938
04423850133
07887488907
92085369200
09373074679
09226667926
12498464980
08630723483
06462135980
41147220840
06311705966
38479645857
44489492812
11733897410
33525586809
41161023852
10903889935
07174820301
47483983884
16706295701
32105765807
44278627807
11153564610
91866405500
21645087778
70640546129
04804054847
46805574862
90493389334
45080800810
22153459850
14212116707
12494742722
13012307400
44105540858
06436551662
10019038623
07401326957
53037061847
08702908948
11572525916
25891585804
15127622700
07567463610
08091823436
10645174980
39268564831
09767601422
61049050053
06667881978
12215428694
08043890986
40988167840
15050724848
46942937886
12006841920
09769826928
31462295878
11025651995
08408372912
70768006163
49603193801
08328858436
47335517893
08583225958
39088837848
38509858810
12735803708
29473079842
06301607163
09359502499
13048366652
94499934753
84751509268
27072447830
09367752970
16456901723
11997833662
33492792871
46881364806
11939310610
44525196874
61863661204
42849910864
82769150944
52762599920
14442022941
48040401372
31303429829
06894677964
09196898178
16538362702
05131291976
12281713601
09016610901
70870631110
43988860875
05592568762
09653761927
17258925708
10793096758
26815162850
48586615803
07438720373
09372492620
34999987856
52093409291
25355415806
08617855924
70617504130
81786247968
16747986873
08242304939
11134563612
15916778821
43263464850
11995218685
12180062427
09991889922
48288791883
13870452706
97592510006
18150090800
05347016205
06263553979
48018401837
70064417140
04481155140
66658128987
86911279968
14728909735
06683121907
41600704859
05691098179
05310503943
54846092836
13268259766
17160455762
30899610838
19080135836
07870011983
10832233641
06920283158
50774092858
73448060291
11328372944
08014534611
38886652801
32031819836
05488972986
47387130272
12107059900
07844600942
46813157884
30133836827
09209359402
07636454947
14704659909
90942850106
70420022295
06272621477
08916593662
12908739410
11216651957
13359648781
07869641545
56940378200
09699032510
07826997909
42503165800
42112131800
13890038921
37626709861
10605917906
17594178823
42288650893
05002485081
06107719903
04957992118
06252077348
29691419220
42430133814
05059655008
11801517711
12400390690
75408937372
11038596920
32623779880
27933709087
08660278909
05467304348
13820782770
43327164851
90824415353
09423579906
18060103725
07293698461
31499013833
10078642906
04305972077
11762139979
08462400333
05584627909
37392897837
12627695665
36276714810
98999206149
15299810695
12668848903
08627935645
49111044810
67113788572
06204545043
07877027907
33319131893
07516766402
33478753899
70074340107
06276590983
79650309934
10134377990
05504756138
09186063901
70477115462
09886962909
29896941882
70293418136
04634140047
55963633087
06033738101
09121243930
94079714491
09594180919
11553751655
41241096287
06537331358
04915433102
31564350827
30086087878
39645969816
22503980899
10445690933
32006763881
63904586904
05773445956
85392707068
93115148968
05641567280
10406446784
17719251750
09454242997
75678772104
84068450234
07291562902
36096079806
92773141172
49077830430
36485933824
85544949972
08299201969
06696581111
96709081320
61234742357
06444742110
94726159372
18652845808
41815501847
36870838100
04459667932
94965706900
41932870504
05312609927
29797809870
11705137865
11835610404
95576703120
05867315126
06312084299
18844012790
18180326861
76414361020
45352119149
32672871892
69248230687
05117304110
10882466992
42226498800
42211987885
04885364132
50041803850
06528342644
70729594408
16519335614
35346908854
71169295177
14387470712
46961326846
15177383695
05180288010
18189332848
10915902737
60910526591
35553786860
40152032835
13249261637
41550504800
05486046146
04790398447
60961073381
33918733882
33032532850
39866719863
34396146892
10984048901
45501797836
04332585941
10502745630
09626810670
36477116839
30619018844
09268061902
60151909067
47006582822
10585468729
40080223842
35865887807
08578178769
54304628100
61522455329
18975116719
09994510738
13191630767
47628793800
06960610664
48585170808
14446696998
05894900522
09574381927
46860612886
26634985804
87657236353
19147895713
08718099742
53642783520
09040628645
12441033735
41067660860
09051612974
42800148845
38645759829
13569118460
11869793722
13626799689
98598570087
06454646190
07289054938
38082249838
08534574928
11531102964
10984972951
11786830604
30895151804
11454429860
09597296900
13435962976
33253421830
25228609253
50248427822
80755801091
47334689895
42201610827
39194189803
07760148623
06881271182
19123284706
65858972004
10915062640
60015514056
09826519960
25694770870
22246356806
16926520798
08515710501
08528865940
28828321334
07872642964
09775810981
12931027413
04626764207
58204695268
34670254987
50151476861
06712521947
42743253851
26834879838
86010723566
06701314660
46987331898
25677204803
14544266670
37602181808
47398537875
08967421567
40106505831
07435173932
07716376918
05980039910
11151515760
09664094420
44780106842
37541435813
92492940934
82569282049
09877237903
22072479886
33064135856
34824149800
41358518866
33539324372
07788692964
69962219949
83760865020
43018668847
52416461915
06422178905
04429243212
61405930349
17904972808
77458273704
07703072648
70027431207
44960548843
06687402641
09187759900
12084612900
10003715906
47672648802
43040906828
10549760903
04599074926
09297609724
31510287809
54815738220
08188625990
42673779876
09180485910
05757310952
11720430942
44950800833
15326293706
54212287897
06382205648
70787895121
06464759914
12581659610
12009778669
14804274626
27998008822
04843057606
50137081847
42161257862
05365370970
06183701530
38993942838
23438895897
51481827847
39895472838
98672037120
11065764979
08989570603
99841487934
62872915087
09945686909
10287146960
08062681904
45451963819
05008652800
94823251172
22871102830
12306636737
41874178852
10628176724
05021346318
40302371850
80238246272
39459644821
11071270761
10763138762
12919848607
74628550204
13272811710
08126687584
07111766636
06568101141
55579027249
06702685424
14174328706
15097983661
46354309876
56203144134
06776541116
44897442850
21894959892
04772693114
07064148102
04459140330
32268409830
83413820087
09623123981
12436602956
12582644633
60322096367
34490350880
48308630804
48643707880
08076834937
45667213885
10316664782
05335327014
05092543060
27244315880
90685296253
12786389704
94590249553
36808631875
10247413623
60474951332
42688527860
38171248802
09540862957
62911635515
05616747955
32618895860
45910124846
08729072956
07009376417
88995151234
82689733153
12105517722
40506934888
04959834110
83681116504
13153627673
05747935690
49916259801
70229992447
43301881807
12152053761
23091058808
63189135991
06319195622
04753285073
81157878091
81889500097
14661927478
52970915863
62048826350
36579608803
06651730320
20047256800
42273525842
81927819091
06546249928
12373180847
10636819957
25115865840
53915739049
05088246307
32803574896
15949353862
05040081960
06222045995
32344698817
84160250530
90950640930
14475750830
04833076020
07466977910
13493669941
51788415817
10188260684
45815210846
21969932805
06564587392
07322031474
09641161970
08553037789
61198985305
97002640925
10387139940
10920294863
04610169070
39601976833
06910218990
04397788596
34406393803
86827243168
12432149963
04770393164
70526778148
70799726206
08023049402
05381822022
10449866467
09196822945
06540220979
15483154860
25008614819
17556950808
04768321011
44670560840
82431612015
07991059618
10138474907
06166863900
06704872442
10813285925
44027331893
07765741918
39080873845
14709213836
05663193650
11020845902
45950852818
13952106755
12311822616
05860312431
08784232145
50569534828
95768459120
47526452893
10214753948
76640582600
05566417795
21811977847
07623078895
04645414259
70223391638
09603871966
05095775123
08667583480
04353807021
80714374172
12848763906
29145392404
31929482809
82713251320
93799713115
41071759876
05098872952
36930352888
06851717107
38267090800
12178733760
12321009780
37592614855
41664537856
26718971898
92293891020
06296871538
11036348792
37091411846
09797685438
08106755363
61627623949
16289236601
05775730550
10590731963
17213922629
70250983290
37331673840
30501773819
45310836870
13731631784
04875932944
10886807980
47247115823
11304331962
07087396609
37844900857
08589249948
15011359700
28682184826
16373462714
05837569995
45822994822
08789233905
59633921953
34847652835
99283972104
12422336957
72600063900
23078717801
29200400817
05781246967
08561980990
38962691000
13389665706
42769721836
15549242435
11036162850
10092562892
36569106856
09502403703
11468871676
11066573905
33122259818
70389759279
11067424784
90651197015
11699219656
07348326994
39868113890
09149631470
09766750998
47304015810
06300252663
05984927470
44241650864
22185982800
08767910971
47196314875
10197942911
04554476081
95835318200
29359386820
10122942426
05865215698
07844080922
39773924840
08576806924
17792662608
04469219398
07621405341
41916176801
05517786790
13948934770
04540175530
06366859345
11934201723
14456810998
07603120799
75075083900
40911220860
60070807060
09180570941
31515610802
35799772881
05078104224
34056669880
04723441964
12158438606
43986001832
06154592345
40795816880
96265558072
11301989606
96362677315
51284873854
35900503810
07440180992
38932534837
11082664790
29813048875
26469215866
42860779850
40880346191
13615066600
11969426926
08760227940
34051923827
11003614809
18030066767
10751727725
08854846732
76623181334
17654258755
86842919053
06997495494
08711576839
10913049980
07046134928
09735236974
10435879693
04405973075
06666919912
15835739761
45318930182
10380262703
11478695706
06943079476
06317974918
70136664407
05886212507
12745873601
11785105736
12457243475
87424584120
04878708913
10803927932
06253781995
47366352829
50540768839
08214325404
48700814822
05425926731
34148572867
08548785993
27907339880
84661461053
12140288700
99460505520
31831448831
06230363984
06395091930
12379459762
08518237181
11347800956
15905924767
11730402852
07203859703
34059371831
73275760963
11553051912
08726277484
46394032832
36615990890
09848328904
05378543479
04656772070
36756622846
41613401841
05795780979
05312466980
76332900997
04544127548
70586452133
09243295993
11875848940
05337574523
09771977784
29380584890
69277370220
85591300049
35319092822
11266441700
06752732183
70362136475
70192701150
40710094892
43758431875
32430743809
85977686579
10701318651
05593284946
09558915408
87983222220
06910141598
22180507810
26168708863
53153564850
28115715824
36068679802
41519522843
85966036543
61893501353
13900875731
15998049802
10564935930
11285398700
32781624802
06679974909
35879875806
04532698340
50157178811
09034354970
27942161803
92148085034
12425266682
44911632860
06371430947
05006240970
15174325708
41397894091
60189775084
31578486823
15126347780
42314872860
13386128670
96346922149
15094511610
49112723843
10098679708
04779344123
11045836664
11914007786
09997312708
05761932326
08941759471
28628833870
07702261757
39894132871
35767736812
09612830681
30273437852
39017426896
35966544832
38604660895
25458461800
09702041597
53540824987
99262010087
80995560030
04453143540
42408276802
11023133946
08750859978
12827259478
07551075780
14879657700
11430081627
05162413976
16125158780
40487415191
39788617808
07514116982
10289145988
06927978402
39666720817
04448539601
06324441423
12708374940
04772332103
09028063943
68660057015
07803283454
05058489961
04967679331
05298444784
04405427313
40583438857
05230068450
36965624833
31160294828
07187178131
10530216906
69565252087
31218173882
50782505813
39725039890
08895731905
48538127845
89237811934
37882272817
29247310890
08284162571
43396356691
04773037067
26622592802
83223983015
11633912981
17661693844
41787087832
15929669775
66736170206
80225144034
09940107706
17560878733
14051356701
09487065970
78860873487
21884002838
15953161751
04717427165
95827137200
36155555893
12452221716
70150281153
10331229986
42643050800
12227612975
61145375308
33160340805
47682488883
14851964854
11158869916
14097951793
06729328657
53543858904
12583786636
06163796179
95039538987
05443905392
06483864906
36755074837
06951505969
07571277973
04536008322
46026151800
70528039920
10036836907
96983558987
16596794784
70832319406
88374475315
46517372857
86410567502
12659820740
31200953894
46391056811
14258893790
08791027993
11026566665
05128338932
36212925860
35873210861
40297406850
06259819102
59471905168
14482462616
44300110875
07784334982
11643247727
23326020899
09333344780
31024648826
09298322720
41977928838
15227551871
67571824915
64601153034
50973088087
88337448334
08520890660
47490134803
08713828495
06573265424
29170434824
06608133359
60097505048
18337271779
11858194601
40798509805
07370481581
09867005767
43934172830
15723199765
07987763900
23315275807
06083253926
43423525835
76513513987
10937232971
07019531105
69297436900
97168580000
12506705945
21410439801
95261753015
42487627816
42193072817
05910549650
46480772881
27189509860
97585262272
10643566996
12822648697
42132848831
19175985802
28569047851
09988153490
83647325791
08242923329
22186827883
14113675961
45030593861
10050979922
04591814084
68996934291
87916134934
12830699971
30601574800
08237028635
94069352368
35793161848
38777843487
32081890879
08730522692
13304055606
73219649068
07813997697
46209341861
89178939534
14252975956
19343860811
06594533126
07136209943
31049207882
04852820546
07743097331
10231701918
11261427947
07742184109
08113059962
21884758878
79115799387
04280432910
04293397477
04247497774
04191008064
04274092178
04281958061
04213768139
04279508135
04187572082
04220777989
04281541152
04217684959
04243264937
04246499935
04231778264
04182789970
04192971038
04200910500
04190573078
04114533940
04194864298
04176465000
04168112560
04057196390
04117380117
04172064108
04161153066
04137718903
04140282444
04143440148
04060372137
04111237185
04058019808
04096467685
04108069943
04011871958
04062947986
04072949884
04060359971
03931600173
03994053994
04032461139
03996422938
03942744740
04031343159
04002102580
04020404143
03932084357
04001110393
03974380108
03993661648
03959045018
03984367384
03993032004
03980302270
03980161196
03975832576
03949610995
03880921067
03941761030
03907293029
03894947985
03924267308
03925417931
03892592926
03922116027
03900415056
03874957039
03804207081
03862420116
03849497119
03857473142
03863994094
03869235233
03834830003
03832785973
03827117348
03826656008
03820244190
03825330036
03775663061
03739773014
03742694910
03800581973
03809322709
03805448066
03806224595
03798792127
03795346908
03779943247
03775226435
03766719556
03766570498
03736030290
03733142055
03735156002
03729139037
03689946271
03727787040
03718504952
03722669243
03714356509
03653160081
03689369029
03709500540
03693444560
03687006905
03699127133
03671634111
03647391930
03664063023
03637410036
03600258036
03612747185
03605819605
03541910208
03628883024
03499929244
03639832019
03630257585
03629207618
03636733931
03637090104
03525036701
03578870005
03587513066
03595081030
03588373080
03548173969
03566468584
03539363084
03517415260
03500033008
03539579508
03570782174
03459663928
03510725000
03456525419
03468956932
03482431205
03442903017
03448049506
03380330337
03445878005
03409483101
03350872727
03402943379
03392611530
03282501048
03371407233
03367889407
03367276901
03321379023
03343593419
03353579117
03301488501
03332213385
03322957969
03277482227
03328359010
03310837017
03256557074
03218934923
03265116956
03272161155
03265350045
03237696595
03192351063
03216988007
03191673644
03203489031
03228535169
03201327301
03186886201
03197088026
03193790354
03156580023
03188486006
03186503396
03158221390
03105854223
03105934170
03134133040
03138012159
03123986977
03137605512
03151687067
03115037058
03123152014
03066242579
03089270013
03080794001
03074209577
03053225085
03059347085
03013861533
02934399230
02956808060
02937053564
02975146019
02862716138
02914046006
02910283143
02892607957
02882622392
02848548088
02877438961
02813509817
02842400364
02856823343
02849281948
02849826103
02757679651
02840956217
02764099908
02795935031
02762808146
02740734204
02738154905
02733440136
02698318007
02701521211
02705860169
02658949138
02695848110
02683432097
02655817451
02651452360
02650338024
02637363002
02617172350
02621500692
02618703006
02523814595
02517823367
02551600707
02507354151
02593413204
02549578031
02593036079
02581693975
02496641788
02546826182
02512202577
02491122219
02532426063
02384824058
02486102957
02496016131
02494893330
02464700622
02503782051
02495956998
02457813409
02435437609
02485746125
02475331909
02477161202
02466071061
02452201782
02429538407
02439564010
02412018103
02412521050
02402787040
02402155914
02397370166
02399332148
02381228080
02292418088
02295437156
02358722960
02367156158
02355648000
02365058906
02330376081
02345100052
02317563132
02263808078
02282369670
02288910941
02211353169
02261365071
02261556683
02259914381
02267556065
02171404248
02197698699
02183386002
02248035063
02142692052
02205419650
02205259008
02206575990
02170316680
02203881305
02085048005
02195703610
02192833032
02192737319
02187644138
02177079128
02175650774
02153345073
02098239173
02147471070
02142531040
02118136056
02113967022
02117915558
02088997156
02101615908
02082345009
02026590117
02078273031
02063342148
02075107092
02056760061
02054598542
02052360301
02020787520
01944062378
02013421036
01974907007
01924726076
01937555992
01916391923
01905423659
01931317224
01857086090
01866758012
01766746160
01848989946
01846222044
01891691090
01877471216
01862975566
01852539208
01786412608
01836014163
01728722195
01705773095
01835502695
01827876999
01751005437
01818572273
01762724537
01739652533
01727158903
01759282073
01718612990
01753744229
01747844063
01725434105
01679448781
01727355059
01720455171
01675388024
01683112083
01688601635
01694946240
01604921226
01695476042
01652402101
01692206214
01636824536
01639745009
01647020913
01584134666
01660989060
01629152331
01509933077
01623757940
01614887306
01626638977
01590143019
01563708914
01557295603
01560606630
01593195605
01579195792
01562414127
01454533919
01558517057
01419195409
01523235543
01547416041
01414344309
01484267940
01504063988
01446497569
01447717139
01449051405
01380934079
01410285057
01429444592
01411188063
01408634279
01407308009
01398269557
01409850005
01405103205
01280324996
01319670105
01361633000
01314531069
01310687250
01304376036
01294307657
01239977557
01303971054
01269246003
01243554983
01259852660
01198590173
01253133069
01207396150
01217789677
01151051403
01050165004
01206625902
01192570170
01204682984
01184508089
01172420203
01057788937
01145725937
01165489910
01158403038
01093524081
01130182070
00985480939
01068323280
01063063248
01065672098
01019063076
01045825107
01032158166
01023822040
00998741566
01016345011
01008356000
01006783199
00973522097
00970780001
00985799595
00970447094
00967517540
00952160900
00957732074
00820863033
00928614581
00898028965
00915067196
00850363071
00892881062
00883857952
00878694030
00778086062
00871441900
00771248393
00761238123
00785772170
00814908012
00808408097
00678969019
00751714909
00765129914
00737350946
00726217026
00748993924
00722524218
00724244000
00679824170
00704874997
00708688080
00705537188
00721457304
00625244109
00655928243
00700168010
00695788264
00671466275
00675506905
00624522075
00629033064
00586407030
00605016933
00595590985
00587513276
00598072020
00479623996
00591755165
00521391075
00557818028
00552508900
00510199062
00546721125
00544465970
00469329769
00339188723
00411774956
00483086096
00441991394
00471112160
00411786024
00442068018
00396971180
00415398509
00080266290
00326349197
00363171010
00380655926
00222806001
00339452099
00253216095
00269170090
00249713080
00309942179
00297426176
00236988026
00282912045
00161158056
00291859046
00236076027
00100833080
00244868336
00214447146
00174087250
00142626228
00200412175
00111294258
00158436024
00076527204
00152810196
00081754116
00086832204
00061809063
00078461260
00069529256
35758780804
54316867806
57079986168
07878135916
10229476724
49955685816
40296994804
47281804504
06842927188
06296962924
78283795104
70366726170
71234713500
38814440840
97887129915
10237489759
07362415907
47174253830
42182475877
05120125395
04773211199
04674651182
33488723836
44996065869
08647078438
09551435940
42870458827
34680340835
05007491160
52350770915
30192745832
07402403904
66738385072
42329749899
06009065151
10503610402
45060942805
64014835049
35557822828
70891921133
38589723801
12855962935
14080185600
33681427801
37535521860
39539143837
07909982976
70158348125
06720368940
36634874824
61111988153
48068296840
05487284105
09277938900
39645156807
99389797772
91963311272
09565030980
78388600915
03634432152
30180596896
34613467802
02394236078
03483145583
03380070165
03054245136
02481329031
01279199962
02431634019
01258288885
01382384998
00097878286
01414277954
00505858002
01056111909
09088658994
10427669910
42826531832
14097543750
11857379608
40266532268
42258028841
26293023854
78647169972
05821156980
30597710813
08077922686
16695163774
08141544926
13198944619
36937002300
77292340091
90465660304
10528845985
67648827034
08156974905
05732457895
12121854630
36303882803
07432479658
29418094819
32944072897
22475164832
40706383850
26962086890
16728801812
05237247130
10512706778
10297831798
06743462624
29935012832
73032689953
48307779820
44956954875
35866669854
30980597889
11460153642
06268634144
21625768800
41066224838
12227861681
11118248945
13588911413
26775143893
09532895914
22124791826
05817600501
10165978945
15755359717
07893867981
36060110835
11394157940
05561285670
86129480539
14440518656
10000637980
08708811911
42074482841
33837898881
10262178818
13140820607
06856615639
12512528693
09111471441
07273970794
82809542104
78532183034
10768315913
61997658348
34111981844
70623171287
04685887107
06137898148
52199165809
06157280905
49509009865
32222948878
05223863186
11680230921
90425243915
10076188922
37206721826
17295259627
08564937590
09315066979
60541930311
11294630954
71253169136
97907022568
09431181908
29571593842
46762572871
35976235816
47157388804
45951933862
39332642869
04432526610
35336082805
44555235886
28059591835
32813970930
12063438692
36732196855
06754337974
70006307604
11257400940
11021766992
05414071128
04509993196
34219829881
40319155862
78941865972
06869376948
07849408357
06501655943
40914369865
81666608904
04572679509
12542467706
09791097526
10601221974
05083683407
70714182257
12241363499
45001562830
38258556860
13783037689
30939034832
04583805047
86200404569
32892921856
05603687550
44763398830
82890714004
06688652960
40449496899
93449500759
56155145822
13999941740
05138880985
14547110786
10144418703
12308506784
86956973200
46029328867
05707325573
13050768770
06249292489
09995918943
70475244281
10262068982
10513289933
08811879922
46945745821
05900750043
95967389091
22193359253
23007816890
05332305940
69215731172
28358933851
05274204333
11484943910
09242679925
11169768970
05141706540
11918182922
06826406624
27879452877
63965070134
09764185681
45309711805
09985297962
06762841678
83023534934
11142398447
17166954817
80702597104
63080605187
09118442951
44283663883
12535715708
08335764700
06914787590
10237512670
36095429854
38741460812
60366656104
11262051762
04419453176
15189645754
08623746937
10463360966
48401558875
36365665806
08880605801
11565120698
60431903034
12878328736
53834956813
44052760808
07339964185
06934011767
50660259877
07763588985
44370407672
04967889905
11591096480
45205689862
05620854167
10048080705
79158420215
12709752697
04535287910
22009012836
31832724824
12139100727
09260705762
04512080139
37340943803
42197308858
17706796850
70961859504
04573351906
07025249300
07298868918
92522823272
10348097689
41645935809
40347993826
81704399220
48824499864
08176991988
93430558387
31722150831
11902750900
28164088846
05403121935
11407736906
70829211101
51250129800
07748397910
19702518830
31047724871
11295595990
04971143130
12487522607
29816318881
82758000059
06613876909
08812018980
37057020848
44639782896
45256728890
04702103466
07986821671
46639263807
28871259823
29100826871
07526376909
06140748607
48461887875
08121962951
94376557587
08364635956
60879313331
99277271272
07303021990
90983700125
91485770068
05821683505
11477907602
52093745801
07346898109
04883448169
61260933300
07780734919
11414428928
13062789964
60932414168
06811480980
23841379800
24724660805
43160990869
13723379702
85439703268
12408609941
11143939913
70200423258
17546706874
08373891943
40182844897
07568194906
19030146893
40582456894
05470230490
35468876892
09191075750
21650725817
68467575204
09834283601
22966530812
05763831047
22509863800
08082652292
70340235144
24814978804
07528263958
32861295856
09132199910
16534728710
42885854812
13389376771
71376040484
42814737856
06540923384
10556215478
06387412978
09433184912
13433214689
40059885807
35963035830
08665306900
14350321799
37959801860
04386578960
86568108049
71699689407
08216913923
46909768809
41156444861
09600743924
13851875656
49330693873
34334265898
35671383838
07971812965
10273225901
07849493958
36109525987
62080857134
38530499824
04289842666
06658295158
10580164748
37502894845
04268910077
82395888087
04071334100
03876542081
03855416001
04109011990
04100327005
03905615096
03994947901
03907378520
03796745997
03817608128
03802911938
03728673080
03708700422
03755604400
03684573469
03688417313
03516324686
03561608078
03356174924
03400080160
03438111110
03338985320
03394577755
03345302292
03351542631
03062770775
03223249982
03175086012
02986554032
03067956397
03038594237
03012965530
02976580006
02876201151
02917740086
02935254201
02773247000
02791178929
02836194901
02758208075
02489221906
02623349509
02612863311
02370723190
02522558285
02372219189
02308913304
02283995990
02323566024
02257559045
02096274923
01913091767
01852037601
01613107021
01724458337
01636868150
01550724126
01611108195
01348856009
01533545006
01422117880
01220413720
01264634331
01381131140
01282889141
01161836918
01251649475
01197532005
01203089597
01068788593
01024972909
01147574537
00894786067
01047706199
00853128944
00856981052
00923160507
00799527122
00590278940
00669591793
00690957106
00621057363
00590971247
00535792590
00548248265
00438946073
00388085010
00132670194
00365087998
00254269079
00282166289
00286439174
00056491026
56194102004
50036313831
43349799809
07945463584
09275858985
43232801811
81850174172
43190567875
16108635770
17288596893
08676512612
04334122329
52534129805
21272940845
00025230948
00021722757
39933997904
45517880827
30212314890
53808277807
84161612400
10279323980
86462075015
10786452994
48569953836
06203887650
06164181917
80197361668
04818747203
32806392802
55378034884
05217394978
11294614916
05558386924
10421415924
10335784798
13382954974
09308524193
93843062668
05466425192
68709471200
98184008015
09250572905
33771005809
11518587810
45372850876
13002737984
37685459892
22636222847
40369989864
60141977027
96012331568
06551539424
11435595840
66433355072
05890487914
95242694300
37681625836
13229967763
42490624814
07096043608
21801087881
43622883847
46401910810
42715438885
11612734685
07634822930
37023036857
07550012571
11518884946
41922352268
35640009845
07220845103
70341947180
43689422809
74386166220
76563286968
17518154803
34012316850
16520346845
12313128903
10043719775
04386061592
32122297808
30297372840
49948920163
12144168709
32097563848
33619089817
04979143601
47625661873
09480880954
08417839933
25881106814
07629289723
10968212905
11351831470
09403767847
10770107885
95559256234
42004650869
05827390712
80174493215
43225786837
15983946650
07840994725
08683405966
35857795818
26923808863
95883797504
06790885129
06007351920
11457134918
07953031736
43897396890
04860773306
12053304707
05373888001
22446379800
18916257727
13120265705
15402234779
39988707843
06078658573
07852675735
14064794621
42554415889
12706707437
66579805900
44359205813
08830768960
46434402015
69819238900
41995762822
56906560034
18305886808
06293833325
06149950603
10485994933
35630848828
71452010200
16922317742
09836189920
35678394894
08057897902
04849690130
57571112591
16736872707
05470271684
37804865805
12829741498
04766066910
23081786800
10769618600
07642749961
45504583802
31620813866
32302895878
36610482870
06680261970
61111910049
50956255809
13027818716
28225752821
45710428841
08503925940
05917740976
08293974931
04742383184
06453157454
46263528800
40858950871
38141465813
07714640103
91271509091
13560864623
28885033873
04921629560
38076421888
09284805937
47744550838
22644317843
16211347847
31245070886
41304539806
41506032869
39143388817
72254505149
13186738792
11247627950
81057890006
81038844215
10683724940
09686018719
07325503350
06778220147
56369956015
40368751830
97732001915
08055590788
06489055945
10002908913
07150560857
12586968433
10022242767
09313555913
04948555177
06985015786
94055319053
18419179744
04721612028
96875577100
11578000920
45604904813
29338996808
51446308120
54895944972
10244750777
17768113721
17901306700
23148633806
09941093695
70137900953
72832240925
48586109851
46743009830
06078551426
35259961870
06349251482
38691202823
11350432997
08778053773
56319037172
10291389406
24175637893
41456307851
07955152948
36711079876
05806340198
88495671972
96507420000
39780827803
34487893801
05962521536
04973347124
43135884856
10086607952
08086369951
05559998907
05038407935
50070188807
08606050946
22145046801
11212725921
49302044882
41921099801
10160288738
30811671836
67083137900
07772344759
04515681095
74216112234
05724245159
05681716910
13582295702
98902245934
08208334952
06542076158
70759821178
09071425916
16965778881
29430713825
07433323422
08155644650
14932828837
73951013320
34837472818
08986411954
46860688866
39011889835
30478985886
15429933856
37587932895
82465436015
41586900803
37011644873
42442651807
43121924800
05520653151
05690347442
04444015470
63489929268
52043380559
12788130473
37902834874
14496734737
14164845821
97242144949
35633078810
11264997655
31900734818
05079665971
46966352870
93668066949
09284969964
34081162883
10443899908
32019512858
11404889450
98359886091
07793640900
10571500960
53637023806
07285064165
77579895900
71514345455
09662842675
10323882935
94895643204
40538904895
69802815187
09176478904
05867227693
09497326726
10447480871
09069436981
82984808053
11491324694
37397256805
06026051139
07136731925
72977647953
19916524882
22441434810
11658400739
49084762843
42320747753
70767190530
05438604509
82813590134
10356659992
17459083747
05148338903
29886176865
05249973060
07346942965
25298400833
04464845479
40900734809
67725791000
10681217936
10624427684
40993131824
42723757846
40681377810
12950835821
12337433765
34499379873
22067677837
15574849100
06968256436
10224522663
29963778852
38712278890
86127828562
50718844882
08062085970
81260415015
83465642104
09143846785
30320061809
05609655595
34684262839
37709313000
36749365850
05138891081
30370994884
08212688992
60155997319
12537517903
09797915883
09489130451
10378462490
09303714539
08513217476
89112091987
13305136901
09083020703
26993986833
12782972600
10176945911
46476581805
31846673836
15442443808
08418428767
05796173944
27348566898
07054340957
42791541802
43873079860
46937915802
44689072825
39932716880
34864414858
07526798307
98588494000
11992089906
70173197108
04575284351
34574024852
58500839104
06182391111
52013459807
07526055932
50713109882
48327008803
04318745066
07001278521
35273316898
09543261725
16129517750
71595465200
05241151095
11996547950
95142029291
13571401930
04955065406
06961385907
60163199370
13026223662
08196634927
06964477977
42304242804
42306488800
07732971973
85910850512
09560630989
05347002506
05589722764
04757622155
82265976091
60113448015
74744313191
43040934449
44783130833
38553310817
09913008905
11509836985
82392404534
37205005191
42413677801
99913518091
41516954866
48357699880
84038780015
10722876920
65785223600
42774593824
51408903806
46266269805
44743975840
79853692953
41625143800
09023540948
11572631783
08220876930
78295122134
37937196858
06515663129
35884039816
07414183122
90976738015
60661313204
31918533830
05988872964
05939255728
86001293546
31959795864
06244285913
74963490200
38615337829
36043474832
09051990901
93752830034
33663517802
17034772789
47451960838
14825399770
55563910172
71628860006
08589538974
44594959881
09211353602
08659841905
99271109104
45892015858
36049642885
15294944782
12680803655
10660982986
07837226305
05533446176
50833901249
42281018873
05134857326
24567770854
06320211954
23489297830
40016223861
50213907836
47567640880
21685035833
43278459814
74756362915
09003078971
34067656882
39976227876
18228579705
06287810912
47189810854
11671384733
95196390987
28285916898
04842646993
36287545852
36987178836
45747028855
78680581534
52116280044
38480738898
13218251613
08453597707
05340565475
70389346438
76355071253
05756203907
09873776710
06192404909
36780381829
04747029524
60152014012
39057262894
16101860795
06829467969
28348538860
07534499941
64768643434
29552970890
11497749913
25934072803
05757713992
84869526700
44528262886
10003977854
83949755187
12117292810
86455530586
38042947828
22021726886
05376916006
36657396830
12945270889
40202182851
35127818884
11116642859
10371004764
83207597149
11292295724
74464710000
37732274857
62889575691
47655859809
30448496836
84753633004
09369119990
10030895936
40300647875
19199494884
14528071754
10018143989
04762467170
69514127900
10436118602
12427776955
04459559021
09847039429
06006954338
11289094489
16063680608
11827876654
27476184807
95065970653
07663133951
32209022860
23501811896
27472913839
97737453920
94713545791
15700091712
10131245619
68899840130
41810659876
07615350557
94622159368
46186553809
13958304443
87355698087
30888667884
11998561933
40163669848
12113079801
17097752700
10372145442
24865660828
07631742979
13942685647
49236109802
90786904968
06697875909
30317259806
11492637920
08361098992
89216687134
04738135996
15682473701
56926332053
34215061830
05338094010
48053988172
19123546751
34363763884
41142146820
05764552109
34876659800
05042677445
26012713886
10431599670
07794120608
07516813346
11506188680
05098112990
11360920994
47333640833
36186026850
46741953817
06993008351
06034982995
40091199859
05121342276
30875630804
82030600997
46642554892
44424277801
07057471904
05825843299
06565694176
08873354700
11686467907
18698635776
10638076978
27263881837
60670785385
06325540964
08770289905
25946299875
30627564895
37877101830
11574083627
98321951015
39767890890
07658015156
71469672391
80278841520
10566751445
04448935710
22279348837
25043061804
06252841943
13723050760
49337431858
34246969869
41078468818
48159099894
68725175572
31501374893
06668764100
07109748413
10767090950
11826129707
15026020755
50161123805
31086309898
19069272784
70471615110
36391038821
37981534852
30588355828
11602095965
39176204804
33606032811
10495194930
10515502979
41645979091
09346469617
22687649821
07881152354
11724446924
04584400431
06601309397
29701995805
10184250714
34617934855
07570621484
11675367973
05812529779
52904405852
49798615808
29757540862
09759978903
11713539799
05541909902
04770696140
46970486877
09943837462
04792142121
70825357403
41354561899
42414735805
15243048836
82127409787
04431418601
10544767489
34095773863
09214702403
29279288865
08800210988
70243411227
92482201004
04823450043
33661978896
05378163137
37396624843
12138949990
44579949870
08411527999
36065970883
40822861879
04808213214
12530586608
07782423902
06178599811
06133433957
47957887821
41606376802
43866652852
07966820700
07569946910
38516406830
95751769015
84617225072
36105474806
22695682816
95446338049
95394249920
09008855569
08225805941
07514084924
86168673091
33606592876
10644242957
04535837929
07693595902
41624738893
04569169970
33152991886
28629473851
18079357870
23071726880
46413664894
07977041910
06213338918
17262424807
04514208965
26934279832
42553653859
35734923800
67793398068
48247454890
07903161962
04560059942
34817285818
15684596703
12139872703
55232680706
10781981603
07998808411
08283713930
10865817766
32797302877
06779969931
06746857336
86859528087
32310147869
15629574736
11582825912
48101005889
24599179884
26662511870
71361891106
10097189910
32527876870
10529402939
45383793879
38535948830
62727881347
29790764812
04359555199
04436941175
80128094940
05634357985
16615882710
06523759520
36745143895
16575461794
43198069807
31135078807
08042587759
05700364964
11225138957
49691723824
46173606895
07034754950
38521631880
06378731578
94928320115
08519215904
42270469801
08980917996
06816678931
10023374969
15999456738
70812852281
34840870802
15349994697
25094730851
42903400830
05701770656
13391668792
45415349839
54952611272
13419801700
71187073920
60175306079
57072264434
12957796767
33701230889
06467231112
47580554836
04402632714
12617480771
12811140654
96098813000
06497975748
46678963881
73480606920
08275603978
10566843480
17246192760
08837698917
93046472587
13111273997
06529958614
50571339859
40619662867
90928610225
11578557763
06991818950
42029306819
77580885204
10917769627
70041367103
37174513832
41105465837
26867696880
46584843823
12483933769
10093380992
08578227999
08859541654
32984481844
40363607870
84934166068
07709599974
04374823913
07935310980
04843292192
04493593016
07637688712
38145571820
15697816723
13743947692
10244954690
67950655020
10070472912
04482695629
32634208871
06217220148
05076486170
11346784957
41164500813
35254156805
37751403870
06104062482
60243858388
45968856807
06481136121
11294709976
06194038969
08009765503
09944161640
99901145104
31448423899
70470341459
08323523495
29497509820
47668436812
10303889977
70777856298
46454507866
18285955869
11572750952
10799643980
85980684034
93607342920
46425564865
13527313982
10282259970
70709427298
49650685804
47251211858
05764900166
12471059627
05952269907
17639340713
11002365465
32007471884
11424413931
11350485845
08839285903
13887996771
05759578910
70794505279
38367873858
04811536088
05525001942
95466690325
11374976458
07483721723
94572305900
06725794998
45501316838
05445228932
70820118222
40634772821
09852842420
08146192661
15531195761
09988589948
11474146961
70206722133
12942183870
10531198952
09257469832
04828236317
10548015929
83642609520
05673473540
11608974766
04659466400
45556673870
09427896795
07075176994
96865210034
17138168810
08560920455
10999909630
04470420174
91014735572
38752810801
45187752871
85539619668
16153661726
10582283744
08261549992
06597080947
10971609632
04415049060
44542731898
05191026497
44571250835
04745342357
47826268869
09871889410
08264135951
13581594757
37140211833
33009550847
42445216826
32779546840
12133506896
06576673906
65419545349
09707813938
47802463858
12591511900
29676872865
04967977197
05761079135
06292093166
33355158895
10216455910
10497819619
47057472838
50981404553
06099782176
34238852893
16022279771
07879682775
45345866805
32018917897
86575295053
10141199954
38152082899
14445574759
20401296776
48605239115
83224211091
07295934952
04486950909
24657948172
32124811886
12007784998
44682475843
37115365814
10098667700
70087104105
47535346855
04696224074
07195550192
25639412968
86485514554
09286397623
36340709869
28402397875
51331500168
22673368809
15212883644
15523177652
40609955845
12278951947
14773105925
06067191563
95086978653
06531233370
78936063200
06382368946
05835431970
46794010879
09530078633
92873596520
10417421699
47925644842
35031347864
10991278909
22267159830
08003563143
08624636965
70542090104
40806159812
14256803807
10096584769
08164838926
11682367460
10429064675
47284834870
17351805725
12470586704
72680938100
04981750145
70787996238
39595251844
38771778837
45673063415
94432643234
40700825819
80422632015
10725283718
05742305800
06309543130
06829308143
85792306672
30555935884
10733480837
10965545695
99725592034
10022446842
10145307760
09786837576
10030619904
10074609971
48303894862
06756137522
05828378554
45528201845
49014700865
54150329249
45768176802
50209182881
43493208812
09471454433
07832216905
86383713574
39677245813
29915854803
17095920796
07416292913
90212258915
07413768909
51958212830
49298203837
08183047319
14615637985
05549793903
07204429664
08391826945
05218742627
76345041220
70796900132
36302966884
07725129499
09024625980
91225264120
04441132077
13426718642
70764976117
04415359094
10410809993
10320650790
06084987931
34877595864
29598233898
31100605827
11792464622
05685094981
11496077776
09533521619
05625788979
70038343240
08330765822
29216055898
04893265105
11767074930
63626160904
12399117778
48516660982
08576384671
50446514861
60241092370
93158203049
24696780805
12298551731
28018342890
47525360804
11291304959
09667820971
22594216879
05733040254
86713788530
82235813020
73584398568
40959628878
10368210995
05763930967
43825578879
06669446365
83634843004
22735976220
10129516694
46817029864
13249931624
41380226864
47727983829
07669295589
07957100970
11006309705
14691838708
06700440912
05688799706
15217136774
92181015287
43924557268
08643654469
12601204907
12381779728
34902745801
70442014155
32601113871
31315394880
34370136881
07061104988
05185614102
04989603150
06656985939
06266969335
29027322287
95002260225
88722678620
61212393287
80672205300
06615050307
80032052553
09541525490
14816588752
09189636724
44433303801
44229376855
26155967806
06382765783
04905289025
06590477302
30907601855
40247345806
42307206884
92934544168
09361946773
55733263172
10396804969
25155122830
36783968871
24223395068
09195147900
28140979899
13561653707
60598461302
76384705320
34538020478
09919064971
64925447300
31019390204
06649652105
08443344644
05064299036
13391785675
34797416220
90483367591
50637827015
55250106900
70589242105
07427807910
09519565310
97004227120
06345869988
36556365807
38167162885
42129834949
46524578805
22425539840
07576600101
07330001937
09950732603
05325724169
40488970806
11061159965
86364330533
13562572670
07621813628
82334617920
05175998994
04781577113
07784308558
42620441811
29026971800
36074333807
10916611701
17866738785
86244612949
11976463459
33779620855
12026229686
11553378407
10196898463
64569519253
55006426934
65232364391
12186834812
16137223701
37662577813
09981511900
09510908959
09266894958
46361506860
36654693841
43041241889
11918166722
43148154851
50110746848
90310632153
06796007107
10884240746
08251426600
57867992200
42111830879
17236548766
16383534769
36775057806
11217133607
05299157908
05789349900
43724427859
42392346895
36300725855
10755107918
04588048945
40429772866
11015157912
09897850767
92064442049
80694870544
13442207622
39419852806
33834100803
07275940957
37703130893
30223403890
10556431413
05673868138
12013808470
07971059990
14475517613
06094894103
08286008995
70354606409
07113788785
09126890992
93651465691
70057542120
15618167794
47727087823
13268451608
04601666970
12549466918
37361397808
35821035287
07888644910
06862313924
42924350816
72931566004
50520850874
44794161883
57937540168
05486628510
07441438616
71051120268
43995960820
89553241115
16804680731
83060383553
05101440981
92707165034
13604175674
43514486875
91510422749
21292686847
11938807855
98967193068
33743303809
08842203971
98108921368
16504725870
70708905161
13893080651
96103515904
06788802637
87139294291
17992295803
07141377905
57072418091
10910127921
06792245992
08142406900
29863075825
47960096805
08736250996
05272618580
43872292846
04795781923
44528096854
04449524110
06734838609
96188600600
19085735700
06386388950
09545002964
38517260813
04877712143
10678519765
09290227931
17922846835
85834002536
14709757771
08024026902
13685998773
08519586996
14321315670
08913832984
09037645984
09041062920
43202333879
10434497444
08232730919
08095284602
08108718589
10613860900
35143561817
13221289952
05861548331
51097498840
17489525799
65278933100
27659103830
12324879611
25692047810
08695480933
07879322647
18041300790
08290916108
95611533000
49808624898
17256754710
19742501807
48734833870
05122299960
84723521100
43902520892
36139605830
05277927999
39365272882
04959709561
33864722810
41110360827
09216805978
75302420163
04575812129
35302565870
07601927903
33840757819
45315634841
41657449807
16703435707
07269606323
73369764091
08045298766
50058543805
47431491859
70850914442
08221493708
45472854890
44470070106
18787402700
18790542487
39376343808
27801046862
07332771799
05601799601
09870838995
38570874553
27288262855
62588561365
62290623300
06183779997
07831588906
71513146475
98969889353
50818000821
32150664836
24800080886
12767135760
09728687982
48059471104
70216387108
33757971841
60140939075
06864149692
05591885365
48333949878
42749834805
41263845886
38678429810
49842896862
42641360837
27357839877
05372922508
56134037400
66750750559
49173536881
49382540857
05928712405
42567357807
09838610720
90296265420
45063184200
12636887644
39474272808
35973746895
32705849890
16045762789
06805501601
43051916870
09969165984
41021083860
06631841933
51959295802
70140489290
26754040807
17357884651
40906990106
38182978866
75381516991
44302948876
70424299151
04904315189
29008857871
70544472470
16590339775
42207482880
04717408969
34081889805
46635032843
10188598960
17254438721
95747621220
11387698940
25929475822
92633250149
61556602049
26773455871
18341650754
39082455838
60677368100
11322771758
11767339909
34760863800
06269424976
41716716802
96712295068
33401992805
12055844636
12217572709
62158148306
81620080982
17269999805
55829277867
09963074600
45744454837
10535141742
15651870750
28300464808
06805878101
33678244882
28452079800
46897222852
06132203745
05302797976
12033304728
09869643957
32551201870
85883020550
69424586000
85073393015
47610361844
87467771649
27419660875
57540720824
43923751885
43575713839
04642990046
07256815603
29807382807
14876049718
35996424860
35061801857
07670261951
09304693993
05130991150
42046455851
08606869902
14815332827
18067024790
09170135908
93634196904
08963570908
39870659829
05760627740
86426834149
34498459857
13587346747
70156822148
30129966134
37427453875
35136193832
11134663838
05913102100
05875362766
31269096800
10984063978
27511135838
07708519675
45150087300
27167628808
50413328864
05517013902
60717489337
11223746666
12344787658
05245179911
05198086576
70354551400
42419520890
08507367305
10624318982
08092538956
47296096896
08902428443
04595158963
10637668693
10126450706
12837526622
94262381900
07563123458
13387658761
09969079980
33514059870
05382038112
45003227876
07029336518
43580278819
13013695943
24594641857
43363147805
08443085363
53893661824
09775984467
61422597350
11145906494
19501534871
10655443401
13173487613
75117460049
10372435521
13344341901
12419606906
05400425100
97065650006
09398778645
10970184905
07803968988
39974144833
81677502487
26692219809
07087340905
09909715970
45327143899
37784681895
04890716432
32398076881
10760762970
10158350901
41497460875
08607202685
56297297134
12892245958
61442585404
69480680149
29644242840
44452056806
08407989975
42844757898
08066365993
15091949755
09099718977
06780262625
90023102500
80058479988
40060228830
70383510287
04696562123
69735239353
08464841450
11829021974
17208119899
09192940900
07653884300
05093208990
09437049440
53915350850
13450056794
72233699300
15173433647
05525214342
42962954898
09145250421
29245618846
74328441949
78534267391
05155015812
04736677465
42198892804
37264279880
41104038803
14053182794
12130073999
08934379995
08521208693
67464556968
43486111817
25700301806
05136761121
39701312864
32637627883
70185771289
12147161993
10257983333
05832013778
06652579960
08640646910
67712851204
09999820794
40947089870
11745995960
07429700942
05329939500
06866686938
07227372383
05295199410
37613644820
10359247571
33458750800
99277190272
19921046896
40879886862
88853780053
06404287110
06117967918
37753837869
26604997804
18280973818
08562934402
15633991800
26429615839
06113900606
11340512637
37673484897
16047929818
36811480823
08920808929
06926511101
34166618857
21572505818
35828216848
11182298940
10920620922
44014208885
74182200225
10713357908
45175579878
05831645959
93302576153
70025934635
08694716941
85804448536
10125313926
19213401850
17819672706
09993384984
72480572900
48845479854
07891959684
05668769909
42882279841
14028513910
07319992582
96309865668
52495791832
14634966646
13261836482
08630598999
40178125890
36132288821
06246255914
44629826491
08291956960
04947335513
60850485215
44659983846
12588827950
98961659120
09682731909
35138986813
21730214860
83368809920
12755340827
45943000810
07502285121
92263429034
43988864862
42473139830
50683741802
04759123148
72744464015
09380827954
44516073889
10165927445
84658258404
22996314883
44015221842
16008466705
16566366709
05066922997
10906166861
97020354068
86586324580
51949866882
46269585830
17325041802
32695906870
19294675831
10186833997
07762378618
71463682115
39386470861
35533263870
62015184104
33768971821
41087374820
08988062914
05595467932
04841341161
07015691906
05827010740
49082768895
11348573651
07162878970
06031841460
70281471266
45950873149
40774768878
26491991806
57663122020
88340597000
74566288587
52743500034
33783213851
12176080955
23054211843
80890903204
66442230287
25577445817
06964896198
38728477839
08870806421
09326595609
41814397809
33291131894
52961865832
09819989418
91830117572
17546162831
15197970790
11145040926
07275518414
29244068893
07227090302
16778572779
11179230965
53971060110
10226251799
05128812944
50098198807
46270464803
42281143856
22131881819
11260789993
05968434961
04457267171
09748019845
13831132704
36262071881
07756963903
12603757814
08566042832
11148105921
46365388896
36764563861
45246877850
70234507187
34752619873
10249142910
10793393701
04997523178
11497768462
12831162602
95348328049
04650746183
72441208187
49227802894
74540122991
10456089470
05795078158
54836794153
85983039091
45406126890
11213812941
48339401831
39905245855
29569620862
41671212800
89977289034
26744001884
05118094925
33814641833
25705434898
98144669134
05368663684
80006560946
32397716836
10783389655
11772589942
88201619900
96943939149
07467161760
05386740164
99779714200
40140264850
39379974825
10871120607
04436659070
90484843320
39262392800
70260675679
08915872681
47739492876
47091700880
09597277956
07871321447
29276374825
12161163779
07095479607
07371232143
22844784844
07963486345
46028027880
09290360500
05579297505
07855645608
89873360930
11345414730
41313111864
47096609806
14202503880
61815163364
46583696568
99532107134
12744663778
60817065326
07973380558
10290612977
55497284000
40511777850
16886458884
04462123000
09607109902
04784706909
07291154960
35117560817
35652436867
64822630978
12845908440
04697592670
34715810816
06378550948
73566047600
09947039889
07964984900
09568993908
70509044492
29527508827
43952525839
11611604770
82852049015
21835578268
38407412899
19427739789
33471292888
63799472215
05992146601
05397948993
60247514357
18020900705
80447066234
17714126744
10565628704
48823101808
09834998961
40685420078
08186110143
33860918818
15676263784
50060422149
07762942106
89419332934
04640532776
04507837073
07413729679
70200502204
10636322939
70199088101
46158268852
13183855984
07991455483
40290558859
06086552363
09991721908
10838167993
87685566915
85962359577
43214316893
06145818182
30626806879
70160046270
04540393014
10646785990
39090212809
26489258803
91747740420
07600432994
46138860829
23070741800
12153182786
08773479640
97511528449
74082434968
36258454828
05352026108
36181827838
05892415597
70112388167
10592730638
05025053200
05258108465
08119788931
14484923785
12182579974
43551066833
05125902144
71711589187
45451960801
08810468686
06882237964
81168802091
65200446520
10124775764
16520271730
06606798175
40090751809
44528242850
53058720220
23519956861
13462723952
47956385865
49388732812
38419992801
84577096668
19537628833
04297098032
38653292845
32248782829
22529168857
12612920900
08232274727
46068868893
39262846843
07114132310
05505529100
09043162973
33611032824
06935675383
07317252808
06400858571
05807163508
12686835907
08704365976
04810750116
93459670100
30046411860
17418079729
32321001801
16469492851
82675244015
38501807869
99340585704
17410331879
04887629109
08105515601
34374018824
33381246860
50808778803
46738068832
13249892971
07144154214
38492032200
83605827500
47683882801
83100466004
09835984956
11276845669
07350628978
28951541800
14553868717
42953664807
70223062227
07036483652
05716617182
12353490808
32834333807
06737185576
81331843120
10346849900
38316962845
28411423883
04486057082
10117694924
40817647864
17477947758
08006242976
85539740904
80514340487
05629734199
95909770144
08269028983
64601285968
04803010269
33058375867
44163427805
04888835128
46901624840
09819806437
37136603870
04216344305
43285607866
53581679000
94123128653
05052392990
04292956340
04283342025
04279049009
04274230155
04269370076
04272474030
04248800241
04268708243
04258948942
04248617471
04242083939
04223167928
04201750248
04197686021
04191219600
04187062637
04232344390
04228994105
04223819267
04180278030
04180133067
04167604140
04159613608
04152187727
04143146037
04138999000
04105040090
04096595098
04101696500
04092451008
04095433060
04089237092
04086523221
04076314107
04071501103
04056269084
04054282008
04046728922
04035535044
04042349099
04036846507
04018634099
04000880020
04002031110
03989556975
03983942962
03983433146
03967617122
03953644181
03930799022
03938544180
03919143590
03935406002
03930302101
03918234266
03895193321
03912966044
03889073638
03909664954
03829841027
03824407302
03821643935
03778918001
03808581182
03804108180
03798296731
03797157088
03787733051
03779594722
03779104148
03778474707
03769201060
03765222917
03761997094
03743584786
03740881798
03737211027
03722629020
03714574328
03660852040
03662521350
03709168910
03707799247
03682901400
03677366089
03667828942
03642602975
03641693381
03640808096
03637831139
03636628127
03634259000
03632562962
03628401569
03619212090
03617453546
03614037398
03613842971
03613508052
03608415971
03599127700
03597712037
03578989070
03593844630
03565407077
03552529020
03550213077
03536330541
03530334995
03523941296
03520990032
03516688530
03503779019
03404921399
03479151086
03427127052
03471452214
03476788075
03464558550
03434224173
03421887551
03417039665
03411162031
03448255580
03397334977
03358480011
03394718081
03389906150
03396097963
03386214908
03380019488
03378704543
03366368144
03351253010
03337351107
03335311167
03355850780
03330137940
03325953581
03332476041
03319727192
03302535651
03287183001
03273612126
03286451096
03266584830
03241603059
03239291096
03236210150
03192649127
03229704070
03233597797
03211859519
03207666167
03206673593
03181477001
03179003235
03173630505
03173078608
03167061081
03164182937
03163821162
03162163056
03159042081
03146684977
03144637041
03129518096
03127978006
03127791780
03126799396
03125876001
03124716027
03122243970
03099331104
03098272058
03087057932
03080726189
03078121461
03075204986
03066952002
03047167311
03034600160
02951420064
03021445950
03010614160
03003616021
03001501057
03001876107
02994859947
02990930507
02964941947
02971967158
02939579911
02928766456
02927932000
02866992903
02922372944
02915904545
02907333321
02902505019
02899501046
02885608331
02880681650
02879855551
02878215362
02871951047
02869862130
02801857157
02838870017
02817171250
02739582323
02785882202
02778545042
02773762037
02773020219
02790161232
02752491662
02749162157
02744946478
02704146144
02702531903
02701016754
02701878713
02700304098
02699946966
02725175267
02695475683
02720638943
02706892064
02692009088
02689159031
02689112906
02685134069
02673467009
02605776182
02665386496
02663106054
02648985913
02659038074
02655015045
02658974914
02636119060
02630744043
02628604221
02587903939
02581921943
02581688033
02567070060
02559808099
02561402355
02556382309
02548981495
02539309364
02521340600
02501041054
02496707398
02495518109
02492569241
02489816098
02510548530
02485587574
02451528494
02449157336
02431421961
02431384071
02430752190
02414127902
02413239081
02407406532
02406595978
02390087230
02385796112
02361887479
02361588994
02358548081
02354320086
02379315167
02341724019
02335903748
02322483206
02247762158
02303528984
02284240119
02277486035
02308842105
02270944178
02257298063
02252833793
02221494008
02221267958
02194363041
02246788331
02217054651
02216476005
02176465148
02184209279
02172576077
02167726058
02164553080
02154523056
02154459293
02147279048
02124923064
02123675105
02121349901
02095801946
02088929070
02083583078
02077780193
02076555021
02068293617
02067475940
02059694027
02048774903
02038101043
02037252129
02034234707
02040242937
02031609670
02025581181
02021693678
02038789142
02018030973
02015415050
02013344023
01968656030
02007749998
02000913440
01998566056
01997671654
01989267319
01916875106
01988938414
01988381908
02009388356
01978643500
01980197938
01969835176
01938423003
01929826052
01928001912
01904028063
01900766744
01895592259
01893018210
01891363247
01809118131
01889316946
01885905106
01887034030
01900073110
01876386673
01784987263
01857553217
01843794152
01836622376
01836082320
01829683241
01826953019
01825833095
01824069111
01789416035
01783683937
01781418012
01778885047
01777458005
01756638071
01746548207
01740450698
01740184017
01731282117
01730334075
01726338002
01710596201
01705492592
01703833180
01671070038
01670165124
01670066223
01656917432
01659365090
01647291194
01656284561
01650989024
01655954008
01641596490
01579478662
01624599630
01619743922
01604391243
01604782609
01600628532
01598766996
01597633127
01594551979
01588625621
01580525792
01579137679
01579006060
01566550122
01554362369
01550396609
01549442627
01455880841
01543235786
01538078228
01527004201
01524850152
01514629763
01483783073
01478584025
01475277083
01472931114
01469197693
01468483226
01466025018
01455212229
01351932900
01416277005
01410065790
01369760000
01303584018
01344231195
01341007006
01316570037
01241350990
01292105950
01291257926
01291242066
01269317040
01269051008
01266630767
01264285906
01249003059
01243876085
01235629023
01224308247
01219673528
01223726207
01213200652
01213284490
01211458083
01211254674
01199981303
01199410403
01188198955
01081540338
01184519951
01178363970
01172208336
01171785003
01168325501
01163524930
01162274948
01144777100
01139617150
01138401102
01112926038
01113575000
01116209969
01033460907
01021375101
01089545100
01018516182
01057632929
01036640094
01046676059
00938594141
01026922976
00988536609
00986270903
00957787057
00892553057
00952457075
00940087014
00932206182
00973191988
00919481183
00908914067
00877894000
00892784105
00891203451
00886979323
00812006410
00787288195
00772114137
00843669071
00761894900
00850199093
00818007389
00785991999
00753166097
00744230020
00736916075
00733771980
00733510086
00705413969
00677435100
00682818208
00672644924
00722271093
00671601903
00656918063
00650985281
00647771705
00631737006
00653053290
00631665935
00627179010
00627153054
00615225039
00610926900
00607278293
00604862105
00603014224
00601877004
00460388096
00562276980
00561386102
00542742144
00540163988
00531333159
00525966307
00522754341
00497981114
00486724085
00484893793
00478995067
00545446023
00428201970
00413264238
00388764937
00387633030
00379892278
00365778044
00363102043
00354722948
00300786280
00302604006
00296224502
00292124562
00263809196
00365618357
00242793312
00234492171
00219384584
00208189203
00194564096
00170753514
00158906942
00153131152
00128444703
00117619035
00111466059
00083863311
00081376413
00075836564
00075285070
00071780939
00039311104
12443294790
03542930016
03378724900
03113740002
03576484124
03520274280
03559761026
03296264930
03275687980
03094392059
02653271729
03338747730
03231140161
03150459060
02664803220
03066719057
02724550919
02675123099
02699917354
02673998047
02665005018
02580523090
02653663996
02635781001
02638323098
02649270012
02624473041
02595350366
02619900719
02605289001
02618463021
02606977025
02597159051
02596824116
02594907090
02593145013
02584411008
02588780024
02406272702
02540485286
02544783958
02558500007
02558566016
02320073655
02522507028
32177164850
05722223352
13147818985
70793712289
10773099964
70424620170
77521013972
50658839802
85923699087
75234980359
10826733409
14453642717
70172509157
37297544833
04523986304
41867716852
09372752983
04308701678
66062853053
07168880926
05707603999
11997963957
71336133287
05584828998
36366398895
05263998996
38251257859
10504901931
06517057978
25209841553
18562583863
31601868812
09368621900
05954815313
99130777534
67145027372
90268580510
97029483049
27298739883
04530022188
08539784920
19633227895
70036958204
07350879970
04855383937
41311037888
70610570412
16575297706
07839831907
05535799912
35560803898
36824791806
60014667002
34006002882
36965151838
09797916936
22436432864
16887370816
48010296805
04497666166
48655363880
12376081637
53946294200
09344339848
30535990820
43933761883
47085918888
28865307862
11934886726
30995928894
04996777060
31848492871
81668139049
31471553825
04303394297
70792263170
04701303933
09945428608
35504877890
09993052981
06860659998
04999307979
04508158625
04439878903
33458414878
70055231217
44249134814
14311812779
06040931957
15998406770
05345655308
48839483829
05672907946
39568476873
30436436825
46040548860
21748180860
84673699220
23167974826
05956418907
05935463180
35325909304
07424365436
70074319175
07091145321
42637698802
12561381935
38358175825
11483738965
05429432121
84919019068
10983396655
18739129780
06803190188
92187897087
04918255361
58869620000
05507432600
11571504621
07058654441
86479180020
06136173476
81431147249
08238550742
77761715220
59770171549
12366001690
06246742157
41387851837
89770293768
08659814932
14316574680
22814260847
09321884785
05835396376
04353419102
07987142808
17843221727
09955578700
91175755087
42106234821
60681861053
11655995979
41305846850
31940011833
89691458349
36411315884
41575466600
49904546851
04874201369
09701401930
34480424806
46240838810
70006737455
11542924448
09582467932
09712686906
06783471314
28588299852
08721332908
04974216155
11192645707
72595663968
28953884829
90941420582
22324058855
49128563808
42980370886
51586240463
06077460338
12167151659
96271736572
28009354805
10249679809
09692196607
10251806901
82233411072
71034202464
40181686830
33146766892
06057722663
07719534530
16284566808
04398870032
14078494765
84744421172
90032209134
19282892743
65507398291
47248316857
26866371880
19114670771
14629995650
09082243628
34285446847
15560055808
07236274100
12412666709
08354705986
38089478883
41550649876
08281402946
09028206990
06904164581
40126813892
29801309822
08949281473
69230943215
16285836655
93426178400
09557289910
86416130564
92499767634
09833759920
05996551357
38195999832
11073878767
04613087899
05757451181
10457726660
85350001353
06773945518
09602875909
05983722964
39150042866
11419295705
42881288898
12995828697
05730900414
98998960125
05480993089
08793768990
39204761822
29691387867
09744942916
08256319984
25111023828
09257267962
54794536020
52906634875
09660969678
17425368838
04585223681
08449545943
23262994855
39869147810
51457539268
06740893918
05642193988
43555844881
18092257876
36341685874
10460323997
11352322960
08939447930
04458634984
70008661103
50290807832
08652664412
50962140015
23674494817
48436274881
09805025942
47721964806
26609126291
80117465372
33013043890
15610299713
69341621100
36617017897
44951435810
26534611880
39945629883
48460642801
27518261804
43062742844
71101329432
42488191809
78112281220
05803409960
10397044925
82170800468
86397710068
09939577907
44805246812
08764004546
14016328748
07937448903
14215486823
06906884905
13449943936
37619724826
07097914106
14019618607
98153404172
05585127209
48263473837
08321763707
85072524000
97472859087
35765230814
04658802902
46524281896
71291920030
46795805859
48722675833
80820859087
16073520794
70119228068
28736188840
10410642924
07537452911
60900585307
08941818664
08858575938
08536834927
45085263812
06911416906
13434946721
41450263810
61569827362
07463680975
23105268863
18607305824
70409886157
10066746167
12856730698
08825722613
09729405700
51484186800
93066414787
93069847587
70775724122
31357914830
39082967812
71321049188
47747239831
06700474906
15482699722
09428937940
46382918806
70143876180
08020757970
32535559846
39264717862
12360306480
46012006870
93480172768
12677025400
52391117825
10656754966
08657423910
26336350835
04975195186
10182422445
04570813500
28744908814
08341667983
37463718808
05880861937
09059222989
10370689984
09821984932
27480375883
32219455823
41949225810
95404775572
18522049742
13212219831
45278798807
09138288907
08724151980
44250679837
14113665737
34513102870
04515842951
08727377997
09293629933
93884060015
16130941757
45883845894
04537545208
04348218021
04778210492
43904100831
37299257840
04337868925
40412296268
13995097995
13373296498
84983906991
09906319747
04201350142
40870469827
79894984134
42747754880
04135858597
08511923942
04212801906
04206434514
04198418063
60064984052
04210176192
04127482907
04205133022
04130969986
04157181980
04170558979
04155403056
04131683954
04169191200
04150704066
04153439177
04123928528
04127322977
04008109137
04113155950
04081802009
04106526107
04112426445
04105164066
03981870298
04121353536
04078690939
04112125089
04101420505
04077675090
04070125167
04038664058
04092893965
03996256078
04054941141
04024535064
04049315610
04026219640
04050131080
04027427378
04014009050
04017466150
04005332943
03997788022
03968844076
03993233093
03932972333
03974932151
03946760929
03912720711
03961409986
03941966006
03960078560
03920826329
03935046200
03883356026
03938452811
03901249230
03906619613
03883685275
03892362920
03888498350
03869818093
03845550988
03872547062
03749522057
03874491919
03871242500
03866003927
03862098397
03850148564
03851511018
03831966044
03818433003
03739220007
10460248928
98562703915
04932664109
88172147953
63821664215
06542661409
84230355220
15783231770
14118419726
07193126636
60581146328
18096398750
07991555780
06669305460
50848399587
60411946382
15733368748
61220868515
50160804884
70805478221
32603838830
70218541104
83095128215
12079850903
07710713106
32801426873
21639404899
98898469187
51669566803
29144445830
04681619965
29291553883
22292678845
67908462553
30887074855
17974463716
27772088833
85429899372
43192155833
13456588852
82446741304
04945961204
07718218597
05035093611
23158959879
07888909728
86028654574
06934039939
13128622892
61243213787
88748634549
32269534867
05877036955
66120217215
15430770647
06387949947
11546266950
11269471724
70235122688
41753486890
22314041844
05540258096
04865767010
14509128770
34992835813
46838967880
08724178403
05249498914
11381707980
42255248840
32181996890
38998027801
14035948721
09680033970
07949149930
07379594109
07538474935
41861897812
15912142701
08536749571
56794118653
41182113869
80946623520
33030167801
49311613835
43737889520
11076068707
41432099850
70415534267
05382159173
43948337870
08368322995
04314442697
35270099810
05122379050
16357751758
40256453861
34085628810
12633173675
44304890840
06172170929
48514435876
11339607905
40136380883
07566692437
05611833764
12139395859
85231525120
07592322960
11524005762
07306752979
09849247959
12648432752
33341713883
09688322962
37580858886
12158065826
07208702918
22241294837
87300605168
05179272769
60171950003
37473732838
05967776125
97391719234
44131147874
44631536896
05668426882
46468914841
08865646977
94877467300
12240814713
98233289000
45876972819
46201840478
09053754911
06797922950
58398066172
70117415260
08388807706
06627863944
10834949962
14081787450
86170538015
11161073922
26472511349
10127646990
51568887809
10212980939
06991922935
08014069943
05457917746
35766624808
07727446700
21513736817
56613228877
04361521506
45848886806
36330200807
35537867877
06480176138
05108319908
44884070801
14941378792
07854523975
27214045800
11627056637
37294999805
78883300378
34611627870
22156822808
50551910828
08019171401
13752421215
48125829890
11102436690
16576943725
09260636698
29935720837
43316254862
06283191932
97814911320
22206616874
06519951323
37434714859
10270941983
18362406860
07105014474
15752732689
22301387828
61252674317
05644045510
89155831915
22485569851
39098372805
33529375837
05938956145
36977509848
42237018863
05473533914
70689490291
10279160909
15801415874
07484947407
39684189800
14551387703
65182871015
60525916172
16287470720
84859474015
37480179871
07517377477
36224809801
06111305565
80355641020
05616246905
35391156840
07646449121
06252457922
38617082801
73008125034
25744870873
34461417824
04707025676
10965455947
46424440178
16083088631
49565678807
21907117890
37744372115
44095187808
29933635816
92049117949
49834585810
30503330817
42054538841
54749204234
06157410965
21640133879
29501726878
04333396590
04731095140
10202680932
17377583770
78952590163
10236020676
42927891850
95290648020
05797697041
06508273922
40492266859
15230106735
06948548911
41221565800
09986414997
96222239900
11964737907
09471893607
99469650115
10873393910
13775627600
11640486780
50212330845
39234735838
06425959924
08504422658
07831877932
11947736990
08275986966
05139598400
41763624803
06997195423
47259816805
48075294807
06832459530
04415832539
31564377865
05392789986
07502738959
43876438896
36038126899
11733232796
70788261169
05799280989
11844057941
10866156976
70569633230
42655368835
50230445802
44770685068
09840852973
60125357400
79317618987
07702746920
07732737512
09410412986
33400068810
60186857365
06289992163
37119951874
08365823730
07736527601
33777253855
32916059857
04789033163
55705812000
06183025143
09311162442
36866802890
08252239978
47551198806
35859040334
08001846709
44106972859
10421458909
28477458820
13347998731
06858954325
35365974832
05077074275
04452302904
06617380517
79142010225
09974444446
97552348100
34026620867
15290809830
35110107807
85855480020
42446802842
39760153858
10002660954
07959440980
41864774851
85360635053
05284429370
28723290803
76524167953
05200956188
47644327819
15080028785
36572826880
11741936977
06301742966
07251804980
04471982117
34191473840
79600700168
11164750909
11006859608
15554113710
49820029830
05874558454
47677456839
42806024846
10334311926
04920530579
96488387715
04743812500
73855510172
09130052904
46295036848
48856763800
67792065553
12924379954
38036747863
56301715772
05094897969
05994131903
11501029770
05656735133
81929366515
29062979840
07705509911
07808834700
30193871831
81426526091
04449443209
29189266803
90421132000
09199027402
04750526258
35107796818
10599289732
13725765847
36815528863
70225007207
69452555904
10978613686
12275444726
05774685373
43441572904
07436832930
09256328720
08917750729
08155195910
09994389998
49395064870
30602903858
22812580682
23725629838
39141212894
92662498153
46469856837
43717061852
39728660898
46549425808
36261625832
51997861801
22929251840
51045237809
04684847527
10600050777
06647843990
32900623847
30286035863
62105426204
08343219988
22177980810
18479461780
90247027987
14315365718
39238252858
37302014841
28100061807
46392179860
94124868715
33796485820
11098118960
11459846656
07886334906
53412977845
41695531876
70521650666
31120627877
47484506818
12573549909
82237506949
08431623926
09618713938
16271123830
47318784897
24925885804
10307179907
06698209465
40921045883
07090202950
11357971613
86186220524
04355562743
45324841897
41156547830
06257524148
79253210591
34652901860
07178035978
71020462191
52389535852
86129826508
85906006532
06558460939
47050356824
10099135655
04361988005
08167870502
99847922268
96075945172
12192823916
12655916875
07775999616
36615594862
38356166845
36596703835
43723564801
08174446613
18974251809
30715470809
18173732779
09766683948
26586927811
13479390838
37696967860
10533442958
10080517722
14985592633
04614516971
04408835048
36086103836
40859575896
04329213036
08613884962
10515498688
60218839340
42995373860
05759419366
98134027253
06146840998
79308953949
13288100703
41830657801
25625609810
14496353776
23340824819
05524095374
97859940230
42514856884
07346398998
49817221334
18376753762
84192240653
40365560880
07470708901
40349966842
70910758204
14707677754
95583483172
40407786856
14600082605
04981637179
49362385899
07535924107
05039366507
30202293831
09650035907
38121790832
21545455805
07752635324
12471036767
09693949420
25161423234
30280782870
38577440818
99491893149
05672868193
83341269053
06946094980
15527497708
05479021664
08757422974
68264534015
17691080840
13408686602
10428858937
44030486843
24691899855
06802846993
06701632440
13582050785
52665471892
41905923821
09174925601
04893588370
11223789632
04459084163
08899114951
10465770932
35408773809
04343993370
05008245929
49122479015
06938992479
61903150388
41891047876
65126025015
04792990998
54324650861
09675066628
35195503850
46767028843
11526697882
05955573925
04418178902
10978606639
38658952800
46537431859
25669735803
73110531291
10440170400
05681475700
91391350634
82797102304
14297274973
12268248976
17833014737
05144536999
09696104910
05512664140
06506316926
41151637807
68932227187
25357246858
09452457775
34674684897
34084128805
06447776130
31282927876
17098339717
09291813958
06275734108
05617953982
09917065954
43031298870
37226246813
04897193923
39282099814
08881110709
23249163805
25122098816
18077900534
04491120129
36221933870
35785252864
16869350809
16213976884
50291911862
63291630220
06890548744
99590239234
15707384758
92150853272
60863048234
45526282830
14462255852
81663676020
54775114867
15597784234
80022028994
35376588858
61125668342
35273574838
11929408650
07280113605
13296911995
04253980562
04263583094
04323722109
04253883796
04253879926
06459414505
04244309918
04291799950
04273170965
04243259003
04234186457
38537534854
07956148960
07983334990
07183624897
07445949798
45865119826
41430390875
62072534348
09889798964
16088276827
38944941823
39097996805
41462075843
13070718647
15793491708
84033843949
17202846870
07310502906
43195988810
91450594034
37578765809
22567113827
07321657680
04660815617
62437578382
31811291864
18208823813
35745992859
43460904860
27943172884
15838469803
09040090920
05202658583
06610788928
06814374137
48010017850
43682949801
08284659913
05170576030
04769704313
09632282930
76605892453
08969722670
10447800965
04823385047
12362196941
11281469912
07898212908
08332671914
70441488404
05385071951
06656008526
08143855597
10997188995
05176434644
91045681768
07416374995
05250764681
09272505941
61474446388
33750751897
26290524860
43403780899
16416673703
53643985878
16043574799
14941547730
95437797591
86810030115
06098305110
05737309975
37860276844
71119361087
98776312100
10599446935
05655856301
95892133672
70750182210
22995975819
43337135870
27851827825
11434191974
94014191168
42961499895
11123163707
37488652878
49238753806
47715152803
70550884106
37871426818
37103069816
11401069967
33057417833
22813564850
07921280951
13916463713
12169290923
70413417123
34433979805
70510608132
41182531865
27069876858
06884640502
45185860855
41420593862
14986405756
13627408454
78242410097
96188014115
29981040886
12271300908
84259213172
06485281460
06963443947
54223172034
87225174053
05413523858
62197958305
48131830420
62116715393
39942669809
90534298915
44015926897
40692283811
94831459534
05474696167
43688286820
13467266479
70645538213
41803553880
52000869068
83181490334
29131935877
22964379823
34702552880
09556902937
78396492972
09987674763
08135710658
11422472795
15325428799
38240748856
48575263870
81771541091
11279462930
07765176510
44431734805
50159098882
06505845380
04853957545
08174758690
10032488610
42995852830
06915403906
14066959636
77169980720
05251558210
97659908049
10588275964
10034601783
33932296800
46464327810
87226243768
06327598609
09907899933
39060022840
09076829950
40253680808
41574735829
12529503907
30686443802
18394940854
06126967313
09744700904
43804474802
09129426499
30189927844
23077865890
46431254899
43832627839
06809540822
52269753844
11600367488
12122482796
17544013766
04824577080
11168506999
40846553848
13260513698
06443622197
44829258888
35176017806
78912750259
50790292858
33059669805
45218728837
05415321381
05993964588
12251037624
34412385833
41982665904
38828047852
10406643938
98992538200
28518533848
07304246936
05410839960
08066896689
41627419802
06501329558
97131482315
41848790805
11226976867
22308924870
10415145732
36892915850
04422327992
05682104331
12103476603
92341403972
70293550247
05858238475
22657225888
50002489880
40630167818
51683040104
47580265800
09022274675
33536583865
91268591068
46497001832
96942703320
38206272860
63035570078
07012832380
04847595076
70142047260
45466945803
02564241360
02547881900
02477118021
02527492193
02516478976
02544713232
02523384132
02512751082
02513565070
02447237022
02435372043
02509882163
02449223908
02505152535
02489509160
02502264057
02444528140
02460292007
02423107960
02456438000
02455332578
02427455040
02392758026
02315278023
02329540973
02383145025
02406824756
02375183924
02338803132
02392786151
02405983001
02346096997
02403068306
02319406298
02380485860
02313530655
02369199032
00037252003
02342184107
02299635521
02299467203
02284678106
00002271109
13049969725
81446470172
27891128863
46440953893
73513822120
26527611889
41567805892
34640608888
04904403045
04548294180
12408049970
06268465369
10398017905
33331789828
07383859138
38959898864
70092118259
07483847905
70320850161
42894969899
14057304711
40240019814
27210216804
34381875826
26843661874
30611973898
08389236583
49463311823
94629218220
04689357110
10918959969
14485217850
37867866825
44535272840
15969383821
82144419353
97759791020
85363278200
42289759848
47869722820
40476854881
09685678510
31878446851
89711882272
61234918307
30728773864
04632158003
08001905993
09327273605
70084697644
98370120130
43222474826
32058230876
46171776807
32250739897
46861194808
06037093113
70207540152
12582194760
70900745100
42750007810
42063233802
70817037128
09226538603
14533548750
47707128800
82352267900
91242770534
07537181705
40460504894
04980716180
14033898700
06206179699
10388190914
38306312864
11932067906
08665509925
12851084771
15503522613
06628256910
39312459856
04705812980
17128506799
07976294598
10039763447
08862970951
33062542829
10100693903
96735031091
33295911886
98710826653
40248099892
07156199935
36189864830
09917916903
49201371845
14979106684
07233699410
51516640268
04840217963
33254623835
11452996954
70463301153
85277010068
60198573367
28050646823
11094190748
04596816999
07629995946
12362198723
09771898990
13182295969
31897649215
08431378948
10613940695
04473946142
09602088958
05983133977
45206580805
11744803781
70755539257
05008692356
14440468888
42477918850
70689565135
70334485460
91710847549
83484450304
32217282808
46878806810
47435769894
06192528470
60135904358
34300922802
08560766782
06194428759
08720655967
06268551958
04891865130
06400797173
46920671875
06026935436
47257506892
22303009898
31408250802
39085103843
22512096890
32719908835
43995912850
92711570010
45690608890
30443204888
71321829949
10148336981
05770865539
06996082790
04742772326
27731911888
12772171655
09588069939
10038032619
98812394949
22843792819
04763418920
48865479825
45427762809
97855537791
05297845645
80368573400
04517681599
08540015900
50515470104
39521941820
12076242414
04434538020
79975054153
38938900843
80003216969
10162314906
46349031806
06103675103
08682775921
38442748806
12931564699
16891955769
06710292150
18158055877
12768781843
05329498970
13513658605
11595500936
44974044800
08037927946
42688067842
18231082700
44095700807
34132237800
70185687652
07509315905
82651612120
08331562925
38014151801
70796367442
07789231693
42618486862
06145412984
42724024800
07964975919
07625236978
61440221553
04708380941
44986487817
04479064532
94154279220
38774884808
17772939795
45452908846
38150151893
14133746899
12128264693
08409458764
17321106705
12164998960
92516351534
29020508873
04637462525
04519554047
36009653878
55028403953
96589400210
08092361924
70767188128
45483080831
88844188368
04926292009
92599621615
08137779922
07577278750
09503160910
29415194839
10928378683
05515214579
47018540852
14686688701
11391833970
55583482087
06812215180
98614428049
06560079317
08500712910
40545426898
11293836958
89388496434
06200086605
31195578890
39046115852
04484135906
49840362810
60869824309
06094469674
35995575864
42777906823
70196133300
40005050847
13908671701
87466236391
30237587866
06900278507
05789031994
30290235839
04568352967
08285173984
07232825951
72805501004
99240661468
44563133825
48375746886
61452688249
51047008874
05363243954
10998404659
08558380945
46481378842
13458968750
10704285746
25973152820
11206412925
06364958923
62175294323
46474413859
96817518091
43537207832
12362489612
32712206894
40487173830
10124915957
17089612830
07817327947
44099736814
36111161814
09369870733
11671371917
45854053802
37607836861
32441325884
10484549405
08379706609
97800465268
08678765577
12043237985
89225171315
47166767812
08893218925
70311902235
94572097100
70540309400
26414228249
12107491810
07305126144
39841708825
10587235969
06864539997
58895000587
04591318184
06511357538
05852136905
71367420130
12928840702
05365124936
18444625795
15538383601
43758496810
06873481610
70753097222
05154143957
21387499831
48986283204
09346959975
12659102783
13681650608
08391627403
05812169462
05240091552
75353288149
07840886914
07716216554
06331278680
42989251880
08524613998
12587065984
21518281826
07572106196
49168986807
30126753881
45715323851
07190679790
37803024890
06162778495
43164605870
87142929200
13087226998
11380813700
84033835253
05974508467
51483138895
84192283204
05121181671
86951980497
07168416308
06336601161
71085476197
31535916877
11973588978
30374114811
08313145676
21767763808
88542491220
14041606713
06279499910
15306957757
45871218865
40633149870
91822475015
34340349860
28221805807
97149977715
08081552456
04843068128
06738469977
85949482557
06577190488
38337665220
06604061604
14959244674
46557117874
06856982623
11094916625
42142093892
18931848706
14076406826
08799399903
94405670072
37917587134
47110425800
30211702854
47903368087
37757263816
70218530684
36993470870
87577410187
14821637723
10446413712
11729631770
36071132894
09510393932
05360622695
34473005828
12408117640
11562025660
95147101349
10618462619
70154165654
08179389901
15352804682
09821099467
45531860803
90487940725
08340231995
73735981615
09621468973
60294952322
49034879895
06961250998
40125834845
08127275506
04630895108
04478510040
07452406907
05568936200
06742363940
05708212748
05046493101
43468717806
56196300130
84807938053
31566624886
48620527894
50342606387
06872499532
13252326965
04909516352
42146378875
06577311960
07630652933
31467226823
06694367120
14458463659
05549188627
10994066767
16302013755
22267449838
08223803402
13119335819
92081495953
17701865730
60499588312
13709885833
05135697152
16183661813
25988662234
43762980187
08292820418
15529641750
05535870994
97306320068
08478947973
04805672200
13739836636
05242992182
16792180858
98139770191
81174942487
04808482622
19552037840
45937353862
04981989520
38750786830
30235425893
11750099977
10019343426
09754544980
19240124721
18536757760
46251968842
05029720928
39400911890
05846924123
08769995699
19406060710
04769621965
88823245400
45032080802
57909105134
09119594402
40378546864
88684571304
07851000599
04556783917
63346605604
62053754354
47421393803
48835525861
41837117896
46854954894
08895980964
09200998747
21535250801
42235654860
87421240004
69190070291
70792589440
29414574883
08887482993
15735239767
05175634364
48066131852
81965745091
06167739943
06394335100
16913910770
29442486187
38486581869
70887995101
06454931986
31868952860
27174049885
60380414350
21702487733
46109103810
14494808962
16612308737
29985979800
43394712830
31370765878
86156150552
09462467935
37515417803
30249330857
09783041797
15017682716
50924621249
08864746986
13601193884
03784888801
03804125514
03808668970
03793844188
03798249229
03750796025
03730304283
03715556552
03695575069
03760122779
03756603997
03702337601
03672062502
03706473607
03711261000
03701393052
03628613582
03684643505
03654860001
03660985945
03657778110
03665196973
03651744086
03649929139
03640163109
03571247663
03617719910
03566898325
03626045927
03592024035
03586433921
03533775038
03583707010
03431486096
03568617161
03561061958
03523784921
03543568019
03517701513
03531668633
03420378467
03515993045
03511037247
03500181627
03497210927
03487222060
03408552746
03459823046
03480647995
03479590675
03446275789
03426790238
03394666774
03452564924
03439854035
03386623085
03416114175
03352135290
03364649596
03397926980
03360242742
03350809952
03385593107
03377560157
03368778978
03332143077
03342467096
03363265131
03356818082
03354542918
03341422960
03343253073
03284312730
03335840747
03233896000
03275588060
03333527502
03256034489
03288473054
03310950093
03300698022
03256488080
03281932240
03198627478
03266986806
03232149081
03207559670
03234884048
03209375348
03187230776
03208617917
03200798998
03229633032
03139439156
03190891001
03185106180
03154982000
03203477378
03159436969
03113089026
03169055500
03099013919
03151561128
03078827216
03149121264
03132511420
03136917464
03107340456
03050430214
03131493054
03077502054
03120804924
03075927902
03101497973
03059206937
03064950908
03077822040
03065322129
03065971011
03029626032
03044603030
03042254798
02978147024
03017786129
03004882035
03039062433
03039034065
03002458074
02997291259
02973438586
02908472651
02905065060
02969129051
02925410073
02915975302
02871941670
02870969120
02918312142
02933422026
02937170102
02868761593
02861270241
02838855050
02904379975
02883303312
02852718731
02846300208
02845446047
02814875531
02792668040
02862748170
02862851264
02833108478
02861775017
02756660000
02854238192
02824219041
02830008057
02845585403
02829768094
02750574102
02812534044
02798865603
02807761011
02779770104
02751333540
02736303180
02758165406
02771181150
02741647950
02778540911
02759549941
02762795060
02734236060
02704248907
02697456023
02702387004
02735450007
02706320699
02693974933
02724769198
02676876724
02683993285
02676715046
02691527093
04625876141
85030619020
04691349928
06721946866
35424903851
05290906193
07379465120
42825667870
37538783830
62238131396
06738314930
39040800839
47289101804
07067448964
11930797990
55905218072
12396372688
98801848404
04303568627
47620877851
08605194901
05996484900
08548367997
10639107907
29737946847
93507135272
07869542563
10984014411
07230820650
29535584898
22840473860
10442270950
45754691220
94783845115
45069302825
10523215932
40743013859
17675789709
18817188832
45516215870
72769750020
42774819814
05437373902
86061156570
99556561587
87032210082
70070946515
08717283973
92207634000
47252034836
68343060059
24171655897
08556468969
37691172800
06566877975
09051272936
34372731833
07559384960
06962284594
30919599885
06059019706
09059188780
60688753345
07598609985
09050683436
10138410933
40024097837
40136465870
09649872795
47769153832
07501451966
12639104675
09050161901
49976635818
12032350700
34975665867
16865478894
28115311812
07100519993
16277158864
30767829832
48680137855
34851989865
72304642004
05396498994
70056246455
09218224727
11519855621
07084084940
28762330888
13699809650
08987542670
32522491890
10327345900
57986223120
04624922069
08063147456
71316571157
10425750965
60767193385
13726141685
18012502860
11491985402
05735518127
10770885900
05712960338
10083492917
09391317901
11346342938
31864536829
17487362728
86824015091
75451611904
13430844746
47931606892
72124555472
09079450740
42011155851
11965473946
29238057800
36462761857
15440674705
41671145852
08625793843
05927379931
14391034611
10652305911
05612157665
90660633000
10960688692
15676128810
05043690321
05334158960
38041664822
42975305893
70346343275
38059282549
77430522904
31457319802
10280957670
06550016975
05979376992
32855817862
09537190900
05063684912
06280914518
34362826858
70314139150
82612870172
08591200748
04507376084
10822777460
46042508806
06773089654
06998302908
05039848099
07099815970
47578036807
69256160153
13932518896
05296680332
15169409893
27171373860
05838092432
05248289033
36852370801
09612219923
63983931120
41328778843
96412747320
52104823838
05160487670
08435841731
07790394916
52224938810
85699438068
29291933287
46671651892
48114405368
15282491788
79283624491
98068938087
09866390608
49755838287
37866719829
14439850669
42760865827
39852338889
43766867865
11022339940
87927322087
40007490801
33291472888
08563113917
71871624134
08864913980
33763650830
30683529838
15356672730
45839505862
13262462756
06135378317
07519337910
16084883818
35517978894
60467453306
15000228618
13577181877
10710181671
43180037873
05628304999
15470968707
41522383808
63705664549
88614344104
09485360983
08249705513
14207002782
12473540675
39916807850
40693566817
05054762310
10288590660
88638570082
34394514886
14637771919
86306324615
06844568932
10440951992
10429856857
30942547802
43806767572
06122090913
05149092185
04777201295
34583227876
89098382134
74787861972
30250068893
08498854938
07358767977
47518441802
35327384810
06305748128
27516888885
60735104204
09396825913
42024459889
10539113948
87293641168
22054300845
70279699638
60105699071
05745692944
52981380206
35420661845
05440340580
11519484623
33038151866
43138013830
35844324803
12729715703
60023516046
18646894800
09416574937
07051797530
41298791898
49804620812
99806550200
37421218807
13618612907
44614204856
13545018610
96970987000
05524500490
23290433846
08336647783
75941287020
15070931601
06022449944
32934368890
14037077744
22521004863
43863890833
47320080893
46023112889
10776880918
77177983015
25942051844
32658854889
09435597904
10782641474
10272464945
06546394936
41700968866
22619995850
80309852587
36751664818
04954085497
07488495993
22970990881
44482749850
50151238847
13804805825
10655307907
19500923807
36540638884
05665222500
04339714364
47720519884
43875066871
05363735660
52942957840
76367339000
05290186913
46065450898
71193488176
72884258000
26881175809
06941241764
13417706645
10879770619
43556959801
12521543640
04583099070
51579807879
75744490159
11777395933
17224075736
96652136015
94755965187
91268923087
38775785862
35817837897
75225190120
20162142790
95878335972
38641907890
70569121256
05454402974
14942918782
04876057133
09198967312
07485311735
29699414812
07081857973
05208600129
45386950843
11855470616
29486545804
12271887739
07905377377
07052976919
40715632817
22516366841
59171693904
29998543827
43776697881
04725470546
89854683400
81954182953
08672621921
97355054104
11703122682
70106157132
83087591572
35105965876
06065281301
91296463087
40791272869
11372474790
61664507370
75983729268
75414350159
97351822115
09856736994
07450323540
51261622847
08157155363
09846202652
97174165168
34316477587
44985943800
05350444964
39651174838
72022744934
11182823459
06538532543
30430751885
09473775733
42889487890
14666501762
26219419820
41887587837
19053985735
39025841813
04697572130
42594157864
07436288962
12290951790
45372948841
06477355124
24543080378
12149379937
25530859828
46784201850
11607162776
85406716034
04807840606
10080433979
10677164912
83042407934
13438479664
04497989259
10913964930
11755665431
07472490911
11339468956
09868549990
08676314900
39901428874
47624909898
47785366810
14740454726
12178712762
12035045789
08260948990
99278910082
45546278889
09700678954
47153478817
31370570864
12015536795
05150508578
04459082977
35347674890
08328568276
07964638670
60379693534
42777594830
05151008625
38374286806
46949386818
08808915999
84971720006
43982682860
37918500830
08615155445
06280666948
36750729835
11740368932
07325645902
15333526826
30326392807
44947197811
71814663991
47351461805
40501295828
11573135909
39074051880
11516665996
11596672927
08097987783
61054593787
39170313881
11004775601
04987050137
97368865068
11875759921
31212184840
25003059884
06789844171
30826357415
43842748825
18089370748
04644010979
42861135824
38595106819
08780697550
04296841424
05968367750
27842425876
19252199845
88563200372
07503481196
79515657253
05314029162
22562232801
44875534825
49595468835
16060247792
08867854992
69709840525
81220286591
98324705368
10623846446
08335550905
42853615820
41566280869
05356088108
06762898947
05493007592
59683910734
46098156808
04780832110
40848772806
06221755999
89532490159
28407005819
33607866880
42389581870
82373043904
96276797391
17886918819
61458459373
14028512603
60074009303
04832785052
46871868828
15731511730
06877903609
10246522976
05268752910
09308305980
49096218817
07479572581
08805021423
13161251903
06501038316
09364245911
09142607663
33849609049
40417790813
39145199833
09346427965
22294743830
07370432106
06236813906
08517366379
06676521911
07441565642
78124972168
46213690832
44930230829
70737348178
15557373667
08566337638
06039957301
22067073818
05247352718
13585960936
08493527971
45393930810
17224794775
46130616104
42902027800
13373716969
42875260820
29457275870
05407321688
16223399758
82721513087
49337871823
59284935172
60952864339
31881869830
13308397650
38691100826
23924646856
42946026434
56774583091
17865923805
10832298425
62402829362
04710385122
11649800924
08649415440
04719325319
12628711826
06065298107
95270914034
12837169765
06495623992
09833662927
48974224852
43357125889
05935633108
49115863115
08660820932
73734195268
93118112549
80093523300
26768555812
04391722178
18243124829
32066081809
12128906989
47895825828
11986001601
40201829819
60997279303
08562483982
05387974959
89509331287
11291593616
55971944886
06356971908
78405750991
73859290282
09956665711
10852316828
49486648808
10626545951
52734386836
49687023880
05312923630
90265122953
34297488876
09289210931
96295937187
05608681975
04322332102
46115051894
06368362316
61603315314
10379537893
14813275770
09532752994
46409029802
89000250315
05256868195
16501287707
05579709978
69714746949
32764026889
50398016100
40884348890
40436754886
05130874943
35211976894
44704449874
46399733812
58162054200
50851374859
06746813983
36878433860
10759067848
36185862808
07929415945
04588128388
44136335806
28377461854
15285895723
91231736291
11345358482
09144743670
07942359484
99256150620
33336234808
89215001204
05320934963
04418739106
84715014068
07728570757
16464104756
08280752986
90592522172
40911122850
35721878851
04549245182
16961387799
10680457798
59532700110
71284513408
10933543484
06186169936
08804363959
17742836700
12187349659
05076577990
12299806601
66736544300
16177520707
28792038808
14102272780
16016273783
87314568200
05399281600
08432700398
58980474920
47345331806
07514612963
32765631859
08976596196
29377988888
25690138894
71893164187
07624640970
48194922844
32952366829
06074595143
10077706781
06858060650
92878229134
70701263288
35370402884
35803568015
07365823712
05162425982
11794683682
09824342940
44036398873
08295089374
45187518844
06381727993
08631006947
70816914206
05758973920
08069235985
99376105168
16511043878
85223085515
54878845520
02290050121
02302355652
02244887910
02278719017
02259646000
02266960067
02264952130
02250962340
02282897005
02242932306
02173639030
02255595109
02215776021
02252886137
02248103670
02149534088
02238590951
02223292461
02224332050
02167108630
02193403074
02217705938
02209536006
02204901636
02182835636
02203169028
02199355489
02141681901
02188697383
02153020360
02170608036
02141155002
02156828075
02070957284
02108210270
02143642164
02131584261
02126555313
02111681229
02101338645
02101310120
02069979148
02089401974
02012428002
02107113963
02068739135
02101680483
02021808165
02062514913
02046084578
02053635045
02044893509
02026577013
02038456763
02025659202
02016256010
02023325005
02013697538
02013677936
01991522177
02004741201
02011161037
01978967314
02002084033
01962111075
01966407920
01991810989
01827067454
01990787347
01988639263
01985555042
01983072095
01904936075
01977804314
01962039102
01960449281
01950386228
01923364367
01907088911
01898805113
01885587643
01866135120
01729657052
01835680526
01840217316
01850924627
01802373900
01822347386
01821182073
01812347421
01795917032
01801571244
01695794095
01723443522
01795151528
01773533924
01772404403
01770855920
01764983467
01662311346
01717114164
01638182230
01697267467
01665556650
01695269926
01680572393
01675255067
01651674086
01671008316
01595562010
01643499017
01511093544
01590186508
01627936696
01628311100
01621970043
01570869685
01586015214
01525525026
01585305006
01588715027
01580252028
01579043186
01572913592
01529237050
01431961116
01527345629
01541909003
01552466159
01522344039
01551920514
01511994002
01513201018
01517939488
01474137105
01505163048
01483669106
01485685214
01496825063
01469788039
01456017063
01349974765
01305160070
01359907262
01455466590
01455431028
01454614595
01336706279
01418089699
01414248504
01416229701
01422446271
01410951561
01407303031
01407250086
01384598600
01321274076
01377755045
01320466958
01353150933
01345797800
01320881939
01321882602
01334833044
01278480960
01260765296
01293596531
01300795026
01253112142
01254349103
01267885378
01220720658
01252373910
01233575600
01225102405
01245753908
01243193948
01189885220
01182575013
01234530970
01231326069
01234203189
01216540284
01218774932
01203768303
01215626975
01214221602
01160367027
01203570384
01188463454
01197411054
01189377233
01180213033
01167727193
01112742140
01108991050
01159367426
01105024180
01157778062
01148712992
01090294107
01131719352
01049779142
01079539000
01077246340
00995853088
01074643143
01035338777
01059119099
01045928933
01016755341
01031182179
00966571037
01017436290
00979770980
00954986130
00991641914
00952185725
00906178193
00841734321
00965230341
00964364093
00988274132
00943377056
00961879726
00954409175
00870228188
00928498905
00941737020
00906704006
00927022010
00923999086
00911721797
00919418066
00897942736
00875178928
00810115204
00867391073
00869197177
00865120560
00890134413
00837841011
00794321070
00857707957
00857681206
00850429005
00852952058
00760386102
00831128984
00841696055
00840321031
00809909677
00830051023
00730909301
00834266040
00804421102
00780988906
00797199101
00797098003
00768859921
00724523588
00719629993
00698041925
00607552026
00721393233
00552875902
00703376241
00695701088
00577188062
00600923940
00630553920
00651090237
00620188090
00572673248
00538674245
00549325131
00565084259
00541802526
00575873108
00573130329
00570823676
00506105032
00548559341
00542072238
00496045385
00533148324
00511792107
00459465902
00503930903
00454612958
00432222189
00477271014
00444379002
00481615008
00446420085
00442818114
00459878581
00407439501
00426952286
00414275993
00379757060
00392852004
00402646967
00421749105
00418477094
00376860545
00391537113
00407431101
00364326956
00315268298
00365062065
00369199340
00215644182
00364443243
00372208371
00370066901
00351540040
00361346190
00343574080
00347453783
00340068000
00341114090
00341773026
00340501081
00343809737
00323803059
00286471060
00296467073
00295182377
00143845586
00159569036
00146507118
00281788740
00254909078
00278375308
00257096078
00247934003
00192370065
00154197114
00192533541
00134869508
00182237028
00164865012
00201246279
00144359006
00153398078
00117093165
00136821138
00125530773
00095978160
00085437042
00115263004
00044108079
00066128145
00063978164
00053193318
04300179280
10075876604
16952198806
04285810131
04168606643
08805522988
04257000546
04257115106
04250839699
04265143270
04220212531
04255970327
04248192608
04262206254
04287713001
04252427061
04227887917
04222175226
04205647131
04231246092
04226479181
04239056004
04232158332
04220222170
04144656101
04209234974
04156643905
04193888185
04218155909
04192720035
04197126581
04171202140
04084173908
04073123157
04152667931
04143941945
04123234941
04090685940
04139837144
03518703005
03956710355
04101311994
04067417942
04085088092
03418149979
10848310900
09279397702
13721279760
39217660876
13831405611
07560811906
11395207925
11963434706
70102005486
06745320908
11798267950
05353737598
58046020397
11701857626
22103339894
44748574372
07995116926
08602059752
05703807905
38159041888
06326721539
21541729897
27795637884
04505137180
10419529969
97005509900
13556453878
77594100182
96224991049
73476161153
36990702800
10827189710
06539115997
06770466937
28109723896
31198958812
38404534888
32681139821
08016385184
15464361626
82055254391
05140070952
19934856786
52380183805
84329394715
65099125034
05514086690
05179245362
39491966847
33520776812
48355707826
85924164004
68522240906
05228562923
48895497813
12533278661
97254819504
10683822950
08247079909
21460075838
07270030979
06632764975
14154235710
08747278471
14924572640
08004658903
39067656879
11282455400
28525143898
39170623805
06516731357
17964841807
39796702878
27379320840
35423300860
07770965101
13538840741
04289856535
04289612075
05907167190
09561914875
04078505031
04121801032
04114252185
04083592001
04084329185
03939161110
04059914100
04062298058
04055010133
04048404180
04077480914
04039753950
04075066916
04044189960
04011626643
04060417092
04045240012
03996373970
04041335922
04024985000
04017166350
03975140267
03972026528
04010681969
04005103081
03862058921
03972347324
03951055103
03947792077
03947308108
03940794180
03801779190
03935115962
03929284006
03859466194
03934865917
03918063194
03845339063
03924562067
03876165008
03928973932
03822252107
03794896190
03805818092
03791952919
03799901485
03818283010
03806091188
03775413111
03739576960
03790941000
03766483170
03735852920
03787113185
03689552060
03786306958
03690447976
03751069798
03618280041
03763034765
03739799080
03741018090
03576984011
03721054083
03721761510
03647121207
03709121442
03622298057
03674147912
03661491563
03655060955
03659888125
03651706400
03594995038
03601791005
03640296095
03562736959
03590965061
03593386313
03551017182
03601779056
03541237007
03557447081
03487770008
03565783729
03572166608
03576520457
03575704058
03567774050
03564101020
03554624195
03550147937
03467883079
03535039592
03534188543
03525671121
03485686220
03479725198
03424894532
03486071130
03429743192
03466005027
03400332070
03433191107
03409377930
03274075060
03397148081
03419676107
03407412959
03408022003
03344891057
03339376000
03394860155
03253270092
03320011057
03325031005
03367872512
03355538183
03296900276
03343149179
03302235003
03336780950
03337720080
03281924069
03299048686
03280499135
03293474039
03302139705
03311374029
03286043052
03286111074
03203606011
03247768963
03222502501
03220211623
03186924065
03249269522
03234814007
03117575103
03138700551
03202260936
03201407925
03171009200
03171938057
03146887223
03028510383
03151002900
03125095611
03108113925
03054930270
03095763263
03104867003
03029771040
03102993141
03055913124
03029472051
02999076002
02991409037
02860818570
96656816991
02535799022
44709006806
08062049744
05139397765
05352933210
14322832601
06821709920
09196546905
06705524456
08025148980
87550172315
13323944771
46193112863
14857362775
08159954905
08879837907
92527140572
07887372950
43842553811
17788861758
13119946702
07427736125
42543790802
60335563309
39157259860
30674060873
07460987905
91054460906
82043760734
04513793228
12087158959
11170175830
30302916857
79283047915
49302773884
10011192666
39670720885
52155536100
91121264115
09381853908
09517493746
15485892841
36189005896
40543485803
13784804730
06208739900
62016172304
14094133739
86609343268
22659624810
14418575839
38291956804
09035934911
08777207890
06271236944
22326186842
09974129419
47659310801
42465701843
32332221816
84476141234
10678020965
13923319606
83376984204
85990051034
09050835635
32944974823
88426092691
71094654116
12971818918
43683248890
07833906964
44812789869
05922878581
86429119564
46794582830
06561181999
04726075020
13733264843
10804612803
37690005870
33420420870
42425720855
35323467886
23319947818
29774219805
09977128995
10007051964
92210570620
08850414889
09778901716
13323348656
04378073048
35699235841
10752467921
39248473806
06191877196
09058237966
04933264562
12804337600
13212136707
48764628876
39277575867
09143787916
16952757724
07959203938
07523056970
08455946997
10269854630
84747820159
39076179832
09029221909
45591497802
13694261869
49262493835
93490321200
37604542832
24653135843
22475988894
11828179981
08228978499
36244067878
32943330809
89776445004
43785487800
17225219618
49463229817
35432089858
82173257668
64266443234
61099917328
15326701685
16064568810
25524602837
48044676880
15154803809
90277520010
07640834902
12659633479
26116654860
49332815801
15365890809
09274500629
06699347128
08541885178
35098843880
46956831805
05257890062
08622985989
37597336896
05651706941
06274937501
70432136657
96287950587
12979818712
69056102087
37686036871
74497901149
12598108957
08698859100
70504538110
36103591880
07647096907
05382983674
32964702802
08877741996
46849816810
97575259015
05179414229
08841502916
05229183101
92548652068
07789379925
46523532860
35528990149
42917957859
05957561827
41959283898
13076420984
70212528114
07271452400
07343277146
32883586896
67410413204
05061089022
41036278832
26440146890
10824775759
19940727844
47318828851
05137395056
46979756850
84822619087
04529000508
05214846932
07453764521
12507464771
69782547115
08990249988
15165782875
37908461808
04639419775
34362992863
05962955374
35442885835
85823041535
94805199920
14905068703
09011004477
37282167800
39899515809
70340911611
11538901943
60185124089
37800365840
15201842712
44839173826
05756890998
09293941945
26243788806
46536729897
39623713894
06129124856
43178346856
48385182934
04831300012
29313565811
91314801368
72704640149
37874258886
17419385700
12030160776
09414288180
06765480323
52469629896
80859909034
45359863803
41230094253
13739625775
14432739886
06448816909
12112171755
25618556863
07183027961
23194467883
37758533833
07602268148
08738110970
82583862200
07067257948
60561075310
12863472623
09588479754
70438494113
10308324633
28627324867
06103102162
05564998596
06365397925
36083994888
34511996881
07958947917
04877924167
07358837347
15435518741
09784827433
37430438822
46878374847
12053102403
19836540784
45327100812
26675875884
08444476684
10219630976
42713589835
89300947915
83571817249
07761967156
45767129851
40568655826
86469771530
36419997828
12807777961
26592352876
12707374733
42326011805
12094598926
71298325412
04445745901
07920465958
09095324940
67619851291
14809342913
28908551808
06894506990
10268893918
21801496897
29661437890
09896985995
34055007884
11463992947
05684237983
04726530917
13522001800
12602449628
41133003800
42249612889
49013485820
07092382904
05190455130
15141685705
14617233610
07885562905
04681970107
04727442167
11582314900
09887633623
30429222866
08253546920
10871571960
66104211372
49034426831
08211842963
70301326100
42670498825
85892487555
33023572810
08048701952
04492648909
49407723810
05383016198
21465890866
09746191918
50884964191
62299683399
09263642940
07148468566
14190245828
39437002835
10675091942
98709763015
05264603189
07339029958
70754863220
13382981602
39309757850
35252719802
26285005826
37896871890
94072086053
15618179881
47332689987
79027555753
06341651945
93137281091
08193019903
08484010937
27310824881
08107435400
10127850848
46656939864
16209461816
48979500823
19907004898
93195389134
12697978755
28481215805
07331988999
43928942824
04594076947
08444014982
14950514717
31876967838
65368690010
18268826770
08997670956
07591488643
11449391788
22576268854
37124916895
07171763986
32147035874
21806849836
12892147948
48938815153
61772596345
69558710482
05792696128
33300274877
04449325931
13932753895
31036871843
32953306897
40026161850
36953189886
93727550104
29039292892
43421294852
44429262802
45467451847
11834032911
10030834988
12344884424
31494629836
40639184839
38269323829
43967912833
06771654630
04541647184
52989325840
04648195981
36723740831
27025353809
11894608909
55119638953
11514136740
71011682486
43118333855
10518450929
98164902004
10285678981
12278649655
04315932213
17777415808
12422391621
04787768107
05852999946
29346226811
71550003453
40657152889
08395665903
10510793657
11890716901
07766841916
04937629654
04828567186
06493816882
16348884805
06083354870
45801349820
12990530681
13512207723
70096063238
06156639152
34923731869
10302218718
10429994907
13631863454
34614916830
82458383220
70558573258
09900803906
10574877401
41207849839
38517091876
06823081538
08385264973
08081672940
05211451392
11929395906
11199952990
36941795859
11877329401
10995256756
46133391898
08929214983
10355399695
10509088996
14482155608
04373781958
17680413770
36240675830
12544869682
11502654938
10212424700
85432857049
05805130920
30586154850
08232110961
04887569602
08152546879
05378541000
41290211841
06512521994
04373825912
96339756034
96154950268
60460861328
12070546403
28188801810
09037803644
23134637880
08393547547
79277756268
30401135349
37835168898
07258568905
45548577867
12118908725
06241779982
11238574904
11811898963
05078391029
11384966935
22029440876
32031697897
42017195880
05158668302
92512860191
09405634950
32429705869
06765594922
41211702880
47805493880
03040926659
02966124725
02996981146
03034086008
02851469983
03020641098
02977089101
02988327122
02879124930
02916728252
02576843107
02933108747
02783500116
02460625170
02440994995
01779322011
02621097006
02478469618
02474438246
02462344071
02431647340
01770345302
01760844101
01781354294
02421905109
01614922071
01731120133
01771932988
02277540420
01940978033
01720444056
01731876092
01668578409
01756335095
01726001202
01722187565
01619923742
01643985701
01610615085
01588789900
01631219588
01621943585
01632269546
01625601093
01606655906
01579950035
01579012116
01569771685
01548057002
01424276241
01454997907
01577831110
01519987790
01523518685
01544544510
01541844033
01493881280
01500714186
01488957355
01473480132
01372422048
01469412098
01373621702
01461128064
01456278614
01300273089
01440176280
01450762611
01411060776
01237883580
01446682200
01407319388
01324469447
01400369380
01379699029
01274549000
01291747931
01356281990
01248576390
01333446900
01283836904
01340790785
01334225265
01315438909
01336948108
01229995927
01315221918
01284005950
01284546012
01256175935
01228744980
01225577519
01240458045
01243397942
01225770947
01212999967
01222917351
00340695935
00422470201
01215749970
00010063048
00542487950
01163098221
01215772955
00421830140
01205592261
01196866600
01191011909
00550840010
00349862940
00218593104
00980410290
00676035728
00540941948
00409544124
00283882247
00398763062
00074433075
00290245010
00151320055
00020965109
94695636115
06898200976
22419974808
42364433843
91582121915
06478305902
79431488272
84582391087
06864468950
36768914812
12651275654
40785060898
09982904914
18003436800
48751487802
11967667977
41748619861
84627794053
63158400197
05115903423
70157870243
21877401889
42712798899
13218953723
22572487837
41213653053
04790392406
87489015120
84556650330
70058220135
04360392222
08413952921
15179434777
67984428972
07074386324
51183765053
05518189990
05815663190
14248470950
86614061704
13150697689
05540422902
11785938940
11999487990
04804777105
06183579394
44731283850
30117579840
94916357353
07825740920
06252231525
04450948939
80384749020
10207087865
06661863404
36498159820
09378247989
10468175903
37392586831
10467509921
44897135842
18911891827
06972221951
10070662703
11330677943
31947137875
09066998784
07938386901
36711987888
04778948106
06582223330
68565976220
48899856893
36805693861
66418437349
99807459087
28743956840
22294290860
26589610819
05331310907
07910008937
12459237901
07277456467
41809884888
99308630015
06491267261
21544627823
05898407464
86393146249
14160767605
07298369911
12352433975
04999197421
87176475768
05720986936
48699382863
09833658733
21688898808
05322244182
13638656764
05330038901
75888238287
05457922669
08590754944
04932907613
50295460814
61628832134
12623420904
04615092709
07305207900
10052851958
21833447840
04847975499
70082997292
31319865810
65511638900
69864535668
11969761474
12725821754
07580148641
86489270560
12693250943
38699020864
11334186944
77231198287
07631785945
34040198816
04877301860
49551772806
23422792805
04984686901
45949316851
09323517941
06674843610
09517082797
61016504306
45757771020
53445570000
98834509072
13590749881
15942655774
15934094785
70296439177
76525252687
09462399409
70080102220
47862397800
70773000216
40153080850
11199793663
46553127859
16680692709
07101143970
07965965658
13752541709
28816713810
09971455870
35485044859
33023558825
04658856913
38977135869
10181192640
26719349805
76546624915
40953193802
09353765420
04589792524
29974149894
09020952692
74871412253
18356638852
25839531847
34563095893
67566928287
38449830826
06161736950
06760470176
12077752904
11890197793
29074341870
11063791790
56917023353
06200695113
54980755534
86705172649
07008851960
10928902978
08888532978
43804559808
04461016641
05594912800
83533125068
05136676108
14237670635
07546406986
24661914821
06959365902
23390834869
08616642994
40260906808
05024478185
17004092712
50959507825
05485353967
09541094490
09775564921
26115871832
11409997960
46478592820
22093924897
65849060197
04812562961
05010972107
73029467015
06604222209
10542271958
07816119461
91804850900
10129135976
29040379858
11322174903
44812419859
07372084903
08275038901
07115381313
10782645976
04878228385
05112231963
15251301707
82150010097
08750049704
09402843400
05153482529
75697394420
32570189839
05518292902
06775216505
82845026900
45604329886
07863904765
04444704098
10707668956
51262897807
10551297905
21927447810
04528873990
64250202291
04556913985
04415828930
39853803844
61424170206
36511719812
09176873960
15372706805
39606222870
45949250818
75322730320
12967560413
80461921200
11163511706
13318701602
99977397287
07771465765
05236836182
11042476748
27873136809
39834114877
37231384897
15079771747
61215659342
57163707134
24127927801
38875814821
09257666409
45347297824
09621662940
79036112400
15301868705
29418274809
14897774900
36170280808
07453147166
11229317600
37673800802
92541461100
05321068909
38045032847
15478277851
07042386167
09037964907
12790740437
06877504232
15575467708
08352052900
10874175704
39160762802
08998745925
04805531495
45395925805
22353044867
05789578926
08176678902
04814534230
32655959353
12361757940
05120781144
42258429838
05072538095
43037293888
10850177960
37915279831
14694491709
45527129857
05410534263
06071881382
04289791069
04190207993
04065197902
03809534048
03643635095
03358787095
03220254780
03103538154
02907630024
02917856033
02983882357
02897013338
02964521140
02886012033
02943932930
02870206909
02914588313
02812166576
02878851510
02876297167
02848890088
02858294240
02852605104
02856705227
02773254040
02794192019
02750796008
02771228998
02746058138
02807007090
02817856279
02769841106
02756743046
02676891286
02767233923
02718534095
02764757980
02738883079
02739620004
02714297048
02753482020
02715408854
02643829786
02744790109
02693894239
02715505973
02673167129
02684311242
02707736147
02622760205
02678992381
02684289050
02630388743
02658574908
02646138210
02658226292
02570914088
02543381007
02615431560
02621342094
02621856012
02567935223
02601022531
02569486230
02524284123
02552909000
02522962574
02490708040
02530144095
02482050057
02489012061
02463413190
02513608305
02470449979
02386385027
02444117000
02326462106
02408211220
02419169093
02403654965
02425476725
02395627984
02375943155
02361267926
02383456020
02340708206
02347110942
02368483993
02331178062
02353206093
02348380005
02248072180
02272144047
02180488076
02341297005
02331198764
02344397000
02340498040
02292601010
02328047459
02203178108
02178323006
02217888161
02255811081
02239107081
02254714341
02181521085
02238251901
02130276156
02154547583
02185613006
02153487021
02163975967
02130469035
02123131180
02095036530
02129576273
02038727546
02096342007
02008141098
01999627075
01957790962
01985637014
02028795344
02005834688
01942531630
02028494140
02011998905
02009523903
01971369667
02020606089
01898920052
01992335605
01980632103
01927245095
01964551110
01953562680
01884749518
01858836131
01946999512
01932828605
01916622089
01866501593
01914862643
01891039067
01887104186
01810478960
01802456007
01865911607
01912386003
01857353048
01825621586
01866936646
01894864905
01834825652
01731975236
01823372007
01804268186
01832707032
01796861006
01671392078
01700482173
42702426808
13241876896
39450962863
11192272757
40741771888
22436730881
96177772234
09837409762
53352011850
90870522515
70564681105
36997938850
09327241673
11920693661
21922042803
11015978606
07462039931
36664745860
05153153622
05962642910
40536198829
73304964053
81714491587
48998162865
53504015802
38512654830
41673987885
31784056820
08196835744
70708492142
73187925200
05343877133
04657406183
05284618777
04400778932
43964880841
19541586880
39128719816
52790668850
94876126968
10532274776
05096335950
10235072931
04741436195
50226444449
98294601772
11368989993
10158788737
50243401833
99853493187
09671648932
39173906808
13013528613
09554303998
09574759423
05843781909
16010732832
19156631804
85374660500
83330186020
12392672660
05972561956
09337439638
07772043716
12378075812
44921125880
07219985932
12726747701
32363865847
31860917801
05068138940
08066034539
04467586121
40227822854
05062736366
07268500980
08164755478
08837195923
10624574717
47590919802
04428810105
45278335882
08436693906
07825965680
08801679980
08270867926
26096644864
46325098846
15097729790
08470660616
61310140782
07614978706
09136875961
12264676442
13817430647
15561876708
43037985844
49982874861
13144100757
41491102802
34507301858
28127189863
12078232602
41680218824
80994342004
11414730462
37479298854
04593271002
05748898330
07467874995
91665655534
08809728904
37869162841
04831300870
07405560610
23893388877
80875734049
12217682717
36621548893
31447913850
07546321646
26676847884
11235887910
10375431900
33990961861
05655024411
92945333015
05396047046
12086132603
75128055949
09883888988
66298253220
08820265699
96585960025
10138169942
07203240177
28114488883
35518790104
40235038865
54885752000
09668056906
10406954933
60722965303
39114785854
16876018792
38122167870
09524064979
87525097020
06170332930
84108720210
38465765812
04673775023
13118575670
06815888967
09227506969
68744820259
10202775720
14528628694
71864393220
08154415682
11431126608
45252853894
10409960942
70218686188
05851954981
88094553987
08468903990
06033874110
75895250220
08387465941
17900792848
27661341824
93987072253
34209518840
46591372873
40999471813
04674873088
07443993943
04669973100
06866199948
34405953821
44438599857
66795613372
70359012132
09051537743
92127819187
86246129501
27929956881
06684822305
07621631430
07510987954
10459969714
10244637709
80928153053
14318536661
06806151132
37302969817
05979486909
70826785255
91512255904
12615696955
05974117786
13707732770
04595131178
52684706808
78726034204
10515258962
30818576863
07887118654
08622192644
14898232809
77074971553
10850338727
39927943857
74230450125
04479654925
41558397841
07742413655
40466379862
08013988945
04313174966
16003251816
34051424820
04803856028
05605906526
05976658180
43630985890
09000602718
66767547034
05910209558
34900649848
42164338987
07372362130
04928950151
07751032928
07832240954
67665799515
78890330015
09814601942
44778106873
10512137625
43465341805
15809259790
10176891722
07741013505
09716020937
48679711896
07885413667
33449792806
10186752997
75302381168
04665968551
70158364244
07667570647
51256361852
54395216234
06364841732
46083322871
06728713514
37205478847
43249011800
36800548820
38225657845
22506067817
07797436959
12295339901
61833522338
06084651194
06735594916
33594513840
10464567688
30159781876
97443220049
60294606335
11197872469
35659457886
22161434802
85690520578
33717584863
37333348091
70933212402
09760379635
06557448609
10783899939
61219312053
34315963801
14538138614
17936948775
12412021767
70275829456
46704953809
43522934822
18532418813
31291431810
08422254980
05594624414
45287253800
10445263946
07496914258
38753675886
77128630910
48869333604
05726621140
08423153142
70526607173
85201804004
77978404234
18881907798
11613741910
46274542876
11459373731
15233638436
18519866859
09420776956
08744851502
37609129828
09350296640
44222934860
37201591835
40474365859
34453898886
14037654644
17413553708
43579317890
08405636471
37877717865
10821093983
05746791970
81788118200
10068361955
33296672818
33518235842
93499043149
12908880601
43384031873
04381861507
83736646020
06014276106
05210192903
12223154913
06101722805
46534662892
97449920000
61421827328
84717386604
36837232894
80971750530
52473860866
04357840139
97281697520
08163796960
05062821126
22492567800
05830328186
07333702928
61664199373
17968125790
12562918703
09945984918
70469720107
11128165775
08308425780
43658919876
08055790876
10116003820
43576776885
28865344806
90719387949
12520722878
12819725767
38154068893
13307237837
37047874852
41190840278
63172380300
26857631808
06867067492
47103020817
06283960901
08626950900
12043463993
30134759869
14072473448
69284857600
96391065934
05058792982
06123676903
10983825440
61458929191
35630573896
11680418726
07881103302
07839981399
08829256609
13087217654
70356704670
37951862851
43686308827
09123808969
24936553204
09087003773
15040131747
08791461928
68857713091
07292229930
40201428822
09238668680
61145408591
84941375220
94644004200
31532537816
11174905727
80029095930
06767342190
07763748508
46263342889
10424378825
37908417817
09703813526
16563266479
08122434983
06903612548
14814441746
38938941876
06155680922
46289910817
04598063947
39793661895
13053135779
22500662802
13560079616
07175550979
27643917817
26241478885
48791335825
43682779884
34518095839
43513112823
08974161982
98935640263
60515497304
87856131004
06294934729
35307984871
11685717900
31213560896
11431935980
08920801754
11580188605
39057638851
10460638980
38827549404
05496818508
32847969837
18360690812
09948649907
34839543844
42702418880
10684656973
11239553447
05784493310
84008970053
04385309000
05418527959
73963534249
06950085443
82546738291
15177834883
08658350711
11565073754
45241246835
71220867470
07900024930
44427954871
48292964886
71112328106
61799251357
07413434954
64420914220
39253985895
06745897938
04383926983
31014767806
10778671666
09938244718
14536753613
34262297810
77767098672
94742170172
70314679421
08738135612
08652717982
05894855128
35689233862
54532976898
60430222904
50863673015
40236643835
09309396970
60719080355
33977892819
05943053905
24862972861
05522165189
84242493991
43964588865
34336390860
07172977998
43221769091
17332852705
33458789847
12953132945
04567708288
40003031802
45381127200
53709122899
45710761850
13261378751
12239183608
05500074407
04989847105
07854505306
07536807937
52480387828
21340351889
09160457902
05452003770
13117595813
06393326336
05620965155
12739171706
07522981948
73138118291
11237879990
04388744123
05710027901
08810927974
45831731804
22630379850
25102401882
04938524503
05707295569
05138704907
46828910818
35776669863
13803716608
26704052828
11061527433
16634211701
44790451801
07662205835
70880395249
10076218937
42109277831
12875206850
36959932866
10692016937
10966732901
05401150024
55553095387
10596967977
45823320809
67116000968
08147096720
27287131897
05910359959
40399188860
10867010975
70989737349
05415093141
05691793942
22470547814
05025908906
17069540850
53336253870
48323732850
07855123903
36785562805
12598773705
14514846740
05759678973
61313778397
34811983882
40724989803
87706032000
41982516810
04554706184
06006350904
71460273176
04935310090
12044003422
35554116833
14553956764
08240266916
84956364091
09505055951
09851491918
36777251863
12053824964
40084392851
04775037056
07263871424
83548327249
05627352752
12517220913
16147659790
58822968204
36641376800
05522068906
33031073860
22367817847
30188756809
25103662892
74070410082
34607098809
33900865876
40146675886
91828740004
06424096418
37214410877
36228425803
44690256829
04434594010
04733790902
92429904187
13224676922
09320834989
40333868072
19622037780
10815461909
09734166611
06531340967
09891537978
09333502955
07510482917
52211401953
25901240820
12504889666
50320693880
30853240892
41935442813
08114671980
34037343827
36023701000
89186990349
76229050706
21759245801
84945745072
25806626857
12642602966
11763471950
42469212898
34575079880
05902106370
07022717990
11847981763
15622467713
14656505714
38114161892
70134245288
26587792839
74524348468
06137990974
39742120862
37457142886
43064067842
70141968206
88075290925
07410142111
14885805708
12155338961
42077642831
34845249871
05241548998
29955298863
32824244852
04988807533
30274847884
89274164220
65074629349
32481704843
10760915806
47995183801
12411962495
05441345160
81790384168
61103904370
76632741649
07491256910
08740087948
04662813905
37346052889
11070445703
10262337983
51621006840
70001904183
11978725906
43256092888
06476808150
49078607572
11807691713
08415817975
44941115899
06748495156
48605635819
06138528778
11554856965
05022268620
70912338164
81665075015
05323620986
16490723760
47301572816
12559882906
09459966756
53139318812
94281807004
64347931387
53265130215
44719568840
07474942909
42343314810
26441428814
61385832053
23799849807
06393153130
36925167890
33452855848
10816782911
04861451230
36462368845
91034752049
09982969960
07614421973
08448328981
08892413848
16096981771
48139315885
34934216804
70458152471
09338581918
51027477895
35533861858
81120753287
40288864816
39351711889
40863639844
05695768900
10168189984
19072491840
07417828981
31039489800
04464136150
76831434215
45460006856
06762332951
06433376606
83029150259
46830189268
08626835990
98203045391
87646269034
22951592884
44087587878
99902656153
14834330800
69584087800
19616853708
16353710828
07206388957
08818114913
22679142802
80403840953
07137054188
98897969968
97392731572
08447860981
05361385670
97764850659
07296696966
49292939874
80357202449
11951376480
15376909654
15533582878
10567384640
05280085952
12516802757
10403272572
13307645870
57288735885
09402130950
11480411680
05550119501
10234356910
11209570955
70381563146
31624769845
70356906116
34416502800
37307536811
06910456904
07450764911
04798582174
49735497549
45210044823
06949846479
09087973705
17481513635
70329355163
06964989528
86672215620
38968134472
13525121652
06842806399
04615323107
04877864407
31496137876
06177161103
12165124697
04296114042
08623571444
30413647862
53014245801
42704808821
28591579801
98984632104
08396266816
11244066702
10556107900
39839189808
06631111960
80133775984
23037488875
51772037869
35174257885
74883836053
05360804106
10621114430
05380535771
35743901813
06001311579
12942425806
09542690983
09507570713
77399749272
09420832708
08407889750
05713693910
84602589049
61271481383
31359207805
09087415451
04966377625
48200272800
38814579334
06361550990
27604162835
34680977353
31462950833
07689375901
33236322810
32622665822
23872070843
06293257405
06794453231
65844874404
08359165963
32745306898
34867144819
06382667935
44697591801
05637675104
04838668902
07348063373
12987802684
11997169606
47110649822
55849393153
11408292971
06687821105
51541643852
08246437984
96420090130
98357875572
11494671425
50480643806
06957620522
29361044168
70780603265
29739000851
46805048893
10338074945
69411670253
17530584731
96502215904
44611056449
04521029019
04514117145
19512351773
14352406694
06374451988
91092353100
05308190402
98082655100
08565681718
04875514948
91160553068
33447441860
12768376663
83123857700
50390725897
07128051503
49090898883
78332613272
88270971200
05948374998
87706687600
39854176878
04347430116
15015128703
05979568980
40204966841
06515038925
50958521875
34203348854
47082692854
04585762639
05546952946
15473928862
92461751315
07040851512
74682300300
63488302920
29737681878
82387354249
30373342829
31105627829
06211541643
25387788837
70095881638
04980691099
07411881120
25157428820
12948949602
05982826960
08430119639
38799939800
21658470877
83834400149
04630228152
49863072826
06183488402
08963353729
29022123804
26309787888
35507073805
38617699809
04638229352
08118529460
10489867995
08307028655
10330859951
08340029304
09853800985
10888088671
10323095984
27949519800
49742425809
43108038818
10607092440
06527773170
12575637694
05903796907
60559363303
07863488443
70145986195
05412290957
86012487134
39270888894
99878925315
92291740172
39182288860
06281142900
32972368843
14546185669
41939905249
05139432340
10510279937
11716619670
36358221833
07187797460
08474375665
52505840806
09827017993
46551661858
28980134800
38107969804
44733003900
21599809869
13806368929
12665859904
35840892807
58882219968
41408428814
47864857809
82691223272
29168625871
87211769149
09347366692
04844668102
06090571890
49537218880
14930643716
31949050823
08762616919
05300658944
52427232890
11605002402
11747879967
05327753760
50325395896
12833256914
12233139992
36760683862
42269478860
04356912527
07402766977
93562888015
37526905855
06101856240
29780934120
12725120705
12160828637
35694382870
09587839935
12724859863
47610587818
45157564864
08174200967
12379998809
06699781162
10231290942
10942975855
38998578875
05464409246
36378349878
04334594093
87548097468
34386666850
06950419406
43063240877
25642333844
05804285750
42918151823
47169676893
85905070253
28953803845
35292440663
09298553960
20664419100
10584689608
15993046864
38271078810
47109796850
83459359153
07342001961
05363482789
22112748890
46071726859
49461950845
12655621646
05399334143
81234600153
09061903637
37355261878
09255549952
09595034630
11064734855
32336385821
08902058417
43255661803
15534993600
05128990370
34226473841
23289142841
41793248818
97682233168
08420344982
06843064175
11609804708
89051726953
27552615877
07912687998
43195028840
05097522680
33525538820
16872621796
41295841894
22520857897
12872465910
27492743890
36673363819
58308458491
05553654173
07096773916
09203992901
04627588933
06834933964
04515301101
48964567854
40178578843
15782779730
12099987858
05397455962
11051178630
23253446816
06462557389
12170048901
09548214911
28798992813
13318375705
10135602998
74827081204
06033838904
09139837998
57833788015
12961355940
50788943812
10948188952
12646524706
13696884740
06687243403
80062981900
31349516813
47170987813
11446892956
07743057461
25885351864
11092836950
33509441168
57851514134
37036488808
09196830964
06074605980
11097518426
80010974989
53447698810
96121785691
08146514456
53452246841
11409481727
11693928736
88961877020
06517543139
05866638606
05077225907
33573823858
21874647844
52489907859
31861124864
10431287945
91285453700
12130343961
62224051344
13936454701
07640519462
06475966959
09860365954
40791086801
04394337976
29438726870
88164250910
31520298889
15206204897
42490343807
46271934838
04491407924
05240266700
12031431846
12846579733
05469451127
66540674368
14498741773
13804493750
50412382865
46598229820
19339454782
14595513704
10164396950
47698813800
49488874805
81417675500
62361245310
66544017000
14203581702
06631774993
39529777809
28052497809
19852161830
11068021870
39955413808
39933304801
05465447974
43510717880
42343071810
30200312812
05384773260
44194133870
26830668808
05858671608
07790802623
38965265886
32210718848
62109070323
43028381087
07104881492
10747875600
82192588020
13074675632
07591040189
21262011809
12148236962
12369967803
15454298719
13860635689
07246635335
14991610850
60500806314
32150683890
38040502802
84317566320
07751282363
06962650957
47302689890
47580340879
34366696878
38297104885
05125149250
51368601898
33925591800
05045430084
12005636894
16451136719
10961258977
07448301926
86654136004
09140496902
08438118461
22900069807
27832574836
15517465730
06529075127
14711280758
04966558174
04962470930
63212009306
61465391398
70047520116
06543214694
48211989832
09974227933
55718990182
45538755860
11049828976
12259200605
06890118901
06703103607
11553156420
10832553980
43939977861
40354812890
49019989863
48218138315
36097300808
75899205253
10009798900
40135420059
30454919875
10721107680
05653523186
68282516520
44442086869
04397263523
75956659904
13471235710
60772441472
91454042087
07604205992
61461644968
14225694704
51543210813
07451157725
09878994902
38308937870
43991332876
17555814757
12781847402
93829450249
41553916867
07730333945
10750626836
09514359658
30054350832
85463531072
09376099435
17926260703
40151814848
06325812980
09521493976
11830881752
07939632906
25692838869
70222401915
07826278465
60228074096
06933197980
07714826479
36368093854
33280657415
17178856750
15117819632
08398744995
05780511250
21287036899
70987228471
10817007938
09685890900
10698827988
35292735892
07579539993
13259701907
70342719254
04416781733
08279915923
05535518921
10274467798
09340168445
06890109155
08401057469
47324236120
06813789643
28069950862
31247002870
10990914461
13421819998
07603049989
06986662670
99780631291
04791725956
06759729811
93423233591
05667102773
08327901338
98841467134
08098003906
39568528857
56167580510
37266482836
34354337878
64841251391
35755475806
46066854844
27092636884
10261939904
40272169897
10874867932
44650111803
43045388884
10149811403
99946181991
16033605659
10547387776
43273086840
44191247840
05624674910
75266695153
12049511795
10498876977
29108946817
06703894981
40106329847
08747926902
09724961656
04436003680
39623111819
11579025960
08451393985
27735598866
38897150870
26999590818
43981904818
11815827920
12578688702
07358611535
14671693747
83446036504
07598546614
05504764904
09509484970
95264566100
27573058837
40566739852
80733816053
13431230970
28730394856
05112787309
04641969906
08349637951
50230887821
86208420059
74139460920
21282673823
07065137465
06127545617
33821863811
29918509813
13035073406
08461285514
07194917971
06717092912
10281206996
05177534138
10476789931
88281647434
96012587015
49393164835
05506337906
08064497302
06989930985
45453758805
89325800497
42173465813
15156071783
06228638190
11744379874
14333563682
07657060670
39875260843
16395858696
40486056821
23009087861
07241808690
07651335635
05374891189
86380427015
10450514978
48998578883
32262498865
98750054791
05158288909
06092886286
27981515890
07203289508
30566228831
24307433882
01137465123
01159870020
01182754961
01171215096
01119209498
01182230547
01180137183
01181788145
01032506032
00990719910
01139064983
01119793157
01085739155
01047229919
01030622116
01051074096
01051233909
01019575131
01033341223
00943733022
00972384308
01020311185
00975474170
00987381008
01017169071
00996102990
00966298004
00893096008
00871636085
00942317378
00933072090
00888386338
00895912597
00876233078
00898866073
00893585033
00826257003
00904111296
00887344984
00883235013
00852222084
00833540777
00761284079
00875519938
00836404521
00864734255
00852335016
00828575045
00820811238
00799501166
00818698276
00751160903
00708096905
00758835035
00742532801
00725379065
00782923011
00738598500
00740530607
00748746080
00722521030
00718344944
00686038940
00692248706
00689499523
00693351500
00662112121
00623312050
00596352077
00602859077
00580095312
00606080058
00640173039
00635975009
00589070924
00550877282
00472981030
00549791299
00561180156
00547704917
00543763277
00546535097
00567741923
00556954009
00555165302
00542651009
00528721739
00520893395
00466923120
00465183395
00530005794
00498795616
00454918950
00491673914
00457786124
00406320160
00446034100
00429386940
00425270076
00369192257
00421433221
00360499139
00335626521
00406196052
00403066158
00319897567
00345747275
00336643152
00256435090
00234529199
00226566188
00316357332
00255922205
00186331100
00301197075
00246151021
00236115022
00225385341
00155545035
00136923305
00201201178
00201905221
00172879108
00144845016
00142480185
00152319174
00111266394
00083673296
00072739240
00129831280
00077494733
00125774648
00029745683
00069004021
00053771370
00068405316
00007717911
84459689634
42753343888
06313712579
27848128806
34658445808
07376832955
71357113196
70209251204
38271856880
06440018523
10560587902
12437440658
35144930816
32654261816
98178300125
12886082767
71755136072
50323388850
28068407839
15415804609
47464412869
06372615932
32002540845
17227875709
04551968935
33166414835
05322813225
07846646680
49866336867
90343832372
16069649761
99019710125
10431663947
05622102103
09821441998
11466612908
70077152140
15760970720
46456411823
09927630964
49368212848
10284808733
29341311810
37972664803
35737367851
48445360876
09897418857
46908967808
03402833000
08214169950
49745867187
06106228892
24959323809
27175500890
39625225811
11797793713
06079283441
41561862886
99274710097
32896397892
44372576854
78497183568
22981397842
46673262800
04531901975
08037766918
74051563200
74455109234
46761185890
34254460880
44956947828
41921250801
16323314894
03510650913
05833818982
10161681603
12573265625
03555910302
03558414012
39588328810
04336195978
44373261806
03514778965
03555009060
03569282090
03528226196
03550445016
03516519185
03521398544
03542981940
03528496223
03524501427
03525277652
03507843536
03474217097
03501061005
03482365571
03494664595
03456043937
03497322300
03450195638
03496883545
03408226008
03474910493
03472012536
03462836129
03466692008
03455266193
03447658738
03446499970
03412669148
03436232262
03424032905
03439762939
03438771047
03377883673
03420895607
03365532005
03410360050
03373545293
03366540907
03390777350
03394019663
03386871062
03342831081
03376411026
03330207078
03331098051
03326529120
03353764011
03358142396
03356894935
03259116060
03299455052
03344099000
03349242430
03339368090
03335505360
03313366503
03303871973
03302459963
03286362077
02980031984
03277087352
03269830904
03267893917
03228136620
02979158003
40632093854
53374283810
17623555669
73428256204
07352922997
38643309800
34284598813
40941829855
07755799719
10691566470
68045263253
46409945833
28831009850
36771701840
48967377843
41437627811
04916430123
64650243068
12392034702
40600438856
11017984913
97023973915
95689583200
37611601865
51462842291
60326520333
32602046876
40745113800
11058199900
63545306100
71992502153
64630978453
11038170940
10366108964
04614200230
45703193869
15064414676
07090115984
10725052740
11112687629
14730217667
06914754748
08219536489
25459346827
70403377110
12364556813
32467240835
08343987705
88848043100
06040242906
06674170607
10114693919
05231348600
22520172878
07743244490
12832593895
41205728899
47733954860
30355985845
04970735603
04586583916
86097857004
12130240992
92493475100
57376395091
09211441641
04496848902
70683297210
56860870087
07352674993
08160522800
10652514910
35219314807
07370294986
06686676560
05682847989
53257843828
06715003688
08870960340
11713251930
27931216814
35971005898
11402036736
07540193905
55705855249
70068575629
87638398149
17815535720
04332117174
11176894927
04511014809
05578200141
90324560591
12351706919
05728889107
82648255249
38619678809
13654481779
10471449997
86005954520
05388095908
06922512944
65452003991
56644574491
05194596529
98838369534
13521320600
26484062803
09180440908
13274091863
94201269272
45853229818
30737707801
11433672782
98469282620
51766773850
28452551878
23269175884
36383310836
08640476900
31840946857
15583703822
10664184626
22051631832
95708340134
67982247253
41569027811
31893269833
06437921986
30775588822
09441811718
04649220971
08944049971
13048781986
15503209630
47638008847
34757777892
50692500197
10342404717
06202711752
11855091860
73124214072
42281498808
10324668988
09554269951
11307999646
11781778906
08287517575
06905176966
90180372149
19560221809
05273785936
83727515287
08012488418
13438205700
11303629909
10581629930
41592890881
07872217406
48956790809
07757709733
61236304314
04563386405
17005427700
11635877962
43677960860
81581025491
70637042140
10217021964
09816621967
13305699701
08218894942
70090768205
52253750816
08056772162
27091319869
03238616951
03238572482
03242014944
03121961136
03236857064
03153432066
03129571493
03193539236
03225049298
03148379063
03159547019
03140353545
03166655174
03099952133
03029278247
03084380198
03113805147
03088387189
03045607071
03110271567
03050724048
02962882099
02954135140
03013829052
02978568127
03011279721
02997838711
03012153241
02975690070
02969618338
02973802067
02960147103
02940448760
02965782079
02959997131
02975772041
02908896931
02943125016
02925008313
02843312019
02912905907
02903370036
02902326009
02900662044
02876334038
02836161990
02891087054
02771347148
02836257911
02866698975
02854085426
02825698989
00158665058
02824893559
02806424909
02832195563
02765170240
02819509037
02783943298
02816370402
02807705960
02789567000
02802448277
02664378007
02717300139
05011935370
10783928971
73255181020
09065432906
06689561194
09979957930
68127391972
96400730087
11154883922
31429563877
04948240931
04777151689
22377127860
50921002904
05756835970
06008479505
07631088985
51978199287
18701053701
28321763804
49042861894
34407385820
35580359845
06146453102
93407084900
05629954040
38770137838
10527457922
40934172889
07617465440
09805057712
12197093797
80435289934
73113247268
33775945822
51736705253
46798363857
17603262755
04417821917
05218512974
05881297121
43277137830
04758025193
10454673671
08893548984
25489678836
30971841802
43655774842
70451387171
83802053915
84800020182
70124681220
11509221921
11263274927
09763499739
08315694685
66791901934
53409236813
30367908883
07976002643
13443022898
85913448987
33153069824
09431059436
27973153837
72881313191
10749326760
39733968846
88492753153
14709794898
33699365859
31780428812
39158531866
12292497700
11575447975
85107646034
34750958824
40306307820
39295116810
22013045808
70953155072
46777231846
71990747000
06807064969
83017399168
08729682940
39354696830
36468804817
09042762799
06817444136
21786664852
13748174810
18959684708
07552659980
12051073805
41712679864
10078810973
11668444984
45570079882
07241027957
38461413806
37498201801
89638492104
05524359100
37933830838
10836311957
85796069187
09593813411
11579465773
14108722892
34457964832
10988471990
10830506993
85814210168
86072287573
11027227660
06345894745
29183869875
12758828626
06940907947
33424914851
13208739605
25956882867
54208902833
12370741937
08431369604
30234211881
12661348913
05073160029
06602853988
85618365200
48739050874
08008057637
46643656168
06721043858
05411966779
13263120735
43764313897
48614757832
29223949807
80874177049
30362014833
50543683885
70878536604
26156470832
40150220847
79765467168
92287840168
05713540170
08263730970
25703637821
47823889854
48540640805
05403875336
09935897664
58831126415
08545388446
70627329152
08032443983
61499544120
09869969984
09104034902
09531137951
11012797961
28045119870
09069596911
60670943398
08782439923
05246795926
08223445646
45848331847
41803103841
40848178807
09113098969
10996459995
59061413400
52534624814
12297349610
80711294100
13237515485
06602629670
13412564648
07795579990
11500472913
09699128623
05454437174
12101189801
05126284592
57682097515
44683160803
69023026420
08187476923
21945787813
72363452968
71841326968
08119362950
39054333898
04686563674
29825694858
10882986643
89975740197
28963966836
10327503912
14069910662
70069222673
06083535581
11606308602
06252452106
63159635015
90606469249
32998732020
65678370200
11313133990
22937948812
31160193800
70731730259
16531517735
07534935431
48104119826
18704053826
14935893770
65625935904
10377248959
62956167049
65573102168
29783639838
15733514744
14279319413
06301705416
08477539723
05197928409
44836679800
95211829972
31000007812
97987794287
63674386534
06418888995
52279335883
39291336874
24855991813
27643150826
04933703906
50997444860
90124731953
25307434871
37998666803
08658786684
32189785804
39210228863
09564267943
06788159920
79179550959
38433347810
46308371831
10263435423
48020649859
74906801404
35535080861
08081604944
05132739130
11491881895
10273761935
06085605536
05813801936
12273326882
12258932670
33197762827
30289589886
28623903803
13026337919
06592071338
10684424681
13368379429
07886819900
05545572589
15336693766
21791567827
30295366885
85089575053
82170665072
25467109820
42372246860
60098908022
04824039347
90326504672
33350848885
07261200905
11254833773
06368248106
36139771846
29686830200
13120269603
48787059819
93037872187
06494874517
32193043892
29617180820
30886885884
39638017864
90878400982
98937502291
76113981053
04600918916
93280521904
08733133999
09629396920
04657649086
97535125204
10840248709
41311315870
88229440468
11549464795
34114667822
05729938977
83965688049
06968097370
08311561630
16113674762
89011139372
60580536335
06206902676
29362066858
89954530959
09327648943
22572642824
28507055869
16421887783
84520019591
07366484962
33324186889
22667805810
05410936906
07277700988
34556413850
22341450822
91020638087
15038067662
10009196765
22537975880
90622855204
45056937835
40445346833
44501014806
05137182907
47871450883
13099976750
09906814918
10945789750
10152141936
49930483861
39828037807
22424497885
13135141608
49775155878
04549772719
14332009614
11883989620
06504727309
56627475049
31900499800
09658169406
09260754976
36146440817
37567563860
49173738832
39725222822
89171020934
29631240827
09182191751
48902936805
11555819621
70605710600
51811561268
07069050836
05445576973
48545313802
49405756087
45683172829
96518561653
08244584602
11866786407
70599887184
12782379925
07811387956
42925098835
70786455292
08750609602
41566481848
87783134300
32757801821
07068286666
05781851992
15878931770
41573877832
92693164249
13826389816
05567660910
05172693173
06281774965
38887252831
45733387807
08603429995
04797366346
12875755790
48421926829
29698713867
21251367836
14860221702
27483138874
44273862883
90972236015
72987340168
09142332974
85986747534
22151509800
10429510985
56352079873
07233069581
08814995443
06238945133
35776526833
12756885860
04707027377
33088434802
05228314270
11514554909
07672681303
06817603382
75724472287
17203297705
37262701835
04733943326
83679626053
91036127087
38432818828
05493046652
92428355953
70814303250
09065613617
05053624909
14922065717
10190857463
22978334827
04567388003
07456091986
18422677873
51703769287
06562542626
13110421992
25137911852
05925383117
71462600972
10215609956
39768566817
11700822624
19321981721
48638528434
09851288101
07867412875
61084873303
49961246870
07126135955
29366772897
81994907991
35577263808
43141299803
37070429878
05767139962
08535891510
08259367726
51958486884
40966328809
86966162000
15505366724
42796452808
06406994566
88510212600
94423865068
53195421860
95013601134
13845745908
08984742996
29313004895
12622107633
08462072492
17225225774
34307464850
10488281903
79821464149
04721816537
46552085893
70682035238
49282226875
87190206604
39838663875
94474435672
04329984466
46793008846
09233777944
13165591652
09241125730
26460299854
83034196091
17021699794
37171833895
11641759984
70295003260
35587116883
53166627847
09448741936
27516123854
10111886430
72399368215
25826847832
06168618503
09550770605
06476679910
11847516920
11049959990
43666234801
17248752568
09538331435
75428016949
71350851400
56136048191
45009209861
32789770840
94868360272
08532151973
44912718874
40985377615
17202925745
11855466422
44847173520
45277195807
04483441140
05684990932
13447695781
05217308214
22946104826
14801425739
12215117699
06590973113
39050283870
43533452816
39691690896
36120305823
05972848309
10911037985
46784292634
13410207708
13723865640
06343878556
04763029940
07642523726
10771523700
36773920809
28447409600
07772334362
11394171935
44803202885
40649456890
05443657984
11285917740
41333907842
09627846996
39420506843
09852388959
11223933938
06226432152
30903229862
29338574806
04252630967
34721208863
07383161300
48518419816
09270017648
04195017548
04238013921
04217296940
04274143937
04273668106
03996865414
04286687120
04209592978
04264962994
04275956060
04227276608
04237742474
04101621675
04260179357
04240815983
04217133995
04136359292
04215034914
04196247911
04199927077
04125523100
04205893175
04123669085
04179442922
04103519037
04177823147
04164187913
04134744962
03809678988
04028312094
04131790955
04134282900
04110325935
04106665131
03986433937
04074775000
03860340018
03925980431
03864878047
03971499058
03837607399
03834494135
03857955996
03761022093
03854037392
03835116150
03771475082
03754759159
03757792050
03701543127
03832479937
03826504097
03790505366
03790928917
03808308095
03753498718
03713303940
03789083089
03717455001
03764135905
03747228976
03747265073
03704669342
03726064079
03683093714
03701815143
03684808792
03700343094
03681859078
03703900164
03658943114
03683054220
03601565412
03668469903
03657301909
03655813309
03620491062
03650962020
03600814362
03616205433
03644558108
03630669263
03592930184
03604429196
03597378978
03604325145
06135787160
37138168837
09268246600
16901781750
08134106900
12297261608
81947275020
11528413946
06404547988
06241376357
22467160807
08420559911
04700194928
05930392706
77301382987
04396040016
12533006904
07536434995
19743442740
05647730930
10166473952
33812053829
11554976782
46365590881
09110800581
32269921801
71326172140
10480069999
39872510857
39279641824
10515994740
40435461818
11843131480
08202691907
19617502879
05377775635
49756365811
06719202600
08322232128
78818419668
04298874001
15202961855
05062690005
49352985885
32441777866
04924222577
74295764604
11651526737
05928625340
70047840293
07412069519
35609644828
50333182847
42099698856
21517195888
13107301990
08465764735
06505569928
04827560986
07197992958
06405284905
35894851831
04521279040
35753116841
04712446943
21363320823
43380760110
80804659400
48504755827
04585853359
37727341894
39608551846
77732243315
50056653824
06321463116
49636147825
08346499698
15863037750
17431129718
10671154478
21420588842
26245935865
39949793823
42353125883
16023073859
11655985906
06442355942
07804703708
41297609808
06404667100
08850886977
09902912940
23453286812
05250753132
05882827159
06878095506
05860212801
27899323878
47908036864
43144474860
50097097837
04406629157
68327633520
09263115907
70757724221
04435881128
62432252322
82499250097
07931925955
12406154858
42054925888
11923556797
15985124711
15595459760
13810544710
05817136058
13691410928
10505400421
17566298895
05801049150
05437634200
36427624504
46806049800
46452416804
07486409917
13099193720
05150520942
09801635444
31535610875
05692616351
09123124679
05762313123
05648589433
11204865647
97189863400
40558828825
63642778968
09481946932
96095857287
79627773115
11286050901
08261433935
46946580850
31137084863
91883164087
04689676054
36629787846
62362384306
08694875900
51119827876
16774791751
18677261818
42413530886
47066956869
08543594197
07625527948
49710191896
16396446790
49417025813
39043139831
52014887810
15670496809
25623574858
47998456833
45097449860
08223252414
73341347100
46052671823
48632986848
05566102964
07585294905
08234653903
36994506860
26325709802
05523250902
17181716760
80096306912
06268946383
91730279015
68735618949
07007565743
11129477959
08932989729
66165733387
09529935625
06213652701
11113058706
05641901440
07110843270
38985116851
05109881057
15812822735
11105079767
80322603234
05851088702
05958109774
05869814707
05479604171
32779207809
05205438584
11083373927
35756971831
05845515505
61969658320
60109157087
15149034746
10177378948
08507055419
94197598491
29485478810
86164264502
29182026220
05106196906
33253688836
70723525110
13935777841
38872743850
06984632935
07363367965
22858858810
10910083452
07684494643
25380679870
32398696839
06352629407
10241023866
11281079456
71364404915
36873902845
09785826910
28769539863
07040588633
32503998844
22404682890
09922232960
45404036800
06453700964
22586456890
13709750741
27708935806
42619657806
10715643746
08789724984
11865821462
99414694234
24989680839
78972000272
37404703808
10956470912
11983934674
61201610311
17390517778
45710016810
38034953857
06248946493
44266152833
11072909960
10993659969
12934558908
33899987802
05299370938
17093385800
06698843245
11276861435
34692089806
07429232159
34723132856
11308468903
11826521909
06445008917
05239099936
46087306811
98517120604
07264050947
09842018741
37044114857
07968419182
11078270945
55616460877
06986947321
11904322859
07425077930
13891817665
12318320616
09119114729
12055109901
71118942787
09631045943
09876411900
05897158100
37548461836
09601283870
79105122368
09004172777
11351958976
09076438684
12012705960
06305412308
05269538024
91457602253
06516180458
15431998609
70256460167
11534514686
23026038857
37653304850
90921410115
08244939150
70325078165
54235251015
08312076395
45057341880
99052679053
08187695560
08047492993
98737961004
11065934998
07120833162
12902545673
87516241091
35344192860
31683306805
07885706923
36260740808
46128494854
10053547900
07064695936
13642350488
05049670373
61884774091
46407877822
06070528999
06199351118
49802451886
05387986965
87882868604
85294012049
10769349862
05754497130
11074654609
05197755032
10254248918
09869226922
05898173960
08400376943
26497861831
19216381841
09591593473
77770595053
98986929015
08696566432
05295532607
08196693770
07483624957
61448869072
06156352538
05735328930
04906822355
17820273860
05708501774
12943625930
06782414902
81900678187
47735398875
14536016783
04488821677
85453536187
12171673907
94822956504
51992377804
09720518995
89719956100
07591513931
51748981803
08817185647
11022212958
10345767985
78625114253
11578442869
38409055830
05286569536
11348508671
57998574020
54326010100
82314292391
36604198855
75799804368
12086174780
10620272996
39358394803
07465623812
04881429116
36129545800
22089702842
39688378860
52692847822
37544907880
83700315287
70440294266
24054470297
06011698409
31807658368
05742686692
24297448807
85181242049
09206229923
49628101897
92731104015
37890668856
11401493777
85521701249
04460535114
25868634888
04252168961
04145176529
04072218677
03804625673
03806648603
03750989095
03707449009
03602151069
03648166000
03625067951
03553704179
03560885612
03581421216
03535629985
03473214965
03504279508
03482182302
03322363074
03331556700
03322380084
03310087182
03243306000
03190482179
02971735966
02924474264
02966245352
02938474601
02921135019
02929772042
02841844200
02844922805
02865227723
02862633607
02751994016
02684000913
02750491088
02711495078
02732059196
02717742077
02716846073
02713883580
02705115986
02685015990
02663079570
02656259983
02594512583
02669288707
02623928878
02598804937
02643521226
02644440190
02634709030
02601827106
02636717129
02608620108
02601437405
02600695230
02580828010
02578466700
02546334042
02563769051
02552066909
02537381050
02551682096
02487024089
02539074030
02548502511
02547000121
02542198020
02549104161
02528008260
02529724067
02497729816
02533086070
02530528071
02500512908
02423879008
02500146022
02414018950
02488231088
02494011930
02410639143
02486387269
02457292913
02484012039
02416355007
02363057945
02446832121
02440017230
02438848936
02452279978
02421271185
02407666950
02402795905
02369445092
02379616108
02396079107
02387774990
02386198421
02370863951
02365386083
02348719037
02283427240
02287095047
02341303340
02344822739
02307633910
02342466935
02294986202
02338457552
02316648690
02295641519
02266603116
02308011610
02318746001
02251048065
02279943611
02258799058
02284321976
02265668036
02217059106
02266898248
02280704064
02219020231
02206393026
02252793120
02261924070
02261726600
02223611150
02260110037
02175759199
02223586023
02170905162
02137705125
02216099031
02209947731
02169735976
02182199624
02203402008
02194111310
02174860457
02180978162
02101933799
02163386112
02144892130
02174075954
02165913098
02165432073
02168504016
02097452078
02156410003
02145719040
02152539141
02148253026
02092125605
02094310086
02142251943
02132878030
02132503303
02120251045
02123938041
02110109017
02120861030
02106667574
02044036347
02101711036
01960271105
02031886169
02090863005
02082076008
02079457055
02070924947
02061741100
02071416228
02065917130
02012244610
02033369501
02022461320
01996387995
00228235065
00005036143
01486309011
01983063185
01467081485
01942628129
01934648027
01716754364
01821995252
01789071380
01563243180
01506075045
01437460224
01441749950
09793929693
11132255996
26892868827
16458521723
05342054532
70916145182
16546815800
05316822935
80516572504
14321164796
06491503410
50382720881
08878646601
09258224930
99063271034
12179439784
10735553645
46820146841
30325830800
68522410097
34575661864
11651028460
34659379884
09584037919
37213107801
86123432320
61591555396
82370010959
04542415694
07899419964
41600243860
04970210560
09042452927
09543105782
08065280951
43492873880
10205312900
30052302873
10383669928
22282106172
32439787850
26728183809
36253716859
98161130230
08336565973
08838375950
63022737491
12045401871
05627679670
31001258860
44519118859
09512051613
43028099810
34899493827
07178895993
05344137303
12037284411
41276274840
14511561702
08174500928
12860991611
08079998655
16653172724
04624382609
71040045138
07912793917
05480087100
08368855977
06152134560
52855910072
09673793425
15325018892
05364893197
54483000578
45871645852
15420358808
06173944316
06164977924
90405641915
13467117635
49856492874
60173077030
34907698801
10396913741
63634325020
27035678808
18912143816
08314435961
97780200604
14940768708
99244101068
28080303800
26303681816
49977878846
56200056072
11007253932
32062361858
42447927835
15255671606
30592020363
61401951104
10976762773
08330962903
10951020870
94843392987
07068966969
04857627060
30256406855
61920203370
13655636695
47765715879
47364260803
60063624060
24835172850
42750494893
32354341865
12917242736
08144421612
35828968890
08793795963
11054259917
06345339911
05228818154
44386834591
30092611877
06748868955
39076795800
84484535220
60450592987
09956767980
54229760884
16777810765
11818916711
65858727972
09913567998
05420549654
14462181719
11626568839
05728933963
09359520985
88613232191
04391600579
04866864931
41171883803
26756227882
40152754890
06774275907
09417099906
08981080984
49694046823
29872180873
05714603729
23397136091
51733281851
82511357291
98221078115
50844360805
05997117952
49798913817
98852159991
17508984706
93963815000
91277981604
10901494682
34920689870
28064730805
21971097829
04542553906
46822908862
97694711191
10805884939
10183261704
68913591987
11639927719
84479507604
13217382854
38872301831
27549274843
09520637435
05557239251
12098196946
05317157366
92919464000
58684166191
06347956942
05448029183
35712124874
81105819949
08640826730
73577464020
07516972738
04942874386
04546033125
51532546823
05809974139
06905233943
48046251860
47424679813
08714893924
46412546804
04972280840
35265093877
14458848607
05217165944
05923016990
16550032830
04361818355
08359012970
49319944822
27814151899
22949117848
78898749287
30739350889
26295921892
88750000772
34888022801
68902883000
44180730197
06868723636
40439537800
27167751847
07478938965
16382120740
37442122892
09004601996
97625248291
39374660881
40824923804
06125055612
61568902972
07377928921
13398077773
16663846744
28396882800
24742527895
33526304882
33359923855
14259774727
04929728932
04602171940
09638481943
09243953974
88128652168
29071389871
28774475886
10022987681
73384232372
88748448168
83137670730
43447370831
09015139709
04813795250
48576708876
10036716910
30632775840
37240485803
09229903957
43402375826
97939781200
05451152721
09263286620
09159567996
94781559034
37991836800
32310082805
09487537902
47613070808
69182698104
05908646610
13369798441
08339698974
13633128980
68325533900
42499240504
09892191943
04992564178
05711344919
40449227804
16826310368
14832490699
35514243818
16208685630
08947445932
41541481844
50268855862
12530108706
37078221842
37115369801
96170883391
92617603768
04819183532
40790705869
74290177204
39972940896
28876631860
37085705884
28029223862
40987519840
69028257934
49294340848
18271895842
15945889881
14546472722
32849888826
17814047714
95729402520
04414488109
10059034920
08158899927
04774649120
26818387896
10711032459
06373318427
28948972863
05319665423
35109236852
12140666402
31315611813
06434374364
55421989291
09739995608
16864234894
06396255502
11274215730
51868400840
44310232833
28493309818
44332010817
90146182200
06566004971
05390678907
84036559168
89806883268
13903899607
12867602831
10023331992
21876663871
15016551758
49590582850
43081072883
49448881800
06868638957
10157129918
04389505009
62278479415
08459930629
05008041924
40601601807
35754758812
08966950930
97653470149
47710088848
09476579404
09479417979
10467703906
11665345705
04769623909
98020188053
04623397939
09674232958
27527417234
15600987757
09682358914
36433828809
16509071762
04760553932
07706122611
05567578407
42416405837
04394544092
05456181932
71640797653
22105043844
06661396105
98698923020
09781330996
60152631054
34865784802
10027186431
05463639116
37202752808
40927897857
09731443940
79445446100
41296475808
08302458473
06173762986
10629816425
87469294600
31406896837
50301962855
46848345814
28609508854
69338531104
44821843811
50714488828
05672978100
04379538079
05038810900
15997139778
10145792951
42955116840
51186708883
07606859914
13859450794
10495431907
08970654925
48548492821
96642750004
33816086810
07971690916
06549767911
44457085855
07579387956
05332033257
33934702805
85480967134
33052148800
38386924896
49172180803
08020408452
52844021034
30806174870
34831437859
05751933958
80025573950
05339572145
15350283863
12591040958
07773168628
48952682840
44353526804
12800294710
04936182605
50603034896
14824142792
88745309949
09635542631
44089733863
09728172982
10519631684
38118574873
17791957701
04522841981
15161933771
41832757846
44510654880
43712968825
05202020821
10502006757
49153679830
11736235907
96386240944
70780318226
11408662906
45957110850
10370111982
38887928860
65953193904
05027970102
11131099982
70823902200
58471634520
60109020022
78485223500
05196081941
14147620701
91953928072
35470629856
30148944434
12817803914
90150341920
30116954825
63032040230
48890825812
95469389987
98049143104
09693547977
37996435839
09945045946
13306757705
04455787348
32985917859
07729216604
07260477407
85456713004
35790599800
13724519788
36370820806
08560133909
07445070737
86074024120
93827083249
44217438877
46894884870
32201836892
98000098253
31964740894
96951249504
35018461691
96224622272
96720700049
13545336824
10192373927
10986558427
36072472850
75250977715
70524404151
65689461091
32448889848
10577574973
04323848048
14142420690
05922943901
41221220829
09567099669
42867836859
34913470841
39224283802
10219114960
05570366407
37619051813
45535300829
36871654852
08787954990
27515679832
29170611890
46952434828
53323130987
37987558842
32687078824
38447015831
09928071152
09103027589
32792175800
37789584880
43377644881
42530330832
04818715948
22301831841
26067039877
11841851906
44714182897
07262547976
35724850885
33895979805
57912920587
70333771699
32721297821
44566452883
15514965775
04511294402
06300207951
42146821817
08006450900
05750146529
31094359858
08158426352
06001066590
60322079357
04669925997
70730048276
11733851852
31494990890
38656267850
10743109694
07343227394
23453469810
84350016953
92807534015
25781002847
06445016936
05600976038
06733011506
70752483242
09912783727
06526844910
36529409890
41032220856
07006584752
11941767630
86170030577
06980265601
05240569193
45539828895
21425956858
35400680828
70373257678
07236022985
05481601982
23739112808
16500675770
06903322540
06133582952
65937317300
42731830808
85961035034
45615589850
09571898856
05004358982
07025533602
50417101805
45266399821
48637450873
06463891576
07366826782
83278923049
06528710465
44643731869
91766362915
29787182859
34310992897
33034006870
61561174319
06740258902
22140721870
91524490091
52665579820
13003821989
10535183747
07774064460
04981769164
47271875824
70881634387
09099022166
06137957179
04319884043
23028736888
04595037902
38979288840
06239266957
90572408153
12360824783
52625964871
34296147838
07706894932
17535172733
95380400744
60904577104
04824825407
08952551974
42137357968
30120972875
97122815072
45900923878
04766345711
10618771913
06952898450
43694208810
70561580480
04817897902
48122308880
30247030805
60542090350
70842763198
37208904812
09501137350
07365761938
71048685934
39195911863
50412037840
61020892358
10856612960
70547894155
11735426474
08153459929
43827486823
49054005890
26715497842
09480844990
19108600856
06570469908
42347247859
09620004850
05722765910
40845716875
04408310085
32713720125
98404105049
74994468168
11189912902
61474563341
61364427362
04418747540
70046678638
82970521334
08809557913
35603594810
07424103407
06242549921
94008655700
33590211857
10979185998
34989680847
42805050800
07443290942
82559317591
12952733813
06210170358
42512730875
04460887061
05266590416
49733181838
08103812900
06984356300
11409695603
38003548888
06156922903
93750030006
76332870982
07320174405
04443924914
04549407697
39751100828
09896032700
52248763204
92336132915
21408691841
06251384301
05940810926
38582294824
36434807848
79344682291
38762025821
30886754860
60837927382
11114325970
09751064732
70138735190
15138342746
26270367859
15002876870
10585209979
45202848803
30872305880
38373554890
39532691863
18338287717
70351801170
40740124803
10057251606
07661120631
26432557801
40461773813
33512076890
05643164310
05001766125
40050108816
15909686623
04409005308
15776266807
11624184782
16234520740
16504004706
31839310871
44092343825
49495249848
05808409721
30631484825
41519736487
32851230875
12495811760
05866329999
05415001123
17256579705
94357021987
11850501750
11512428612
76390012934
48273603830
40460353829
30621147893
39598464873
05431005960
10093813694
96335394049
61965249337
08655267961
24758570809
44008568875
11771374705
08347276927
10049708970
09657966477
60957986394
08009742473
19547247808
42666506800
08949658917
04494613193
05759549901
08450227178
49740706819
05741052983
43207990894
08193278593
79004830987
31645444805
09069071959
36618783879
06770909510
99473682115
31447077830
45622174805
17139782709
10437432602
22885763833
07594595920
07740810746
10598586903
11813686696
45348705829
38172323816
35035136809
07553974447
18737449788
95023330982
11791194796
04335647921
06079552876
72136308149
10336560974
45241823816
04521726917
76288625272
48377384272
97443689004
16235919700
41366005856
12572173646
34653141827
90671864572
70217310192
10805363963
16943632795
06384585529
45767745811
10413564630
36697766808
17371151828
74709836000
17633160764
35461632220
21568395817
10415914620
10309928435
09403492996
11116987910
11114594601
47566448803
41760923869
05694127307
05531293925
65576454987
11236482980
30010933824
07700790914
08277602995
70158683420
09675940905
34174738882
95584528234
86122127582
98841335068
05613943184
88417620710
36129042809
64236315068
22353337880
09154121957
36585971515
16605843886
09033608960
54762987034
15938215730
10197014984
49323922811
37466355862
90199740925
08965453429
21428958835
06102125401
14279350680
90884701034
05925542100
33564406832
12613060662
28539090856
05692363984
08938899977
05361075132
05516297974
11227496788
45746168734
36001144842
70669863424
05148249994
06850290185
11507671970
78871859200
49127648842
48793010869
96065168300
41178879801
05927475906
44967236898
72041293691
70844496049
47895064878
02025794509
02055977695
02047618169
02041633077
02040538623
02023064708
02000467059
02030679089
02007911680
02014019916
01996927507
01986801632
01979488045
01994602058
01992127913
01955514518
01949809102
01939293090
01977152147
01957039957
01957525975
01956547908
01889717932
01921970103
01921741694
01873323638
01854299204
01891315005
01919188061
01903413788
01902593707
01863927298
01904289967
01889539309
01853505269
01889497045
01839496177
01868484203
01869149033
01829325914
01827380608
01835798101
01841964182
01807957080
01831481006
01836184328
01820043096
01832998258
01766904092
01815872039
01804912026
01771986212
01794913262
01801060401
01783712465
01748578707
01779749902
01804927562
01759989908
01779156090
01782503250
01722130377
01746801123
01779119054
01772964026
01739772199
01756863008
01755856105
01732956065
01732300089
01669038688
01742483348
01651228469
01738981738
01731222130
01668372452
01730542344
01716761069
01684839556
01695465008
01673287000
01688602011
01631053914
01663491356
01662312075
01578285224
01639114602
01646535545
01570182027
01627499105
01631568329
01572107073
01618508040
01615837337
01600644147
01517060265
01584473282
01573707040
01561735736
01494022362
01507421931
01503452085
01505534046
01464684065
01448674514
01488703094
01467355011
01475065302
01495521141
01481072226
01488515689
01481594001
01475844000
01464240345
01419431900
01473014247
01469079143
01427228558
01456311921
01363615017
01440635145
01434862097
01403216592
01362974714
01177043181
01401932002
01367716020
01347231048
01356643574
01190114682
01373630108
01243696699
01350723010
00422507903
01002521920
01149923202
00567129012
00937435724
00690795289
00918926785
00621955906
00559076010
00675189900
00580250571
00318115158
00301359156
00537317945
00355478048
78403707991
45196791841
35486742835
11234923440
12366655703
17316609877
26109740861
39059627806
13447174706
16460051712
49119168004
08642008970
92035361915
13458818430
10036195928
28545242840
16213658750
47444368899
34691255893
08408668609
70237535165
09266187330
09757865710
70467897115
17523442862
09751916917
07189528474
15714661699
06240328170
07868673613
36128000860
15949966287
54317946807
10007048661
09594413956
07630918127
50537543813
34848504856
32034095855
45815734837
12257173880
40761879897
43269208820
10056302754
13757179951
17683683760
63332629352
06112441950
42206694859
11771007460
47517400835
33307466968
12342166710
34480258876
07495022906
06935072506
37850543866
66742692472
38333784844
43816846807
46117727801
06182219300
06052677902
28792693857
06447855609
49552837804
42368380876
61192965302
07211857110
70392444119
35501627825
07905909808
05925035933
40184148898
40255395353
75750325172
07416313422
10507265610
42531864830
27740437867
43315203822
39815928830
44118427850
44076627865
15855842665
33736412843
37082154860
07378810380
48799461846
39074300855
08098862356
09391377980
39551703812
94506019091
21552801810
09982919946
14102028609
10277603412
43769598806
77868030178
13496989629
05048855965
11621500683
07618721912
43174742803
28077703801
05512714007
26272702817
10776375946
83525564368
14291874685
06690822605
73535460344
30777973804
60607190906
04418940030
07294058695
10948184965
51920864857
48326140880
79309224991
10098401424
18088488885
07339717927
07039082519
43876280818
09043427942
05090311617
13284994726
69649022015
70304630136
14520167710
09663042923
42928001549
49863703087
11255622938
05341309090
10171311981
04565370581
37784187858
41793849811
05417160008
70486022102
85495301587
09776498906
67261264334
11554734770
34317928809
07706501981
20251162842
07550155925
90603850049
09981966657
75676176687
41171200854
16389194617
46741235850
70344476162
05363859980
40410329894
05776822882
28749182889
34463515823
53485320889
60067859003
15709349674
16178565763
10658266640
04686231167
11363962922
37908557821
12015728945
08100968543
75328470125
65174810363
34875053800
07577132462
07729754690
12513557905
07845757977
86949268491
06746914909
04720280064
12672922705
06748934508
05628543985
29914785867
42541090838
46300450821
12394172681
36990010835
99057735091
07330637645
39197130877
10447683985
12901307795
10906056845
06152787440
05100375930
07014637320
81092768068
35328084802
08656204742
16338281741
14078055842
08399813761
06002259252
06255614905
42401893814
06903678999
11622980654
85448192904
33130933883
35732227814
10507247981
34445824801
50059493801
47465111870
27596869068
85380040004
36452303864
61351993313
47147689801
05777404901
88025560082
27325706804
15403998349
44534655649
52153681200
27915374818
13277900681
27622510874
30431752800
11748101730
08238393540
10823802965
30096543833
31971864862
13846657735
16185428776
41434988805
05846877966
08390798778
33527598391
05284499158
33696537888
11422566854
09454627783
25204537880
04559635170
88105229315
05158018952
42282523890
41488615837
07283089756
07879080961
60501367500
39170015864
42112863827
70908666292
41170063802
38980530838
12126839435
09888298437
99420740587
79673945187
47254628881
43022069855
09787297818
44936165808
09652462640
06058840996
75625911991
12692283660
91097576000
48736690813
53334752291
07640856620
33655131836
41406535826
16433501702
05713887600
15524999796
76206238172
11997414937
11250109914
97092673020
46619199801
06338913632
64951871068
13125445973
34354486873
12713613612
32484946899
05530603920
09062853994
38681811991
45801048898
09986911940
46889007832
04751182943
71160825220
34320233832
12018596705
04696610977
19820468809
27313015895
38484163873
85931983503
14165441783
10640447945
70351681256
40940187000
88279073787
10334346983
10459012967
10428485480
14579213750
73534560949
41487654871
15836830703
06659784136
04579802144
21625903871
41259161870
91818826372
18591793714
30559261888
12023443725
13280985757
39539281806
06179292973
06996867924
44257642858
12624494480
18476283709
44063075087
22605440885
16530647732
13785398859
12203155671
37964649809
61453650725
10243295693
09882904483
05072135217
21640263810
10618609733
17633375884
14381196740
06259876246
04969334935
10054687969
05903140688
52819270867
39698147829
98790234391
36271780334
07478287417
29688637890
05814234105
17545503805
11665294604
15317236754
11308824700
30597495823
84593555000
39649275894
44619898015
07798348956
22230473867
34464553885
09750623959
08921014152
77294467668
17634451860
19600991758
11142905640
07383147731
08150637176
07874718950
34585819878
10510748945
29757771830
33936027803
42783211807
47861095843
40332582809
05012881559
39739270816
42506512829
61744099375
41889605824
28845438805
09709067907
04920923970
31091880824
11702218902
46228947850
07618332932
11961404729
70492205230
92259251404
09021581639
22262743835
27279719821
11234948940
04571724950
95868640063
75040433620
40780849825
17769929709
34356855817
39577324843
28232414855
48847314844
05291691778
38010458899
08040143454
04315378950
04922726110
11922936901
70291347100
16185504707
05424946712
11692415905
06784325206
48778606810
10195373960
75141868168
27421982884
46549634806
37079792886
35476274863
05569191909
80343104091
39362955814
16287334622
74310461204
14997697761
08021965940
88472094049
55971547968
07196605560
16710766721
09153697880
10743718445
04926896524
05363313243
82111065404
22450553819
40487588886
21439423890
05986533178
06188326966
41767261802
07317311669
42100722816
34454520836
05349725947
82717320563
14638838626
95968679549
07793033698
11026455405
09844113806
08461329902
39793999829
06206236919
70244712638
06176245931
83450874934
48786231871
21585739880
07307758792
36648708832
63390540644
95110763968
08809209630
98614550006
07211583908
09520964983
05460909074
43429088836
47764370827
44249117804
10814887945
54843257818
10463335694
44347626134
63227398168
07280995195
04650869501
58489010072
45662451877
32118950861
17673211807
05392585396
12259881793
42402917806
04312294224
05672564305
11114879959
50269366873
36357419818
05083936127
08591834917
44035424846
94007284687
07313007698
05292594431
31277783845
11648508812
70365256650
08183762956
70862696461
14281485660
84823011600
14772143726
05046497522
40320436802
37512076860
38506674808
05766170165
06824204170
04486654412
43678884873
50223965804
09848379495
51216663572
37647540874
71239099177
04765694194
45106764840
10676540970
32731068833
29385221850
05637738980
61004546378
99904918104
07757457904
08963896935
50498713873
11566594936
83227768534
08999403661
12157365923
08842808610
05566973914
76661490691
93260385649
60772450030
08193732901
48612244897
04418539948
59653078100
06570281348
05156915779
06682315643
46414668826
11682066932
15787716841
12174038927
10289387728
51975799860
42115451830
06726315392
04500817026
12663606979
11007012900
12071494709
23896511866
87542609068
41704250811
10243952945
39659736819
35951253802
70645341266
22660444862
07885632970
87187680910
57699097734
12304207626
44742270851
06284769903
52593260831
15528629764
38181521870
04372273169
05576214102
42227739991
17545648790
43919747895
08112357420
45363882817
22299968865
34974639811
36272525869
34056413819
19261925758
16438178845
33797457820
37318031864
61685268382
43600265873
26555960809
72406054691
13941035657
17621586710
16319971738
04652465327
31289897883
14135832610
37796211856
05380436870
71943668000
10651013844
28444253804
97606715068
04306682366
07514582959
05029488090
26406679806
32678589846
07587108955
46288270873
73676187091
42474548890
06673508370
57294569134
33146477866
09127115747
46089581860
07425790939
26494669875
21776969847
38856448866
48823308810
12783672766
47315154833
07858111337
04751559478
34594705855
38276411878
78257328200
62476483915
04561944605
40775264857
10418511977
47915125885
57286744100
11072271940
47145703823
06274613447
15238026773
11960537903
37314129851
86342530580
36053918857
36508416812
96935995272
09436645783
09680524957
46825906852
05388524701
95431942387
09280919962
07744264975
42865506487
08062912906
06205685698
04801329411
57988552600
10413854981
28446156865
11146806990
39713349890
37334859049
83247670963
14643015730
46625673862
49216376015
09705217408
11536129925
13407052650
20099875780
70971225443
29726886864
07108163918
73929514087
71281053368
10843412984
10019907907
33667684878
13943861848
36745231832
93557965600
15758405701
51898625859
97186090168
11999537920
04444871075
85882810744
33136373880
07913251999
76733092468
43340573816
04627937024
04360309180
75444755149
08536964707
10913996971
12205995901
05350833944
81264143672
32262358850
07855752943
06303949118
24662820898
45245477890
05248279313
60292920059
04849091008
37067618827
14592616740
64789403220
44363680091
08835329728
06804022688
62135414034
08905356982
05009158140
09976090609
06869504105
13347524438
08516671984
30387858814
50337745811
05679352990
81662580053
73678414249
07588288108
40591785862
08762277952
83351043287
06505403795
10647727900
05887074906
18406727810
61621847306
71208493108
04755533902
51632080206
05828144723
33597039871
71345356145
08719445962
38979978863
49667577899
13431835457
13230143736
07062065684
34255851859
13627045637
96497688072
14895229726
44650177820
21666718882
08104090976
61212470370
11643183494
06024697678
07530474383
45906341803
46552989873
41572045817
10925484679
13661366750
15271504611
68600119715
06588198876
37866107890
40788936867
13594284700
06502963382
52463831804
21312481803
30621022845
12364594901
31781585881
09764529950
12373353962
09863035424
04869679647
98962108020
09318278683
21612228801
11064133428
44124397801
40297948822
07586880166
05427246851
09617263858
09411866956
39498230854
74154125915
04951754983
08821743985
09934368625
52101029120
08353114909
53832736115
04587590070
04629372164
28834981804
33491220866
38249858883
07875433738
22381192808
46731870838
96557109200
05986697448
60519877381
44333163854
06313500121
07185984157
12955517992
49174798863
77956222249
21966642865
46746097803
12513904710
83280375134
07827478336
05893009975
08214268427
35018658304
11299806856
43955183890
07240773833
45088103816
08897289924
07152847894
10544296850
89510615900
05512101927
80322158249
32133351850
41161393862
29966155813
13688501624
73652032187
38342461823
76536432304
86379160310
11058372971
14896004779
09298951779
33400618829
49129209838
05199677985
36372256894
50087221829
08571256993
09785511928
47411392634
49699970120
06411655600
21999399870
35423700884
50391840851
77014952668
80015021980
05602089799
08757562393
11468630989
25174896888
06607307663
06941108177
99377870500
08277725990
91436290082
11164675770
06585327152
13909837735
11562547950
10342670433
10250272997
12685454659
62986279015
41337067814
10765933993
61581697309
98886274068
04293805184
04288881358
06266414708
41770223819
94764190320
04268140026
83205462300
08940921119
04294324023
04293455698
04258246166
04265290493
04247831003
04226167023
04240330033
04247596918
04227013194
04231893101
04245721332
04220045104
04160319513
04178205501
04136290152
04133716035
04133679911
04120261557
04056243360
04073617907
04107287998
04093936900
04061751018
04078758916
04081266042
04051426173
04054924646
03997678197
04010223901
04027591925
04016312140
04008124012
04018056974
03989772910
04008670106
04004835135
04003116151
03998199160
03950167110
03961154970
03983462081
03975572051
03908812364
03942398737
03920980751
03964246190
03941594206
03951399023
03952654523
03894256567
03946235921
03939918733
03935610033
03928769901
03931055981
03925735984
03915525030
03918026078
03905635950
03901088636
03868790101
03869981083
01327087790
01353753042
01348839503
01320299601
01285864271
01345101945
01265505063
01326889303
01308243138
01236531930
01309255008
01328193250
01300293276
01275602207
01283946173
01291069330
01282168240
01197377018
01211767205
01269386956
01257189000
01246190532
01234069601
01186564733
01221788906
01215659989
01190892979
01207266370
01209672278
01176152181
01173392963
01200979311
01097223027
01183437935
01147907285
01147133328
01121160433
01149530154
01138070076
01071313070
01097347770
01117180905
01012616916
01107060133
01096445069
01011923637
01075814006
01065461127
01047776057
01071015990
01037959108
01003868908
01039917194
01013352297
01045098566
01034933108
00988892065
01016294000
00990600009
01004022590
01003729371
00918061008
00999074296
00931380910
00956930093
00941802027
00929236157
00924529148
00894216120
00882290096
00916923932
00908286074
00876009003
00870171135
00916222985
00864008945
00784007160
00864225296
00771803133
00899713963
00880463970
00868242012
00834123010
00857656600
00781246032
00849948193
00824309936
00844618292
00840540000
00707018145
00763005010
00820167983
00737346167
00789576210
00771249365
00730449033
00766884961
00766853063
00760774544
00759417750
00710250061
00734036019
00744975298
00747712131
00735359741
00708873308
00687532507
00708302580
00691679070
00702965022
00634788973
00682767700
00696199050
00678364370
00639102174
00608842907
00661170039
00635607980
00624815684
00615298931
00613807170
00610761986
00545969042
00552823937
00578558971
00586320342
00586121064
00547279019
00490356141
00538753030
00578796309
00551149973
00490980988
00553245090
00556741943
00550920986
00497868903
00551191902
00489838022
00512034990
00470886056
00526832142
00526168277
00478764251
00513519947
00521197937
00502257318
00465707807
00453564089
00467012148
00428909000
00488392217
00448297019
00454993064
00449757080
00418460019
00459157094
00466083971
00396999190
00419542540
00445403373
00455887080
00423346083
00445324660
00410001295
00383901910
00405386990
00376068086
00372950558
00407673610
00393248933
00387067094
00377429066
00363929959
00375147330
00379290111
00380979900
00380174073
00345649184
00367330083
00367498936
00335856012
00329833014
00363913017
00361027338
00325871205
00334971098
00356356221
00349564094
00263767094
00292801769
00310995728
00248318080
00273371380
00292305001
00257037306
00285572636
00287419002
00261723723
00291788190
00245281029
00233135790
00273057758
00256874760
00226127265
00254887325
00243474261
00202663086
00234518154
00159275555
00149719175
00186254016
00172517109
00166550280
00193043157
00151088055
00144672243
00121469190
00151557063
00163626243
00158443071
00124795005
00147855284
00056728131
00086170236
00118722093
00026180014
00131507230
00138082065
00123127033
00090355245
00059572060
00086637347
00029404002
00036495395
00050129295
00042096561
00015859169
00015637182
00048651702
00003633241
00032706707
00027035050
01805616188
37445881816
45746639877
01648162673
01675739005
01829054031
17723710178
11971631906
05201822606
01826864008
01842438662
02225561028
44633160818
01840456140
01828470040
01853921050
01835621279
01801041520
01822854300
01803994037
01768967164
01663308098
01776615182
01798788756
01708579133
01787169529
01327028000
01765690900
01329697006
47475559866
01293900117
09567802610
33836832810
57771600930
94036616072
06474617144
70440780101
36599147895
12036937969
06880653413
11252307977
13023897778
42971540804
05839217956
10901945951
41732357803
86418440749
12210980984
06795830926
19553052851
98740091953
35580867832
35951003873
70365457205
09158519971
16123349708
07607718982
13227487721
04368885562
40251099806
04625221056
09161757900
06924996957
05163393979
03464765180
37696703889
16721629801
17192154725
10870711946
08531608139
03549821760
03425187201
02722837200
02004156201
02420216113
03434379533
03114936962
02245009886
02107089990
01881806057
02841896188
01950068790
01898800669
02100039016
01873891601
01878660667
01870692209
01881882900
01863310100
01880280213
01862231451
01876247207
01856565017
40280528825
51836827806
95337580078
14641376760
98932969191
34822896897
06274780777
45662656843
06152792959
16057005767
33351077807
12104128960
80871534053
04875319223
11836566964
06018223660
21720421889
39200728120
48924555120
08291162735
42011036844
15668319890
07365405392
04846555313
42289669857
07366610933
31900112817
08690566899
07107538969
09941443939
11822685958
82293104672
70115224416
62512830330
07412786938
64524507191
39583996220
16535795608
35939804870
05864762105
08037139913
42454349884
08836155332
72171855487
44832494015
05533147691
42246460808
32093138816
13847248936
63343746215
57964955500
35256227831
06059977804
16486024798
38404250855
28738733889
13427638740
10547069995
04797610948
27325218842
04939109135
22995085899
11996646850
14652590822
13711170633
11615564942
05923563533
09016344926
05107277519
49657721806
04550856505
47609483842
04415343090
38964884817
06823553995
42791212817
61629069302
08618611913
05080341246
22817954890
05831493164
81703996968
72488700215
14116750700
49226889864
70095334157
08946529903
06928881445
04647764907
91540364020
05662677999
44770534876
10246868686
11745321810
07490277973
11406761486
48393388848
07763224606
34793523838
50206542801
12561291782
12042955736
10522040900
12257531710
06823930969
28009919845
11282936921
84761105291
15412958893
44283634867
05963278112
15669903862
89486471568
08453442770
06255022056
05619736369
05765602940
22427608823
70086190229
97321923053
76843246915
08766680905
29496179053
36514872883
44578770850
14438616859
37313441819
30874028850
26616672883
05072296903
06501804531
34840280843
89468414949
15205161698
03819202919
05919814160
26054905805
03474590995
03454512107
03753313955
03790912085
03894579579
03426239310
03473766909
03355886033
03372522621
03432265107
03377426000
03209605017
03257806175
03102134106
03200916001
02701080177
03122836955
03225700347
02954226536
03100760212
03084640017
03086689102
02979757578
03074967919
02934533573
02997700019
03000316450
02882257082
02528480989
02973256208
02922998185
02803260174
02691865142
02781407933
02632509033
02372006940
02630759318
02301649008
02441494023
02427295094
02075037531
02076129359
02062072040
02107827141
02106456603
02078227781
02103579089
02105622003
02066399027
02042607606
02103487478
02042189006
02006212036
02045888630
02045949281
02053452048
02061992528
02060823633
01987269020
02029356123
01972292129
02034374975
02039984054
01990796338
01978165170
01973733056
01901571513
02003755390
01975499697
01986282694
01976531624
01971033677
01966465025
01957846003
01916139752
01943748748
01952876907
01950438988
01896404642
01917346166
01903603137
01883750660
01914967070
01891058100
01882506111
77790219049
08049322718
31177491877
15788129842
40576238848
07350594380
09380275900
45646181801
91864372915
11626027757
32852621843
06720249932
26534906848
07845675903
05140187396
10033376948
50539985821
04565838907
10483123994
44165654884
07111000471
37848466884
31675109869
45074303800
70503011169
07355047922
10498403645
12953494421
36924204805
41857091884
47196751825
40449620816
12209712947
05287192622
56221240344
43403993884
10387132937
28017123884
10309877938
12340835747
08010527424
22572022877
42177807883
06869121958
11314018833
04893519212
08809114841
15054649786
17409724811
04424781518
26399765838
43862612813
51658825861
31503234878
32607770831
10650756770
95917918287
48710908846
32079692836
13946084621
82001200668
34175674837
40197930344
07300761992
09980231912
42249381895
44485455807
61978485700
04546179090
07217489539
10376660708
50475392884
78628890297
99963965091
61602796378
27512415818
10397895950
64538842087
28630832878
37581048829
44352320811
15587062830
05683020603
06779963658
42480191249
14729823710
07362926839
66416370263
12528174950
06124715511
39475915869
33917901803
11100029982
09912669436
12321518901
46181831878
06574474124
39942611800
49983260824
10433385600
32049709811
95454055204
42942012153
05591543642
45492216821
82305153953
63802465091
70306589222
12044864681
12135687731
15266177730
05513058782
04975010402
06164766397
08960187682
13895144711
10459635778
10490718671
40910753806
12242567942
99037351034
26196878883
08890785993
05656479978
19912810805
09122385932
37977892898
11391531701
05129284445
12533543756
05040408129
17066768752
48916623871
51313248827
11063771927
04521398995
37246931848
38447898806
10665937954
07070625944
05616926701
60519164318
43015718843
19070088886
10122716760
05126015931
06683275530
08271797662
48729394848
26578556877
35534424842
09378314171
21334319855
75028476691
90516052420
46145780800
06298988637
05722386901
73255076900
11214878903
12543583823
04974631306
11556481705
84313455272
11066893802
12493199944
28678955880
05887451033
08004147992
08253910916
11528663977
26912828809
34488050840
92695914849
25362078895
37032430821
33267516803
04917255821
92452973572
42990751882
54087137848
83958177115
49123872829
33343252883
73353582215
13184625842
04906729908
12176450809
06452439227
26517862846
04778884027
05987843650
27860236885
27327299149
16195554847
10675750903
37100178827
05591008178
10954776410
65312210978
13773940424
83589619953
07502906509
07942705900
15538941701
70242705430
16013819726
38862165862
70232470251
47319619806
08116048961
10189121939
05725583686
45292573809
07794526906
07963586307
98350684615
30630364800
44937616870
64638146104
55708404604
66501261015
39740735827
04352597686
06232840658
22074037856
21326469886
04429881090
10499731603
26481260310
12553060688
05761768348
26994723879
06706226998
88220508191
11818434997
47206405835
36751450850
36892906869
37879555854
04657339133
47218916015
05162170704
48264705847
44208257822
37344911850
33568089823
16263386711
04439668186
47224444987
86768255053
11203766963
10384264999
05710646121
49760147890
04383408508
42787607870
11778353711
48539790858
05192186633
21924956845
93815743591
33383494837
11625548435
18438306802
05901724178
29600012814
12360734873
04466129959
07800273962
08358406703
48144002091
10359528902
09319445389
10742027910
83762310068
82161364120
07636227967
30577281895
13775066497
48099173805
48116312855
40379324822
79368867291
08097328747
28438360858
08137752994
05640305207
06365109300
37217253870
07388989102
11456813951
10812630912
60559222319
08133616131
09106026621
70670085499
96693134149
04979183310
30741419807
45979919805
41517235871
43759846866
14682347497
31765624894
46952220860
81804857904
82802726072
44411814854
36833454892
39356830819
04625466083
14544127718
07846774689
11143309499
15613545707
10466325908
67317820091
86343623531
15319022786
09645315930
17356662892
87749513434
08781922981
32491583801
07317290645
07946248989
96484381020
38633066866
06371678728
35599876870
04596518971
13699417735
45182239858
37695546801
72866977068
05147324909
73575054487
07260649470
04922116125
15712303272
05768186905
70319882250
70790880113
64602354068
15056269603
12212832605
91694639053
09125143964
62384791249
13196784916
05411339189
53904060015
36774150802
44707588840
80875343953
46109449873
42388622875
08750296981
34118296802
05540412354
86970240991
32072385806
33797089848
05556311927
44870598876
10733111980
04985731170
36671919879
13889194869
52233898087
06705781696
10437757730
14162559740
29852899805
34344363833
04737726125
84417420653
19673904871
06226732970
44739145855
06387046777
97355925504
06772573927
85529036015
09856657776
12773888650
41011730871
46776409803
11011311879
09677483994
11524212989
08684292952
30024399833
06460669600
35597658115
13167140631
12780025611
60545174309
11628991666
43811278894
13953145860
39696199805
11233058622
09165689976
11042691479
08062751112
43880877858
36847268859
06965646373
09176266648
04614940439
76231224287
29241565802
04919049919
11065263686
04676235623
71076018300
08180825930
07201474928
05801421912
24944258836
58895590520
12234565790
51358490848
11442631902
39008389843
43582145840
04878775009
94860882091
05237129951
10218361920
07377080930
14092915705
10191621803
84592915020
41993166807
84346027172
29162333852
31668324830
16529314490
70031009166
16319804831
47438838811
38001815846
26246434860
12592673776
57958696949
12277742732
04771580995
33006770846
10191309974
47720774809
07900595929
12801181641
11624577911
08394496741
09769265713
24155924803
61253982341
09394086943
95831223787
10826846602
24234025895
53213197823
03863810112
03791221035
03721797116
03953024124
03909086306
03868903828
03492006027
03728305286
03568014467
03490609670
03676852052
03516761474
03553514477
03543807706
03570997618
03498801902
03505617024
03558077938
03485603031
03500422179
03493042116
03495478159
03489994965
03480037577
03469880719
32169552812
64073998072
42495215831
05509359919
28740721841
04527417185
37892075860
44733419848
86925229968
39365888808
05358090185
27092696860
83343504653
70180055666
90520300220
16982993620
74448250920
84674105072
05163038486
10352729708
06193318950
31911869809
84755199972
06054785974
90467345953
05515825535
48423205835
49861565353
46545280325
80885012291
22464640808
09171000771
70370953460
04335245025
83612866249
71930345020
96775378653
07210776508
11483449939
07202257874
04571952902
53530179000
11117081931
33722183880
15263783450
48083296899
06472240973
41829138847
38513914894
35301404814
43816115861
21738853837
39214933820
05460378109
29866533832
47535338836
42766502831
31278875824
11609537750
09455765950
12768210773
05600647999
04619657980
04471981145
91265010234
13383896706
42242917897
41178423824
16643643740
37584914870
07575196951
06749472907
06179311510
30904814807
32662184850
46228700880
73481300549
13557034763
16141918832
08641465901
02841351009
02948537908
02847097945
02869249004
02919398997
02837529800
02846737142
02734332370
02732918903
02805221184
02838979108
02757313088
02785284062
02765107041
02731480017
02774233097
02760458903
02757439006
02735417735
02685682198
02737908035
02722756030
02727928025
02728342032
02675240729
02713303761
02665099160
02714716628
02697923683
02691755983
02667904702
02638406970
02644212138
02616471051
02637546930
02662289929
02644502217
02631209290
02607950031
02615022636
02629669300
02566848980
02625247088
02619736064
02584047101
02593704012
02605900371
02550567021
02547697483
02541472595
02533061913
02536168328
02527566227
02534375121
02529090114
02498544062
02528425104
02521012009
02532828960
02500444392
02493846559
02510763180
02494952360
02497763917
02455452042
02445616999
02405469979
02445925274
02420994248
02439665983
02382029250
02370086378
02379347018
02412469032
02355070164
02359827928
02357056916
02339752094
02281638979
02339653002
02269393082
02310292095
02298037922
02311551906
02297858400
02297856032
02280015951
02296416101
02294323440
02275531106
02259426077
02249180369
02227210907
02197220055
02261424000
02258378621
02226380108
02196862207
02238801081
02229255584
02178018203
02209129044
02159340596
02196218103
02186308673
02169549919
02168005281
02129756506
02124110047
02123235636
59618922472
13427232794
04788644690
06702782624
08319117941
88931170963
30773767843
04529475026
07184919122
77922433387
30552734861
10713284765
05386409956
10763582760
43426434806
48922253800
97328642068
09570843900
05700905710
07839648975
09754840954
12990848690
07882372331
70154406287
16095169747
44750396818
70720517087
27307600838
09249928327
35110417830
46840240835
10936943947
10553949900
27095272867
70037323431
07008022905
04870541483
36655645816
09002911920
14535821690
12445714826
07385496490
12869045794
34622017865
71232141291
39615115860
10073649988
83755578034
06858153900
45404592877
12219409708
70493005196
94112959087
08368712351
06376284388
60021062005
36434975805
45248858895
43013226803
34658223821
11514307901
27843832882
82743819200
49114297809
08197999988
92549837053
38216438893
47606269807
05470074005
45269469820
12925120407
35898385827
34883867838
06480939565
11353663906
37751319810
11827679824
50818749814
06882364990
08358426909
09501687937
36015396830
85496081068
50383128889
15282013703
69935360563
56342942900
09003052824
35927227864
22675936880
88419169749
10178246654
31966181884
35537336839
27487455823
30236349805
15678434764
09560062999
14504795701
12781260746
79138250900
09232098911
13859162659
17569161874
09076315418
41790808855
74125796904
11220912905
67637175049
05382837180
19155854818
33434470808
37609381837
09228728990
07642283903
18012527774
42750516889
13617114938
31338681877
04498465989
71093563109
18651016727
34050274892
30977757811
42201191832
06420549329
29230451819
10733011411
17234472770
08353614979
11093530731
50002116855
41719276846
60419899324
70035418150
08987124916
11625158998
10229239943
30985959819
06527198566
70090256140
64618056053
06141189997
18091138814
04888810133
34354846837
06538434967
05829629194
14477545819
25261187869
44516699877
10223209988
05777081550
04721312067
05388323986
06237138617
07842185956
29599730895
05488744681
43013799838
93854692153
38201667859
44156575837
09644286952
10560730470
06990871636
32864121808
19745105732
35668471861
05023263959
09238256900
85333220620
86632035191
05685292198
49521385855
10453705685
44040518837
05226243405
17367931873
06191968159
07781476905
04557884059
50022988858
08549783994
10205145400
49017122846
14458688731
15138030698
10538222948
21452405867
14397512779
04560600066
44424076814
83724605072
09597151936
70996895418
70349705135
40823470890
46417396843
39205895806
05529014151
71035350432
22534338889
08305987906
06019024083
92214398287
08831801546
07827042716
11488445702
09065921605
51602032068
38445823809
07814480779
36115888816
62179390106
11595623779
36634677832
13818105600
09114784939
06157438118
05420802902
46848411892
33014046850
50998188891
41955107831
08697780993
37888018831
09904410674
04691897976
04704362477
97746436900
38443882816
07265884906
97772968000
07878987327
08446207931
05592481721
05507841950
06610272956
48878076864
05447443903
32322514802
10390055948
04931783171
14624254961
43712682859
11721552910
61244023787
42507526823
14714275879
24270438851
09813718846
36196555880
22901589847
06580085363
09206683993
11692627830
99440725320
10077741420
31234595869
04301826351
88833674568
04500146229
43765069825
43990032860
04740536951
61004071329
11225138523
05739898935
45914087368
61368687334
09932200450
05258803996
21700098845
35179926823
10006089992
13861721899
56837739115
03925953205
03943652599
48583212821
03950356002
40080688802
03923217005
03938909960
04066467326
03908248280
03931885070
03897495678
03884146181
03902998989
03907046951
03896363042
03903447102
03902027037
03890859011
03895370983
03859246747
03834767980
03877505090
03857105933
03867516170
03849132102
03866191073
03843993980
03856381163
03859817914
03833086157
03825347435
03770289919
03839595940
03787203923
03821716401
03781422917
03816620558
03800956969
03759472052
03777368210
03763330739
03735731031
03756197042
03709695023
03693564388
03739664908
03767591944
03757747267
03726277900
03716127051
03692867158
03682426175
03717319094
03661905554
03646863161
03697645013
03713681970
03692694547
03687075044
03667350201
03637650932
03634330902
03589664002
03655713002
03634242370
03578281433
03613400790
03610851171
03572399203
03604362423
03560127190
03521817962
03565419911
03523430283
03560832250
03515760024
03543106236
03554613070
03552109919
03522958055
03528439262
03507879131
03510799631
03448102164
03465834038
03442443180
03419454120
03419752067
03439782026
03374235980
03404004981
03368817701
03389373152
03389527990
03333483114
03340115150
03354012013
03347027710
03353544160
03350654908
03314532660
03339225656
03351469969
03321892952
03350502474
03259207376
03294500939
03269573081
03268789048
03310525716
03296138129
03301810926
03268836143
03234601275
03262562025
03230739051
03247930140
03218594138
03225049700
03229460006
03164076827
03163362036
03213465135
03190726221
03206463190
03145895974
03188379005
03139447507
03149638984
03155042001
03123599930
03085700900
03100544277
03126461948
03107091219
03097850902
03100673247
03070612059
03043286006
03070531130
03077228726
03071527152
03068797942
03061496050
03027115030
03051164607
03075016985
03053317958
03030639045
03024834117
03045263046
03042078108
03042169170
03029624099
03009466196
03024447180
03008868290
03008590071
02977292098
02948986974
03000232001
02995811360
02979338176
02954543507
02969852950
02962186696
02938371985
02948938066
02951051190
02940705593
02895958270
02865770206
02913822070
02887723936
02907210246
02911188012
02884068775
02910248909
02873285117
02877282937
02847266640
02866504011
02854703960
02866817222
02858602166
22334523801
46805235812
10905914708
09228997974
10293180938
92484786204
04913831690
13012853740
10232216401
42400876860
05804358146
42563847826
27122614883
70823851290
12415055948
04955310141
06444191998
07659063170
04573320008
07414055981
67671659649
13465771702
30879224800
29804233860
05483465423
46487342890
07888122701
08439152507
06490021480
12262241481
06308922889
85174815187
06130379366
08623144961
37182516802
30111197830
62253445355
10998084646
12407113608
14865273611
80119416905
05948461963
10462076954
35886077812
22610268890
95558799587
37502733833
50876571844
09032892886
06792084298
09471276403
13474912607
52164553888
05603491906
12432945662
17130461802
37056575854
27957902898
10219805954
78848431453
29722125842
17134574660
60432632034
08896572975
13128216479
52390224881
05920224126
05905277974
81408480182
05058068001
30653187840
19027082707
07456162751
13437381997
44938674858
09474043922
76382974234
91466245115
48640888884
57497206249
85619272591
31248835867
12622986874
47981982855
71046297180
31670840816
07187286961
57062188115
08071567795
05071444909
04550879971
09207442493
32415965839
17043873703
32610651848
10110583914
33247975861
07608244607
46231950824
35336226220
31105306860
22869994818
85947263505
43306225134
33099315877
27577207837
33176804822
65441141387
06400888136
04893636952
07840215700
37628575803
15736344840
08851316651
11404729925
08504917975
86006347253
40280920865
85827146536
35098621801
10717212912
93216629104
07622785105
12537717660
75710048968
11402538910
08620035983
45888553875
40742303802
51676265953
04740171929
36996514878
21322659842
09804769689
29949347874
04795595976
17463216870
05240021937
07758575480
27896481820
45931777822
17264702707
16604367452
70898524156
43237958824
18073157896
11269648675
47018496934
07625417921
04856817906
09753831676
74465287704
45973660320
08787987732
18400467752
94817677953
13556935783
28369187803
45236465893
72517883149
56674754803
71907432515
13404226704
10141397756
10164908609
70206884621
15806921840
05916688741
08569242964
60498010376
04721483112
81318170320
60651302307
06602841548
06103717388
11243569409
05972260913
39904036802
08161298432
42288469803
29374043831
05388232913
60590707361
35444085895
40754285839
12499761709
13379276944
06080242524
05734988308
31141475855
55751628004
27676322839
07750071610
08696715616
35604535850
14664087748
40792244869
44673884272
42412547807
87622084972
13187215637
41072151804
16663619845
10409547905
09788712436
06038616950
08047191101
05321975183
10906895863
08305243630
09360126926
47625467805
63131544287
23026535800
56360347920
08159856903
04446751085
07332870509
34839910855
74486675568
06471947160
71102698504
06112573946
45079336846
15132711723
29660524811
22879051894
35967267867
42684384835
36899361876
22017718807
41741167841
34711607870
66901600097
97097900563
05189750299
07669901683
28381914892
05026980988
70667773444
10465027784
84399090987
98145576504
05644952983
20115052755
19220636735
33330550821
14394864844
10195802918
08791153948
41213000840
10486721744
05563864421
05260031970
28520433863
04683866617
70642051224
07856621540
13663458865
06754086440
83642650244
08493699837
37665891802
10600173933
51524039861
89355830653
96469196187
06766827904
13057800785
11192672933
22683342870
04521415598
05857894956
45234011879
34006938802
69443696053
37106045837
70182055140
04553474093
66704138315
17843696750
18014685750
12657798721
06530421912
10019404905
17113804748
05008640984
40122237803
90001800230
50316013889
39260311829
12034559410
16285918708
40308747895
05795106976
06959823625
80073867691
54551331520
07211362308
47873589870
09017768908
10320409473
07357075966
05694903595
14257906740
07896208989
05494238261
05766421931
14523128693
56477821400
14009911611
04479566040
10188008918
14200136961
07706998398
08715455785
08373424148
39052668817
06168931163
30521302854
45791234848
09890827840
44649788862
22640457870
33011256896
41402351879
86770960516
10331257769
23704157899
65058810344
10509618464
51808469860
39566439334
04829919337
37299648873
11551096439
99972158500
09615719420
06157625902
11684407427
48144328876
71572210125
09704969902
09410849659
08423774929
25599589889
13067194705
08395366663
57598339015
12961852900
08234168959
12347046411
13968474724
80393985253
12888210851
94818665568
33693817880
85110620334
07224339997
26498246898
12233143671
07223399503
07220808674
10501204938
08879792970
13081996945
07775271973
42880052807
08877911905
15430735736
05749688909
10535005644
43642439810
06089878081
05015449682
47158516873
14266820690
30777383845
11065009623
37274715810
11025406923
25170967837
10586924965
06871920994
51770697888
31524175862
70753520168
10012852805
22462272836
16851648709
05843254364
25598306808
07863669740
34610098814
13783843693
12081997819
07317626813
07379732692
12634461917
08973402480
10816419671
09865982919
07153712666
22477042807
77222067868
28085022818
26314294860
04412884996
12448027609
10712023917
75567512104
08319029490
25110417822
08116086707
08933653945
33773419864
08243753940
50494056886
37281965842
29656679890
07172950798
70016470125
71696016134
48356609860
42237137870
41611468841
09400534540
11978329636
07016171957
10647073943
33376421870
05635741940
10368529975
18339764870
99197669172
60009085394
06183489999
11683205936
39874594845
30244279888
78616484949
48789529898
06198762980
30091903874
12032498707
26357074802
45856710215
82468567072
13934284795
09080310921
17605931760
09522683965
11200497767
97371106920
14836018897
06350485157
20648314871
41256536822
13267241855
07596054919
07413719959
05186044970
10236731939
05681894185
32121572830
92828990982
13203318903
33358773817
74588460200
09276809716
65810902634
06003891114
40339889802
07434809450
32193215855
17698166821
15059992608
07942767337
90717724204
89148797987
87407868034
08284479427
08729844940
32621196870
68658494934
39916168822
12250777705
08921421971
42452905879
13166419705
11825581436
05881380371
50312877803
70346578159
26411480800
44726111809
80149790015
06971057171
46076026049
22204481858
17343312758
36086722811
21888662824
11435903412
41395163804
93067569091
71380019915
13539026924
29654177889
04933832552
05915750605
08944867992
78635128168
08957954937
31365001806
09457050932
49338296830
41663295883
45416980800
33763529845
31375129805
89706420053
29704003838
10925050679
05550856352
50380663805
37330882801
04668350273
18937317745
25005590846
10707652600
35419374838
10996187707
32139601874
12309721700
08056912789
13344062603
09304706998
09114889951
17416533716
50081140851
06354276480
51140378899
08546523967
12441722948
06139061954
41796699861
06797182905
31472474813
09925921945
48971619830
07152535655
11564126927
10425589900
12117081959
44377288822
35652323825
08180194175
45007139807
22041793880
38256509953
06921814408
17867577882
10562501940
46333249858
09092588482
64289150225
57434156848
05052731108
70791765229
06942085901
05253299947
45025912890
16244505808
89058348920
12289326623
06446261942
48328462800
39102225875
10209613920
36234040802
87258811249
40381657876
38886394845
16912299709
08509554919
93184999220
62511632322
06453480905
05312374008
07249258648
62771981904
81719299072
91100615504
09059193431
29434823153
84021187987
70389670618
46916891840
31283959852
76471233353
60478645384
15702745760
69729433100
80149502087
06751991908
21855148811
49595875805
46047582800
13441032608
48570892896
73787108068
05382596719
28700563897
06719230999
97315362720
81424876087
07860937301
46368942860
86431470524
41053868839
17256355858
05003115954
42109651890
10052261646
46716633847
12079477927
37261446840
46434177810
14637786789
24032048894
08235697998
10550784950
91984041053
23677548888
11225474981
11042276730
08371332467
33957172837
32405147882
76738370725
05458933990
87690314015
15940062709
46945577856
08193644956
04021775250
04102553355
89514203453
11020526980
03995133967
04158517346
03958974244
03992723992
04018106076
04018000910
04031684908
03972152906
03996829108
03993775147
03956041925
01785196260
01732682267
01779374674
01698694075
01759614173
01776474007
01772326097
01686732740
01725995808
01719571724
01755543077
01729397123
01719501785
01697588930
01700131974
01682007081
01619855720
01632376385
01679425064
01654389080
01629089117
01625298307
01667562029
01664807977
01636760112
01597346497
01639127003
01623471460
01579246028
01578977029
01628684135
01606144065
01570386293
01588919293
01583835164
01597313050
01570716005
01559638990
01553403797
01461245532
01563830043
01554630479
01375615203
01529411181
01436697107
01455550540
01516098293
01317846419
00642546908
00289591244
01246016346
00945796013
00766413179
00662592239
00799889970
00797400907
00529814013
00192719726
00689373007
00649680227
41238851878
47641584187
48768219172
09935552926
14889645721
37823890852
08585988843
29574434818
05213779603
05323069961
35892271846
05067509902
13625345609
37385602894
43548517846
05347492759
47954580814
44264883890
10985886811
15740924642
85016063168
98999451020
10948675942
92673058915
08829662941
82735700615
08088635683
42524192806
86214810220
10502077697
71441697934
07534222982
27352925848
07602937910
10572782624
06583745917
45771997854
25760034863
11065378904
18882376788
83842462549
07226524376
07150259960
59826444987
10419354980
95062319900
09729386641
86312214575
12598612604
84918497349
80642152691
15068473740
15317628830
18039597706
06246369170
25411030854
08955623917
09597164329
26095978866
09973441729
09996910660
41287519873
46397637867
05248037905
38533276800
12789263728
40465073816
07446898135
10240573722
10064622797
05829876957
08449658128
04734681155
05191760905
95665528668
04999192039
38577073807
13165573670
50057533890
82161887904
70238909476
22138001890
98139665215
10515590908
43907297806
86029173502
04597783075
81763506053
51702810801
48102956801
85880597547
28145183804
15777853714
28887043825
13861019825
24081659893
07374805640
11087128943
96270390044
46518246847
70224174150
10018958788
41998864863
15727466709
40526532890
44788577844
05999705614
11575936909
05183373167
10585561931
42813553832
10101698909
35027854811
32114919889
10660108976
61729675336
11929746628
36230604884
09373545620
05879933164
80081630387
50671928953
42460495811
41310547874
06285221340
07991611876
96300248020
08329738906
31028962860
51689339802
39673297800
08991228682
05033463900
43994886899
37295537805
06861485926
04888719489
10664634923
34929324874
31294244825
92297455291
09893853885
61580945368
06180827940
10439892937
32402806800
10826707904
44514569836
05667948702
86382209600
05115790122
04863222548
08253059930
83963219220
38242987831
12157344926
32135883859
05169416075
56660968857
22304373801
89474660000
46421086888
44968667817
05887684992
10099473976
09582237937
08366379760
14319809785
04369611130
05558925655
37715691844
11800497482
06620835635
49745947881
04714443160
06290580833
48803044841
06128567126
04319831519
36037153817
34357902886
27939139878
74392921549
33365640851
32875756869
86772902068
40025882899
37171535878
28378838838
44467310843
53276469553
09683931952
60037432397
18441110751
07015025256
26212946850
40117110809
11495801608
08679076490
10486023460
07075526308
46736371864
10394205758
43855795800
29253097809
09230100927
06011094490
05087186190
08391746755
09119781431
12905484470
04981054076
07243501958
04950263102
14564555677
07943268628
37206261809
44032524866
91968992120
37326737827
17374781709
09427182326
44087897800
31159408823
83850309991
07499342557
11463234929
05585565150
90835590500
08733644900
60114956057
14918107770
07082023308
16652725703
05043951907
08832319640
32132279861
06347810905
47296533862
29666186802
04716343103
44054568874
07528526630
40281630801
10036114944
84958910344
08003419964
09622783945
96819332904
71368752187
10901117463
13252428610
09652992607
10983718954
05635735703
04357435030
05380954154
46438702811
40834787806
40630806845
85380946615
86307592915
05176576198
38057045850
04922426906
16388923771
04420883375
95235450434
12332825908
07299712954
45007243892
07328076542
92356737987
32159809837
41450772889
70240022122
04500711546
27816643837
07148540933
41248611845
15490691794
98374990287
37255182895
12026296790
53187377149
11315934990
18955426771
10543013448
07572025781
09275737924
15276644810
07791541939
39066844825
15553875781
09210643909
10748435760
95292306053
04471161776
10790335727
04315611093
17527978767
05160525190
19535748823
22956381865
06647966480
09901378990
07028081214
10955205980
10255978340
09169673799
08423714438
85777799558
04823711025
05534559900
06283405673
54189742899
12111047619
28363961809
31551518899
06460265500
49400385803
12261396716
07416293995
37640373859
33754936816
04317110032
10171699696
04323945671
34760286829
43057348858
42019705826
16467610733
10278219608
50097463876
07561110995
48138672862
71221107291
95091327134
11394535996
93649193949
35871240860
29108465800
08613600603
74950665200
08032832963
07268201486
09007669990
12551137900
30222308850
22794451820
10132444941
47753433865
08802384967
45768742840
91085691187
72765518300
89509757934
17300776760
13933227607
07537420394
07084356614
05300598194
04566118355
29705135878
47876917836
06756712306
30658105817
38543623820
09524232944
37932007879
88720659253
04843301108
18014332750
83889809049
21279223871
09604643797
31665415860
05340123960
35380540880
09246276973
86729560282
09194204942
70442781164
10510485910
10858492440
05198475980
45625899819
37594066880
12331291632
14785163720
90614763991
05553182816
44187861807
19277669829
76093824420
05433439364
35270895862
04689566976
38517261895
43178188843
07925384980
89006917087
10786807954
11513473611
49844608813
04474195108
41894135857
96162023087
08528601960
06901993684
08595754624
48499377807
32289560839
08413092302
62230840568
08414764541
10875771955
08893964937
05052403607
17663268890
18371240864
07909908903
10792385810
10003170721
29648613826
33875926803
81983719587
45329544874
07508373901
12751860923
32181112851
41480435899
14580765710
15214436700
70319015106
43495804846
93262558320
38336735836
05989216211
79186718568
21912786800
31645360890
44068878811
35708821876
23711576869
07275873907
81302851691
16165761895
08399152927
41840977825
24909883878
06998362633
04640863020
46453882825
28761710822
35192883890
11923645978
34424219852
11464521441
09859692963
21499755805
04812293103
18860846706
57993416515
16242053721
37821187828
10291576931
33524817840
35027978898
12240890908
07777197975
75884445253
63507801329
33659174890
46484811865
35634176875
35703464803
14337395695
43085618848
10944778429
44770900805
04500581901
41116052814
32662528885
07040976994
17551901825
70163544158
05316659090
04808539918
29173360805
27404428823
70284523283
06492892933
50867068825
95381791100
05838426314
10166619914
15733135808
08149789758
16547556808
09969234978
75664917172
08621112930
99720523204
88000109972
13765180742
11320201407
94206040044
38729856809
16955959808
06418433726
08872410690
49816683768
15582289852
49607457897
05275234104
10548510938
35298343864
31684401836
09290383470
26649149870
04968322208
11644939657
06939595252
06334870904
93589107987
12126955770
09867829476
27668907858
06188802326
08000725967
07772308795
12589084927
38206397809
15002504655
09146132430
54571421249
46509912856
16187386400
72768975168
17551567828
09397410911
12274221723
07081193790
58505512049
48297029824
12743741970
15716478727
33046456832
05001044928
38778404851
11110857659
07264695727
12298402736
75806380963
07405121101
06605555490
15458256883
12299853790
99226286787
46459127808
40164441875
38341955881
38416105871
10754346706
05996213389
17136499771
33273990856
97833193704
33820645888
40095595864
95774823253
21875991832
10282403922
32532870842
10768038901
89316932149
15093613754
07603853940
09057991942
05862689796
07571903912
04636408969
09880324900
09618451470
61406804339
26040410817
06359699710
51401550100
28773141895
34636545800
12826036637
73714380353
46860185015
05935852403
83023801991
41096352842
32696136874
13518280961
09099483996
32519310839
30720644828
05450892632
95264035253
42884334874
41994741880
10770326927
07786496521
93135599000
17237584855
05565931207
05443917994
08491069909
37475842843
31311425888
09634807909
20504935763
10475266897
27823484854
08673109795
44980749801
10272749940
46762921809
12515278922
40160048885
09180555985
83661271172
61187733350
72176547187
07801516583
30907329802
36707839896
08842846465
40345774876
14572694818
46107712844
11378124430
04477739095
83158430010
08268716908
05112548908
14266968760
16947366798
14518000617
31043440860
29157555826
06204312960
35580503806
95962751191
19687467819
42763338810
47989835860
30965571874
05582236724
34606772875
10034810943
26459077843
39748477827
11282977954
13705928414
05023261905
16819249861
38980981848
39748077802
07292335969
60845372351
05696427952
09954278958
09263057605
06748577390
07581271978
08775155907
06654973186
36246059848
44435575809
43787203885
08816244704
11848474954
38493998850
11124062475
11429171936
09201647654
37530528840
70427290643
84780436672
05013209544
55825257004
26063872876
78159393172
12504725710
38131960544
87403048172
07319489988
45267803839
08613282997
68918852134
07733219426
42407240820
43784418880
10813048982
06986858906
37618406839
62167138504
26284285809
04859040635
09130892813
09496443664
05306024904
29914777848
12507142499
64411214920
35738178823
15996189747
15612033788
07813464443
12612118470
61095614363
14268857842
05117794109
08788400956
62820729304
06888021505
11266849700
30664392830
26100701871
08254148570
41258001896
15918967702
04976217116
05274878482
43993148851
06147785303
37219050836
06617314301
66931061020
33660509850
47225153870
06585564952
05407905671
14882259826
16815091805
18646590178
12708239651
70519853105
52087581134
46524988884
37160494253
04738023926
13587640424
12118238908
05339692043
55648876890
22339575800
65405536334
09291163996
04576511130
09630547759
43007905826
51091332800
25894134838
07712201897
13262705675
42840719800
18061316846
98471139391
09329157955
19338549879
39111065800
07253530152
42586063830
06878084997
16206505685
11845640942
10748243933
14700567716
31631451839
11191824926
06975264619
30592913813
70256448469
64506320115
30072277807
53359332830
38012887819
42433699843
04588438220
22313703878
80546749291
11847671659
12613561602
41548953890
97706191753
09653160419
04387665718
25550030888
61675330328
48788785840
05674210748
70342814168
35380370861
54066065813
42253908886
34401302826
04478112312
10279233990
11659950775
61807052249
80647413949
07013406902
35022843854
32095441826
23089674807
45421629821
13475158957
68983409215
43443544860
08884138906
14509442726
10182112764
37282749841
09743137939
44451022886
05654453831
04376450960
39507221816
32939163847
15072712800
49472532829
10913888737
70501530282
83036237968
30790993899
42642212858
05035509907
31629397806
05116893650
46330889805
15477188898
42813797898
04811206614
28755836895
47840512879
11636938710
04626005217
04433652024
09757164925
38092692807
17150181848
05000317114
67833373400
52147669806
05720681159
62004397373
70399083103
08579315980
07086494674
80050189913
06396896125
49007927809
05950385900
07673348683
10101598955
09726693969
15762879712
04336172170
22921794829
91258987520
27497231839
34696211878
10398432473
73598283920
05571858311
41503362884
10456822763
32936387833
35700951851
80100222927
59970731220
09139636666
12630603660
04750484903
39453914827
34614339859
14038224767
08723459980
21904434827
35181740880
05258221946
05968703377
12707993476
31854754882
08202194105
10886501989
70139415149
35799671856
97174700144
06742474181
04944039930
91881773604
44647698882
15680963728
99162520172
08129938960
28311056846
49205481840
09500344793
20505633884
08573858524
36793246852
14256490680
41995396893
95848525900
05087866905
86066718517
07988051377
60698661346
05136420723
16772376781
09080580988
53057317553
15522048719
08538564609
08244093455
06943689118
06913033982
27592128829
70328919004
89862589353
10664222900
11951751914
07819055162
47980830890
30709573820
12831105633
57227640515
86955330187
05576581954
09013809979
12006014676
38435245802
87146207072
45524979876
30449689840
06067264706
09863076619
51670372120
06120566945
11333934971
10881014613
72611316872
06176394937
05801533710
09240368698
39947904253
25104198898
12104040957
30045224897
08155115747
51973294087
09671341101
79244378949
10237107902
08494709607
07975551961
37739499870
40612145867
06208004705
21973416859
13589860707
08258208713
51144795800
18588188856
78520274153
70305065459
12521154741
50162672861
08109866980
36130896883
09586851931
09290149957
71515832490
45773516845
30139935886
09097434955
81943938253
46021317866
13777239763
44250366898
40674984897
07257379564
17713010742
71715989422
06008032950
06056218376
46882901104
70490980198
70065055934
08485471954
09213595948
05955506900
07553075698
10550001603
28387253863
08809881508
44851213808
31321695870
85205575115
09569980974
37445781862
37237447882
15935935708
04380868133
05961642623
99141906187
70116664193
86377892420
04323799675
21573461806
36072190871
08832591928
91514495953
06878713951
11427238952
09306084960
18765545761
09233416682
06818705162
14047990795
61835869351
05886160795
70765971100
05897369577
14052748751
41597200808
16744346857
81147309515
07192485900
70054128692
11547447958
36781268805
06992019937
04275173546
10499149963
11292115920
05874410899
70991738470
04265517706
04266670931
04239529000
04269115980
04283925470
04233642432
04252674905
04252323100
04216159079
04247704150
04181434397
04203943973
04208565012
04219138943
04194528263
04228471005
04228186904
04198097089
04153349771
04128143316
04178839195
04162417946
04195758041
04176869275
04152445955
04165385093
04116904937
04077594928
04136213166
04105122061
04122744776
04105744909
04109799023
04080633009
04037514117
04086446995
04064573102
04045555943
04085622269
04095531070
04049992124
04068323909
04025971178
04050905523
04049386046
04030215530
04022284641
04029315992
01540682099
01497005558
01466213019
01506845410
01479972673
01489161120
01473066123
01461876010
01397418010
01447970110
01434021025
01453301097
01383975973
01433310007
01378250133
01417781645
01370000065
01403618127
01403431051
01394313578
01384101942
01343960908
01331857104
01338036947
01354161084
01314965069
01279958200
01281336009
01291662006
01273293908
01271608090
01262978270
01317030133
01251980007
01232227021
01277741905
01259259137
01282356917
01255624035
01249677955
01223835910
01240349939
01115724797
01203254113
01190329964
01211290719
01225798957
01237121302
01215364911
01215184182
01214467008
01210397064
01198511990
01196357986
01205014144
01187595314
01166145794
01183194935
01079708057
01178973450
01131075951
01159087067
01125782331
01076989004
01142156770
01107815703
01125809043
01109578903
01106207041
01111679142
01100060626
01064057306
01054731039
00995393060
01077881797
01067804170
01090265000
01093211113
01083903900
01035255057
00995167303
01069301175
01052760902
00981735967
01039493211
01009781340
01006627499
00952626446
00971169047
00957987145
00934154198
00932504019
00957322097
00942759044
00986555312
00933887990
00882466127
00905513118
00918662788
00897919246
00879103493
00897504976
00847586944
00867561416
00839394829
00835835138
00843880058
00795032099
00796153094
00726172090
00771179308
00740139126
00771755066
00769971032
00768373190
00725522046
00714583103
00755381050
00747196028
00724946110
00708025218
00700393137
00696767201
00714333093
00677260032
00698621174
00697146146
00620953900
00683745263
00680620281
00600523500
00647958961
00600286533
00647901854
00658720961
00644090316
00628095554
00601850157
00553598929
00628561970
00628458533
00597301700
00590283278
00589579010
00596610033
00567526011
00557239001
00531119904
00492125910
00534754961
00484485083
00538835273
00468586954
00524037698
00519489071
00525094199
00484696700
00517199084
00493564020
00491293259
00437453502
00483331074
00497603942
00472113500
00455897042
00456244107
00455761140
00448308150
00364382511
00452622174
00431219265
00424784050
00425122557
00418371938
00397666080
00398620970
00367522152
00384958729
00387601260
00351553029
00384222048
00372085199
00382347188
00315725109
00295847018
00357501977
00347641008
00344441903
00342321099
00347562990
00255398093
00288441141
00147342066
00264993047
00209292342
00251700070
00247404110
00230730710
00198934009
00227273613
00228142130
00015922200
00063962160
00149230176
00105331090
00215255011
00121543188
00011384050
00118482351
00078460450
00119160102
00021392005
00074219154
00017916720
00049088050
00036114502
00003569217
31793920885
16402772852
28322840861
14916030702
25908489867
32774623820
24112617801
40894223020
04492596925
03897546094
07405490905
13460398876
11215133952
12630123880
06431115309
13438838656
36143738866
07495018712
13750357463
72034092449
07320307731
27564650893
11483510867
04354951517
30685201856
04343625303
43961974896
09141262611
42815237822
37448320823
16193065733
11764209923
34279079889
08174999701
12594485683
25900885828
09628162993
07840689175
48320694892
05633791541
45239655871
04699965016
05431032186
13059839980
22693049857
12521231754
70622502107
22055920847
04383411045
31442949856
42987733291
79786065468
05276700575
91549019015
79450482349
25814955880
05946578901
38648280826
71215738498
09292137506
36407388880
97498319268
11013740980
27356517892
03168799084
03232585060
09005111925
10002919958
04200779609
02185152947
01993378022
03581807084
03397078954
03479302637
02768971960
02765827729
03019254027
02298097070
02344230564
02762623014
02361385538
02397112116
02380592004
01272407993
01188668935
01134495340
01372322094
00039910083
11339351412
41509108807
98342550125
43412538833
31765402808
11106745701
07950121955
07777682911
79497683553
04643693983
26754607882
70316628697
82402272953
48181419847
70409399167
44695236826
04485183092
39069506890
53319717847
13309259986
99821320244
10794524788
48095434809
80941729915
07241078195
12364447607
12327297958
60006120016
05897553904
13238491652
07643199906
10690559992
23879819874
37940204807
07595188903
33125719879
11703400755
86991213772
10073682926
04731033039
40388327839
36126518896
22215592826
44038791874
37966009807
61464927367
18741560779
86488313509
11830432958
08168971663
18110910831
07786367551
40814932860
28269331830
10902138910
92717608168
04353130102
04489599170
06829629535
05614646183
14582670679
36206956873
05491755982
37874428803
45454925845
10404249701
11189080907
11752015703
37959489831
25521139826
26213259805
70348833431
98572385304
09210608909
34055074808
61816337315
05092998571
93347545915
49142729890
44803413827
43700811810
04644207330
05112986417
10746852967
49035797515
13662725878
14972025662
96127651034
04594761739
41045660809
73596795087
33183845857
07980561937
79568610553
98852760172
05130916611
49222675819
07282482632
40982732848
40299388840
28922202890
92870830530
12626516627
52429717034
04404350058
06607474306
08431633301
33518382802
04357519640
13549541732
11918398933
40773714812
26357157856
73177229520
10803680600
06433275095
07344197677
13319395939
28695527859
37295896600
07082392931
57214379953
45850284800
11821661990
45702465830
67522580072
07383607597
08188151670
16137092771
13899512430
08927213750
05695543495
05089713812
49638992808
04896790057
07308062783
05204449140
60974699934
26829038863
08021621931
29548937883
07992086120
45041741034
28210884859
05083718057
27873931870
21568256884
04584137986
41082243884
10853058997
07712568766
06308703737
06946657110
49477153400
32782377817
61806186314
11952479746
18489657882
28905217885
06180944903
34313430822
09941300909
07997621997
17149748805
94968373953
33355052809
23262456870
09219303566
34749027847
14743246814
05353537661
30156029855
09804474964
37040006553
32241494852
13024648844
06304024932
29227185810
12788212798
42488562807
27231656803
50412076829
07546012694
12169228969
07017016416
44407472804
35203349843
07638794443
06261769729
12865615901
71071561103
99688204153
21420935828
92994750910
05362836994
51853376809
04828791140
05129695909
25793456805
69019100106
17273314781
10568277937
07301668996
08912597914
53201331899
42338337859
70180364103
86184164015
44339270822
14922490680
44267352895
21938638816
04505534260
18209272705
08046521710
05154371666
19259153875
88135063172
83941827715
72815949172
08026209656
65006674920
84600861515
38235643820
10447197967
29735284880
35972005832
11947347900
08729761905
33595695801
08988911164
07754444488
44130101838
13971399940
14922534644
90124910378
45011123871
07579629470
81658010078
07748781346
46553083894
63437732072
90993853234
09070398982
39988392249
40525515836
66329108153
39144105827
10500566984
11573817406
10051762994
12495176640
08324820728
09110037896
29526995856
47013087220
49215875824
35597215809
06565633975
48714568896
37196812115
05775573943
47812990400
49582014830
11385796618
13760004660
54367603172
17864008801
36653207803
07842939705
38342876870
85997610560
21581930852
42462737839
06698276146
05583399139
07444434158
09816940981
06923904137
80648274004
37120286870
86346202049
14233906871
49667808882
40560234848
83884386204
59854227049
04629607226
35400230890
17579028808
85664758015
93664117034
39500651807
16644165605
37494707824
47987841846
05807520114
06070169301
06268695950
10819216410
44372992807
76368297034
12232839680
93880499004
50203989856
31834115809
49494475801
37006222877
07567067935
15121252706
09120024924
19459368786
05357496510
11857124960
44614077803
46621509812
06780880396
43786932832
40898788889
06424360530
60082623104
66766559004
08359929696
60528843397
08584415947
21973065886
85965804091
13478653657
06716793682
09046322963
36629465806
74892770000
85902106508
05732171738
05188714280
09232406675
47070587953
23907095839
37546158826
36355436839
60963936328
27972139806
30927085801
81462220991
22071387805
82332975934
37358673832
10322262690
06438491900
06515784503
87182025272
15261970814
33343846830
07921661912
10069916462
08758617922
07517500775
60158455380
05698795908
06833118914
08788653730
90931840325
11762846900
11709244763
12258460999
14371325882
10725480971
45798853845
15325950770
40776272810
90534565972
08499133908
91744296634
11113640790
34529049892
40176542825
11296573966
49189294866
41051552885
86812823600
05261265070
09877450933
90448391287
04973714992
82246580072
08826430454
05539789938
44881883895
07310299922
08148235996
17993464803
32805096886
10351106952
47760273304
08225065646
08251607906
09075611951
06309043161
10954061918
06004777625
06456841127
19069599783
24567065875
40226106896
12364849918
97733156220
12883933936
05488461116
34544554802
07917753484
70097727628
47422074833
16973303714
07841855656
06659997989
49273962823
27753281801
48856752867
07433013660
11535650648
10474493660
08376733990
26590303835
04745747179
05889854143
33948837830
05446241908
09919345717
49373407864
10501980938
05117394607
39591292899
85180726115
08297558703
47220274807
08161350965
28979905890
10971016739
11799418456
46216487809
34872220862
95146431191
08913635640
65828224115
08000038455
07574156603
12016951710
06162572870
09265898909
46783741672
35341488865
08730062918
08749843516
28940631803
10303770902
07668916903
31061252841
07053873803
99337924072
06857294518
31144710804
86300909522
06575112420
36462610808
53044688809
49440711833
49222274822
94753814149
76352919987
81460406915
37749052828
26168126813
07576953969
12344283935
11964276748
05044967947
33621040889
11028518765
86471680546
58593470904
92952836434
04388817104
42930389818
46598466873
45670265866
52571661000
08742107989
72343842353
04722613982
76070255615
20446528897
47007392822
35643361841
41167592875
17220012837
47634426865
10138397902
05942389608
75383918434
42403792888
11447924797
50949270865
53213785504
05488777423
07232782535
14745964609
42663965898
19260027764
40944022847
33214889818
08292717919
99057271249
40345350839
09752058973
25869190843
67739580082
46297553220
07947734941
06352783910
10608558443
87618257000
08147082690
08132675525
06366594104
10201864703
07029338804
40284730807
31403907854
05656844501
70961976136
06337879147
05925850939
15682622804
38949160870
33008759866
17190798897
04390388045
10473453401
13069202993
43024392890
44266488823
22542632855
11246573989
59520558268
05934653695
04908935467
08149916709
12609748639
48356575869
06308502910
07227483533
05689871958
10242714633
41141441888
05254883910
09277341920
11546210652
08237758951
70751788490
76009955068
83139826249
38124624860
09797388492
43553740841
85840113581
40263462854
87166992972
50186868987
11138292907
38321248888
99518023115
42013628846
11799173674
29195049835
13134912848
42806598850
13495768912
70223230111
27942964850
45965366353
96645865104
28317560813
30736557865
08556629997
38698976867
35308959897
29165928814
17492885750
10068264402
07183223981
05058733110
46295527825
04951038960
36195627844
71775854000
26350877845
79033075172
97398845120
32013790856
07761063923
11217097961
70219907900
54085751875
34168631869
07532012913
08059702408
12541920938
04493163518
04655116943
10918687780
11751527816
30409050822
09845978916
07478334601
09989688974
09758749935
33757398858
40365655830
61331521335
95419462591
09586897419
35755467897
14120597636
61833623363
95402551120
07477025605
04951902176
10587590947
70830005226
65421094987
08890201916
09253276975
08645880970
10381731910
07393143941
36375037867
06287240989
05277288295
41018073884
29413013802
60352531134
10969652402
11179645405
25076649835
50285761811
39340469836
29965361851
11307168728
54172764304
05273892937
07430684912
10299341852
42711812855
11586221639
10819491985
37708084873
05779974594
10525616918
08346014945
36945394840
33815135249
48604233806
08941775752
70072638605
06605553608
04721787502
29833661890
28538538888
09592505900
29622253814
91551404915
34104824828
04481066989
10885380703
05304425154
46712238803
10882657909
13102528660
88526097253
07093724507
82822565104
42486121862
54414990874
77645618191
06853009940
60785747362
48146678840
60990036308
70065981170
87090708268
80678483272
08407181951
35736948885
39289013893
26445505805
07045842988
16882972788
83015116053
51038494885
11284194914
48042401876
49323348856
08465202907
50958683859
34966860814
08325864982
13776645970
07415154746
08063217926
53086862890
24205386842
05478241903
09179023940
15987686709
95205764104
08434408996
85525367068
09003342903
98829980544
05332423713
41679152866
55484409268
09373084984
07255622429
09104754905
31414414803
35848341800
50509519504
08394739741
32052230807
39198775863
43541357878
39611921896
10191919969
07063922645
05693507190
06882964912
95330704553
50727019805
70226739180
13475155770
93751885153
32910855821
05029957260
34825226850
43547595860
59199130025
39296059100
05106073650
07048499923
43179221852
36222418880
06013089213
08876531971
84588063987
13421914982
85888931187
26300194892
10744341612
21611310873
13052139711
11431832669
76292266672
95722378615
28752954897
41678966053
35249775888
70117112100
08648535565
05766134525
42743375884
58417613900
10694063924
58897879500
41102990809
70857024515
05331977677
29671804837
04323894155
17424625888
56065124915
86007939472
08518420970
50416963811
08527743388
39877491800
43552890874
25128786862
40263614204
88263428300
09190646983
26848194832
12325081443
34235488864
08338076929
31896135838
68024762749
60086626019
44505501884
05028872066
33814306880
27796934874
18758686827
69449058687
07706935639
32976964866
10259175706
61650021968
60056434367
82178593968
13573009727
29028920803
49203191852
60257165010
14548539727
12487528990
39263313806
33595591852
08060065955
11038718708
07021928645
07164673136
16625608777
40335549802
29344712840
94166137972
74056638934
05596060100
06500947606
28337013818
30849654807
93607253315
09316967988
50677661827
41731510802
44050323869
35010312115
22812215801
49138108801
70271606177
29385094807
06397465195
06340751954
69944440906
82592730982
31841029807
06413053976
17519135896
45952834825
27506681234
09300709682
32043055895
05130339045
78249252268
11298776635
75572125253
10670175935
50158229878
94932590997
07048798912
41252175809
15728391710
63757095120
07598931798
32434520820
12153466709
46961447805
37619575804
63702711368
16652221748
10021249997
09034907902
29572826824
07749142703
50620444991
71518916449
05713860329
19644449851
27850055896
10958467790
52809447691
10595891926
06663203495
25666879863
06307454717
32066234800
07776271918
13004215845
39306831803
17089598748
35184585826
17698912779
15233843790
64429946434
46936817840
15764937760
09918617608
70158458141
11737285622
31544410344
04471703170
45935439832
88964108191
35359368888
08613004750
05845651514
22952986878
04796298975
10376249633
11837669635
04436426300
99734940082
82644934753
43279955840
09603541400
45152587882
77446097604
10344429962
35263678843
65263006004
06237716912
86486101172
17378765660
17256428677
38726927802
41341884821
14240088917
45392594824
10446166871
48789220870
04505577589
09294197743
27049801879
10678233950
11303261952
43679705824
08168218108
27713690875
04570648541
53035321272
05108353928
04360733585
10519876954
09532808965
06686504513
08308340954
31583739807
42311300865
45740252806
14639861737
85207497049
14667976730
14694183710
05381764154
08252216927
32706901349
42745625810
71373540419
39373520822
30855944854
33069350852
11836094426
22925433898
05988976905
67178774649
44347144814
31468553801
10037154788
58482326953
06543326573
34895769852
09600877963
20553873830
45417561886
15984890704
12482903645
04483543903
06971233166
05770387106
44806837806
11736099892
37342171808
44174711852
09770426938
17161537789
11258823950
05318450288
29308242805
80951970763
08008458380
10326496661
28334203829
15548044770
06076524111
43913515879
04568072921
30099990890
05678600940
94476691072
17823981718
25461445888
12064745726
41934646873
04459826089
46747773802
16397726851
38358640846
39619489845
70639587127
34379184862
45663361820
05706242909
09675836911
40575886803
07791970627
17639332885
11641318937
44923392991
74937529900
29803199889
62593277904
06349106989
73581798034
13829452721
60043495001
17505086723
12606708997
08113501690
73751391053
56238894172
31863251880
06134027154
26454234851
10816103798
44440197353
55609961904
07657393998
98386760044
04707874657
82154724191
11987844661
04423495996
18376293745
55138403087
04903419347
69875332968
74887114915
50545906920
06945145190
05301495160
56642474953
07277177401
05736955121
22252535873
48603885850
05714560574
70086840614
85710482072
22569511897
16120639268
09511142631
32218916878
78279216200
47064305852
98739093034
29198813889
08862282982
09995453614
06705966980
34383294847
05460827779
13779487659
08158601537
86506570520
21392709830
46317796831
09278709913
28154508877
13357329930
16178439709
07778715996
87329859087
86097037546
06161353601
82338582004
38276231896
08745168466
39473355807
04936567582
12090246910
04913327003
83853197949
05898853243
09734102990
30166991848
14384001959
09524511908
87370336204
49888102087
95744835920
06595113392
47976654837
70818608188
46186770826
09029294108
05741897185
13675663981
95496106168
06863223120
04747568905
97245631034
36653520889
34099059871
92911439953
05336187542
91119383900
05238215908
37438631893
05073432398
16149329720
15737406830
80486231100
80928978168
04725600180
04817947519
44770192894
09024444926
07623074989
05489050535
91889243434
12641348608
26143073864
41583144889
04897578124
54730090772
93887361091
04721517629
97399370982
07160765605
08235437651
12197830643
13744855600
09955246880
16489601702
35540146808
05400820158
09981548650
11559997974
38800744885
06566589406
09755694900
04912206261
97193267191
07316675497
63190915172
43250744816
07775259922
11612229956
05532097100
64051480682
08877768762
15183059705
33072029873
06965009900
40070807809
70810478153
05311254912
99687003120
29887893803
13609689706
11905873786
37296081856
44969266875
09919307700
11333977786
53540786520
10992996830
45642796372
13178532617
09520485406
08717420717
28209020811
07247733985
10534240941
09284319919
48052086353
37694277858
13574531400
26390692846
15651573704
94530556204
45469438813
15703806780
41563955881
29583491870
14409624725
22080536800
04338683171
70392846268
11792063474
18295852825
11767191901
04309423620
14467440780
05228045279
61917036949
38455265809
11301802719
34476030890
70775176168
36568052884
39153001877
10048690961
07370347931
70751697265
90075315220
10681948981
61002100534
43748663889
04854169303
17938356751
43966176823
39861655840
16349351797
10453234623
11969021942
06301891708
37515983833
51883171172
08193411935
15652141883
04797627166
04336427186
12273622937
28828022850
10888199406
14450391764
11182682707
07503544538
45635028802
22805005821
43429723876
36070778863
04879709697
49214665800
06957370402
11146783922
47469072004
42647116814
81540086291
06577341958
34130185829
08940117905
49154789800
15658583870
09381111758
37370784835
33568139863
75330490987
05609066174
09925543495
04475192803
44025401860
41917306814
07123511913
09725168917
28380935845
09649520848
09456306976
06174551989
81931514020
13329040688
06868575939
09835562881
14126653708
89707257091
37074427802
38816186860
43289141896
11248766776
08050491935
49783290860
28944494886
49889014831
37648163845
31742838847
10480084602
07641881947
09134568964
10569493927
07982110916
10781543924
09414373454
11512332771
04632178101
46136431807
30616277822
81222165953
12245322444
84304146220
06196706306
35575620344
12724247906
04713634131
05310929177
43429619890
85948039153
05769473428
84940590500
69541094104
06504146918
30236775812
05668846156
31420994840
11252884770
08892691813
04727733480
40667901191
12654298981
96971045653
22629675807
06478656535
09504014984
19657321786
06480130901
12817418689
17567076500
04745068352
09306090773
09535251988
11599737922
07375219966
12670207928
46445238874
12165707790
44585563806
45944777800
04796350640
06818437303
43929789825
48695485854
37612610809
15779897751
30139458859
60837418313
08498089794
71126481220
51645942856
61054785341
41755827890
07695823970
09785932788
49001536808
37274770837
51024311880
06629825411
05904403143
58242821100
10640203990
35253023801
07878929980
13140905939
41686455844
14812160901
40300953801
31811988890
40226753816
09291538809
10205627900
04287114990
42290793892
04201202461
04766683013
06825181904
11398384666
07908307361
12804938956
97047775234
04239056276
05376816125
04212372959
04176717173
04173299206
04145697928
04175469630
04095688130
04164414243
04068830096
04055476337
04119651231
04033758356
04102315098
04008718079
04068990964
04116345008
04105616145
03973161437
04053731631
04083387092
04031135041
04052928059
04047236241
03959164610
03893439005
03992531902
03974247106
03952168343
03975480017
04013470012
03999426969
03858389056
03932391101
03907256921
03941855875
03889931030
03867254036
03826971035
03780749971
03828356117
03900095396
03871450103
03689359902
03842147465
03839064074
03794670116
03833648171
03831468362
03805430019
03765851027
03789589500
03719830020
03761668198
03592124099
03764328371
03753437336
03736365047
03727821248
03719770109
03627868102
03650965127
03709447470
03593392631
03656649952
03648803921
03551531900
03614533026
03635944505
03596828040
03583170024
03600941208
03587279950
03526532133
03576082085
03482319030
03492846874
03568616009
03413904370
03508518086
03491286344
03485723282
03356643002
03423938986
03490066952
03405651107
03368318110
03406464114
03477998928
03335883985
03430447062
03359321936
03381121383
03403268675
03395845052
03363823088
03373604990
03300287154
03321160188
03366236159
03322153690
03190905231
03280140102
03213569003
03277063925
03233104197
03053699893
03125406129
03055488407
03163586147
03138795919
03097728937
02962229921
03122410036
03076763237
03094968104
02961507898
03010278039
02974802940
03006054989
03066945570
03052159909
02992717061
02995747921
02835544011
02932694677
02862499013
02943843326
02853556271
02958193080
02955510971
02845872062
02886666076
02897234938
02890426742
02738164978
02890211975
02817769031
02795206625
02807113010
02802676903
02746438127
02662976098
02735964116
02755607912
02573144666
02718922265
02547464039
02614310050
02725923077
02735996581
02591045585
02586896092
02628432935
02576438008
02642111032
02556458488
02636124063
02628109212
02514755069
02429499916
02516191413
02444951492
02479445054
02474172203
02304079008
02458062539
02414289120
02414002018
02331231052
02328150209
02351302303
02282198093
02232994643
02265627003
02168333963
02229144910
02248922078
02208693914
02176739965
02163661946
02028886145
02036314120
02161685031
02143553064
02119261598
01949611094
02022073746
02063218641
01887225722
01963290518
01981114521
02008654206
02013666063
02011391032
01969288779
01979285012
01878643223
01973934116
01970342099
01936744082
01912387590
01805727095
01900441012
01896425640
01826482148
01846244013
01837348316
01880973090
01846499003
01744013969
01820827097
01651294178
01829125150
01706176961
01767743785
01743030177
01780970048
01778717098
01746258632
01721988289
01588482170
01676860207
01764223071
01738359298
01677801905
01699735654
01640765069
01655673254
01574919350
01662672101
01538732998
01520779100
01648649114
01619816156
01635222192
01466955694
01548612197
01621870685
01573553069
01610664612
01572764309
01422155978
01449603629
01388277026
01400125081
01327110954
01402320604
01356290043
01385462078
01363499009
01338282980
01348214163
01246692040
01200732260
01320566154
01322512132
01303506050
01279889985
01243203927
01259212505
01308909284
01152567411
01116214962
01224710673
01228244073
00964765918
01153050927
01127916114
01139830937
01161026088
01216222908
01141794926
01198166010
01171901011
00980246393
01071171690
01108783961
01062873114
01048950042
01083960962
01038724937
01024143198
00910313466
00834482258
00974938050
00963814931
00934440018
00960525467
00906325404
00933802919
00915338130
00928349900
00912868910
00799494526
00901028940
00860327043
00869850784
00691672067
00814028136
00797503382
00832043001
00811011984
00578221152
00827502621
00754950310
00792220218
00756666937
00703860569
00701740248
00699451019
00601293959
00650832027
00621205907
00687389003
00633370029
00630232296
00615678092
00686836774
00618335099
00418062048
00505783240
00408748931
00548651159
00615178103
00591747901
00568762207
00592997383
00591821567
00421599979
00470454695
00464528003
00268854173
00465610137
00443252904
00388499095
00446441082
00312820089
00415026040
00389992771
00323757197
00264992156
00372059945
00405483252
00356337359
00367266563
00337105979
00247984280
00155625063
00288614771
00263520102
00190296160
00064824144
00258676795
00263455106
00211988103
00191024023
00085352136
00158513380
00093771070
00051336294
00118043277
00070856052
00146132041
00048670090
00071971106
00323547117
01282626132
01241377766
01163757012
92381812091
14374156879
45008003879
13091829901
08225897960
61808153308
22438849843
73601985349
97967750349
99024748615
14606921790
42060684889
16228961659
08389736985
41131643801
08973518941
08649007678
07244069642
04397664005
14481686600
14370872642
72316136249
50431965803
06440155431
06293564162
38795313826
09116237609
26367562800
43656066892
08931915900
46660478833
10338876685
05639843926
10180975897
09095529754
70829941258
33482361851
10156170930
16320665726
07008407106
32388254884
38320422884
37213389874
05891865076
13090133903
10190478870
07516409995
35695177804
26151775830
47205856809
08533453507
40940127881
08787777681
70922058164
31846364884
08763109433
11475174446
07468500690
53770410890
09750993454
09140053679
99662990925
70226502171
44551154806
16284507461
95549781034
10288862929
07036229519
39150207881
32252684100
39208201856
37478057870
36843790852
33881203826
34242080867
07027858908
09664649902
45943671862
05143131022
86684990925
10909504709
99709686020
16783257835
40857051806
17032680836
11092803947
16811155736
05927314139
08651781784
06147592696
41392458838
93782098153
35138622889
03473241180
03249047627
03737508038
02878776046
02706845902
02773100085
02435688946
02298034079
02598570090
02167969031
02126268098
02082139026
02526793009
02074872275
02066683337
00802016952
00546239102
04557555233
28105741890
70746732180
05173939214
06391840903
39841552809
07009363510
48789443829
58905898815
49208677869
16714630727
09027201803
95299319134
32684888892
07357501493
11927078695
09016454195
09380099908
92081630753
52693325234
32507357878
12257040732
45802361816
07912767673
48185306893
60879963700
31054063877
70044482400
10349705933
55949061004
38303781812
10223721492
07992868420
94147230210
45461817874
84056070210
24777665895
26354717893
38558875863
36141207839
09614041919
30398233888
99595516104
46110377899
11560354658
37793807812
71578900204
10748505997
11967645736
48026580877
40976206811
43827279879
70796999244
15281546813
11809188946
12372409999
11160692963
36610791821
56307080744
43268516866
39080697850
07353691433
12578574790
09781844752
48295763830
07220419937
11535523964
44381245814
33058089856
18265397780
42773995848
38399836818
43012454802
33097884823
36671899827
07764532622
37869339873
13080382404
95707530215
12811005609
06674776327
35637319855
44989990889
47681515828
13038205796
70839164203
34687035892
12517630810
24555918835
61917702191
39964998848
12668287707
61146644345
85442518034
07479413947
71342109287
11734037873
80113923520
06903368965
85246174034
10159146674
09782691445
29320068860
42893497810
45919150858
44259356836
45110988838
74998935100
10355045702
66058015987
94292671320
33647302880
04425809599
08902179982
06366242933
13617474802
96710551334
28135592884
26192017808
35512956892
25747196898
43448105899
05460837650
79756140259
63582864120
12721990705
39032563823
08220499885
40487198824
05070204998
05922427903
25692048892
08646703975
70785918280
88054705468
70740429191
78310822987
04624132254
11355053730
50809968894
09737544609
10344919463
05524625780
07184996976
44861920876
83922245072
75558424249
11705940935
09751748860
06782174839
88944832153
10259020761
06633747403
09619362748
18161357714
33494104808
09498128464
44246635820
10680483950
13888954630
49657944864
34538025860
16433845703
36869241880
36007130860
07377440309
07462815605
06086041946
06337352998
79413099200
14516879743
70611641232
05178079639
73464171191
15876094609
06209529976
34683081830
05688348100
07561978995
26218850803
12533283746
48668049801
44142974866
10995344884
06021232674
33402156857
09991200428
05056135909
34462451899
06499756504
41962099806
08223514478
84970855900
13206030684
38071197874
69914869149
22806136890
08220548924
71178765148
46945138852
15157980701
32009404840
43248215852
12227329980
04453827164
90370783034
90785541349
48902138801
22931187895
07313809913
56402082953
53798447829
19909309726
82186170949
20630026068
52924742153
10544205480
12722744970
12567943927
09967862955
33541971886
50046402896
74680617268
42992054801
16193400702
21256377740
45786714888
14713679755
47842439842
07063243152
62064495991
07805937907
12952391408
09286842457
11070622680
10778967433
09978710914
70318217201
83502165220
42592692835
08943871627
70890174270
43058690800
06056224503
44763480847
09410989400
31506250840
12847333606
96189630553
06200454779
04881781189
89517547153
48921419845
09674388613
29372810100
11733643826
09216459964
42110207817
16075794727
40351181253
19242067814
05565645530
09792248706
44254857500
08707431635
44611168832
11971845973
87037114049
07158805948
95956514515
71635955734
63929783134
43278704800
05053703957
04378278103
31078126844
70490337155
92508871087
04158863252
04059133973
04236709562
35957860840
04156443302
04139689013
04068506582
04113688931
03906645703
03793026167
04029074189
04017100929
03949103970
03744071340
03825470393
03647827738
03698707942
03273613955
03437049194
03453483111
03522283937
03474502964
03228838900
03129831070
03163824420
03169629964
03249485497
03094858007
03206621798
03127604262
03186926947
03171836998
03163785263
03123236706
03104917620
03004610973
02939370362
02993459201
02947772539
02826927035
02884568409
02924591651
02820309054
02852478919
02864094967
02299848789
02038448744
02092651595
01897428103
01825548056
01704921171
01984484060
01821551109
01859800076
01656182211
01768982040
01572114010
01658917006
01305080556
01526130050
01237891922
01568136021
01300853913
00863811990
01166939081
01167687973
01221498908
01180869443
00829548360
01120156971
01105253023
01026474965
01077029403
00920367160
00860866262
00556648650
00784910294
00603863981
00023199261
00348969104
14006632614
12425462430
28825961898
11665694971
15158644721
08311011990
08432935786
38670074893
06829085926
43155706805
05661128339
12019041960
29658326889
71961208091
12307105409
07397217982
48781082827
07377346558
41585951854
09888177990
13482167940
74290657400
49493223892
07124665175
17111853881
47612788896
13345093600
10217564909
18703447820
44011145823
09079043788
08237526902
70112199194
06867232523
05137688584
44035346861
04581715571
14548899936
76996824320
47370347893
06786595910
28063097866
34073087878
86499998087
41166678890
26227137898
07927815970
12311908928
99217899615
11521527938
06191788177
06938740151
19267120727
42617926800
70047475226
13661473832
13232319785
14715342782
48261371840
12767060735
20596710860
52349185800
04869577569
29749762800
41410774880
47857062871
70642404240
51699090807
37454324878
05744038760
05780265976
47116820159
35179811848
29373811894
19255704796
08761054445
33982943833
08495528932
04584854971
40765653800
14172594778
08344544912
12793781401
35706423806
51012818837
42841785807
05823513755
19160469838
88687287968
28759730889
05098062950
34145611829
09371384522
40533284899
10429168705
06060713939
04474024125
08142853922
45572550000
18458457733
12729117725
36188230888
04389958720
27018614899
08905515614
81047703068
41428657819
25516212839
14991053986
06608229976
43276176874
46231506827
13996799705
87154900253
95397108634
39562580881
53133129104
13182732854
42258086884
26550381851
36791591889
08680571938
04430442100
29957999800
41712281828
39650644873
05464305700
11304818918
45760727818
09870710760
18780079806
04960643200
06850001922
96712635934
33237564877
40819051268
70730586251
95091262920
36520956856
38587804804
08080843996
04713553565
05221213907
60644503394
10064671658
31640594850
44459448823
56890109104
13508304965
07346053907
39637025839
20011982802
09756550945
72041811404
82722013720
08703585964
70327073276
10282474943
33363427832
31810117895
13013330694
04465007639
87317265934
32436179875
06349334930
10702820652
29891486800
49192234801
44418848851
00244507236
00436692716
00180113062
00035549025
00043548261
05416374101
37779827844
71300754141
04528678276
07149820670
43657597875
05534592958
93239475120
07055850347
11535506954
07720391195
12200095988
89548825287
29768147830
33069393829
41831391805
42490040820
74716859053
15192543770
70085102172
52366510004
05533199497
47603441870
24917385890
07253021860
10596120974
05068547360
95741321615
10573815941
70063593416
86363638020
70120401142
70080137288
11274782902
34264949220
12186636425
37028666808
07062865966
09096134940
44185186819
88999963420
07706785998
12356560980
14545919863
04843572047
33062998806
33219495800
96020539504
28025850889
05784262777
14083367660
09344426813
53360133153
32140757807
70751332410
04879297488
08210963970
09362662442
39412469845
11362054976
04514751430
12103443942
04815596042
95054308334
06839605981
71424714419
46093594807
49395154861
33090066890
73895458953
05425361882
09204167998
11570286914
08718992994
11618837974
52378380810
97352284320
12255937948
08398689609
46042970372
08506111641
14412451895
25617888811
13427925480
06062843970
11812949677
06936553303
64730093100
18159764898
12234937760
12391512929
10348537670
68975236587
56978294187
82902062087
07241733746
97546941091
16589398836
15477023899
09251658676
33585706819
31184251649
88023222287
16695187606
04908650209
14597113606
47501070857
97391638820
30967398894
05511552305
82430179920
52789092850
48398831812
17751822821
42668918812
42742517804
11424045606
36779429856
49354434053
13709077702
21588909832
11666884618
70121381226
56495706987
77864069304
04920387679
11283877430
05284675657
04459564530
30661511820
77092317304
13392110418
29315663810
06160452398
06851658410
04975356104
53746313813
41492538892
09297558712
04243671907
04286371085
09353477476
04256378162
04290513956
04172611010
04266361980
04218928622
04224490161
04188842857
04221908963
04185333188
04146006813
04137696233
04106132907
03973475962
04046312076
03953403656
03983881300
03941700677
03914725001
03944146085
03924129002
03917596040
03694767606
03788336692
03721668065
03764073012
03694061410
03632212120
03529571580
03690371031
03567659464
03635149616
03479672132
03457862036
03515807195
03350016960
03429508002
03305575050
03397146038
03374235123
03371878430
03274660574
03361518610
03253982750
03220891152
03214155156
37696306880
22363614836
49134567844
78340543253
09551422961
43340092800
17952061879
31007160861
43873929830
41041399120
35556143803
04640962355
17047254889
16922317823
31413039839
42826797867
33722402867
21816390860
09103657922
63628619068
12610896697
10550215905
43832361898
13079967950
78989060397
28681815890
42801651818
42672844828
08302350788
10669307912
41565546865
12000812856
37199042884
11593584946
44766499808
13395581730
45443498851
09608979927
98289187734
16399388856
37642841884
06697258110
08456900940
04703206056
97578410482
26635219811
12400549982
97789640097
60972433325
99838400149
09102551993
16135336835
11286936900
26346476890
45548618806
33210703833
47964217852
11752463951
33904662821
60991092341
16617480740
27716102800
10316440914
45089450234
06649884316
10051605708
61623113172
27048775807
17891640793
15619134725
48576976889
42211953808
72013737149
04706583390
80724981934
35770719826
39880338987
10331527812
22519661372
14243422796
05739492980
23598800800
12180058829
29044494856
10943644950
39514794850
09676836966
11687605939
04711370650
88756505353
05360083700
15177390632
22463021888
07565338990
04637272904
61857980263
06574910986
37577712817
37700863172
56978448400
11541926447
09351832996
04302742623
17489275741
07775231165
07610281530
14015805992
36439590871
28828304839
70164053034
41311080899
39648908800
09293670909
12741357617
62211611346
42689607832
15754248784
05150788163
14012479628
29079631809
29787424020
07969670911
10292244983
10702544442
65959671387
98408801104
39909066823
46896508884
06890147758
15213671756
11870301714
06313459229
70295288248
10773684611
04728830039
07628337341
11911831909
22108444874
05913282752
87905175049
11755232675
86094899571
16412952799
47953660806
22175898814
81493045091
83456090234
76180395691
64842380225
16732407635
09469730917
04879835137
47851250803
41205386807
08892904906
26946828801
23837969215
36161993104
05838075422
31779459858
45004570892
37167830801
07415406303
86569457268
08864884947
04636424140
12385464985
08329114961
02815479044
02808893051
02682546056
02691153150
02787050220
02728843910
02720553956
02707526339
02494460905
02619566126
02667700961
02650321059
02558941127
02383524980
02507207108
02277097640
02309292060
02396322060
02308091118
02290845400
02337911322
02235426107
02330736045
02162808188
02193875081
02098182716
02140491246
02133330070
02057175006
02124004956
02051586926
02088607030
02001287950
02000886701
01978285663
01955099197
01958818690
01879204940
01883213304
01873307276
01863654038
01739106962
01693438046
01784924008
01716299063
01725261758
01753496225
01626731322
01611692016
01512833380
01368234160
01445028875
01374891614
01405007907
01382392311
01326743007
01313489069
01295023245
01018980709
01117959074
01016987986
01011628988
00941454908
00932008119
00899986773
00971105901
00900946032
00871906058
00824112989
00852917147
00786892528
00840307209
00749723246
00737344032
00660826259
00718551303
00659833271
00505036002
00590206281
00583423701
00573578206
00549455183
00487954025
00473247917
00411694928
00333871251
00477823904
00432596003
00384993982
00183092082
00304199052
00009384162
00142030147
00285371576
00062735136
00213289008
00130233064
00047415010
00125086083
00138265305
00128138009
06240972690
21469769859
25043123850
07207812566
06820186193
90898699304
18020565728
05456251906
61979926395
10470308966
10038091976
10891604456
15702933761
41069954845
31398647870
90616650949
57271550100
39152138372
63037505320
45703295866
90431332053
12603950738
16874645889
09171209905
08869236978
53752017805
07779522628
05521242570
13373345880
39587824857
30566772892
06467333977
82864810115
07375844160
02500336077
09310692979
08158888992
07428532507
45899746149
09871172893
33245523890
10234773944
18881716771
11109089970
06726628927
60988575396
05371494308
33047074844
10384336906
41834438810
45539499204
04517031110
09435789900
15662701628
17702726741
11067042822
26988091831
12138524710
09859106746
27032318819
04863386907
42172896268
29216780800
04549668903
07672577905
13451867702
09497298927
26742831812
44262373860
16457615767
35462367856
08042897944
17184735757
27539257806
06119887121
70100814417
86196993500
05608000617
17465391784
86562142172
30951987879
71780807104
08519380603
04710409161
98694006049
31288474873
09433900952
07439348907
37372186846
10329918958
38728957881
12377792863
96281340787
08733814678
80445616253
04342627140
14326291745
22105574882
07212000957
48612639808
84231521115
08749198513
97771627900
86012625545
04512293639
51229542833
46877779886
52499454814
08750323970
38594457820
39747147823
05973776930
13821101890
02890332683
44577856875
11787975975
05463339155
81037546172
80650473787
08122244696
14562639601
04544845696
15196680829
37867741291
06021133935
47613781828
39890788870
18714365758
70153291664
27926610895
83921737087
04440184090
07180992909
15265563679
21679389858
05180482410
04728872386
19290146869
06811033614
93049200278
04313591303
82681201934
72713534534
11733199993
13740286733
13513544855
12368117717
43541835877
08318515706
92067018191
32499064846
10661673898
08591304608
05735402927
82156395934
61348120991
07608339900
11946024287
22995473805
10979423929
34497158870
92239145315
48399868949
83249133949
29456814807
28559011897
54524377387
47274090895
16026431721
63623021172
38681339842
37415951875
45812839816
11209301466
08200577112
70723770182
95685553153
06524917154
53830506805
48246846841
15899253606
82708932500
38966221882
71044023147
06194960884
37179918172
07831524932
05066262610
43976424862
10610035746
33283129860
68547765387
06428028409
05067256699
15835033745
70404308600
37261639800
29903594860
11856371921
04561256121
05383959157
05238241909
11919252690
30075370883
09882661998
51695091892
29054227850
07918841719
11807933741
18936397702
29993187828
22085875882
06367063978
10300219709
71214368417
32143276826
76982254291
09667726444
08422738597
37062674893
09814201766
19087166818
13254556607
31382633807
68896514991
04745486006
49577983898
20346965730
06535958914
36147107852
06165780911
37344513889
07105033347
17496793701
11443547905
10677923767
46964021850
94634394553
04651767044
44308482895
05264828776
08607143735
50567067874
45839640808
34884632818
48581258824
06288225703
05914443997
98819674653
45967902805
06293836189
16491846466
30744546877
07717731967
45132883885
34290819800
04423701804
06353755163
22193185832
33662852810
06842506670
98828630000
47097480807
08170674859
10721555918
87547414400
26086154813
75488108068
06160494988
98432737534
14502137740
59037067468
07634037923
10635395444
11040089801
08979314752
41872165885
41520457871
93802293991
50773791817
17315920781
47568968553
86123434535
50935816828
11974607720
06836931152
70450805140
08569560907
12796777910
11290914907
39397178865
39612017816
33616744172
09197487910
43697215809
13961580812
70411907220
22810659877
06737861962
40968362818
45887724811
07079950198
13400295965
47442199852
42986973809
05172316388
36739915822
26632345832
10822219700
04469098906
15766619626
08936173936
25122282900
89567897115
16102926420
48024768844
92515231500
11564947610
81505507120
15810566723
14495515721
47124896851
70796860408
07205356970
98154869691
44817427809
10686590929
12208225821
28575832816
36470443850
12443555933
10909213739
05337728180
17864024831
09495155150
08476868766
09512499916
87879573020
82487529687
06679983304
05269968541
27544904857
10426743610
42625474858
08547375538
07781883616
08254027943
22493242807
80521070910
46957094812
22067238833
36582038893
17836422704
49545060344
66660289453
70110233131
17830124710
44305726823
39112023850
42157328831
38257242802
26709486850
92470017149
28177678884
08178263947
04807734911
51753103649
42004386827
05283079910
62799576915
07333592995
60590327968
09044623664
10763641952
08667429996
07329513300
60406208700
09368600902
80943047153
29201478895
05374814192
10123681650
37105501812
10882865935
14389683616
44252868807
33041264811
13468044780
87700808953
37876476864
06112737213
11654989959
61195533390
05685366736
93940270253
10938023675
31587678802
92551904234
10476115973
43658076844
08421000918
11475626797
21501634895
05922595105
80913814253
49414701842
11582911916
05432191199
85710300063
95002235620
35228017844
74303643572
28313808802
37523427812
49990269882
25271306828
47311429897
70018670121
15019069760
11273497406
06405585425
14890443703
25936412822
08584369651
42356596852
11276416628
30897778863
77772059949
43849422810
65466330191
74185683049
06988080880
70654733171
80579922391
30266515835
15653819719
80866247491
11747988405
05617976923
84361085404
27474146800
53429427568
40081128800
49434724864
32397728842
13767680700
04305956110
09050363954
13757119703
13516534745
64213625249
34129093860
08077536611
04928956192
48679057800
50256814805
23416450892
04563147923
16415602748
14829693606
14147948600
34852093253
61421695316
10447119737
04483653911
05424838901
40958034877
12031644912
05927054390
40452521858
04818215031
12122641770
05706115125
70732380200
86527207468
97207373600
53877420044
09583452793
12707385859
13053912686
08411481980
54996279591
85426997004
80294464204
05309014985
12585463966
45858790801
33322742873
47162301800
06191898940
98123980230
05773634929
07795207774
80580882187
07273998613
22888797852
12506769676
13377541705
40207091811
26653485862
12126296474
45925707826
41319442862
05705641664
06009715970
10154862746
14320875761
04747944079
09486509905
30833444816
62118889020
65641256900
36821207852
25246393801
11028313950
29265924691
10484617427
43873175827
37441851840
27737581880
40949617806
44514045845
13712203446
11025145780
12847341706
04965292260
50652624898
08886056338
11147053901
43388136874
07611033506
10829816992
24885263808
33188057857
04824127122
36128435831
09180272924
05905072736
08132565932
71164332104
56477244934
47961075844
07148735190
04383971180
12749413770
05670466560
04834360113
08183212379
14567259718
04369126002
08198104950
07212274909
29981139823
18848017738
89564081220
85895660304
44101994803
08673482917
07005042654
91988470315
07189367950
06903377956
05500321692
16358452703
05310838619
33588624880
28060752898
08959148911
13022012985
11260664945
04347466579
13228538940
70218580193
29244130874
42970079836
85191493320
75240343187
08580705967
08227823912
89078195720
06869001111
07069814488
13927276693
43941905848
09755186662
36547086844
06689095606
09739194699
09446458790
08026683560
12305157800
53652516877
16869097720
13442575850
08876422684
29507450831
08151115335
32679735897
07066217780
70141411201
48055261814
13854212666
41246943859
14602312870
82560676249
45081463841
04397674906
11051912652
22627856863
55281885987
04397296456
00073190101
35569996842
18093028897
13189737673
00027222080
04097102613
63989034049
02165107911
02802339222
00013693344
04223177133
00628669313
02304656099
01145035086
02453017128
00010099905
90364074272
13926400838
43277711803
09899870609
04947899301
19079785857
41693850125
10568805623
91691133272
13234354685
74820729004
38935059897
93168276120
92042732320
80031141951
07416825679
12104456975
58355936000
76826481634
33232069835
47893846836
97315877053
13718318822
42174227843
06025440921
07389273500
13658865652
05256371177
14604021708
98483722020
43108360892
08727271900
09095026922
70767592255
99106400078
67856160934
76180271372
79935338991
12108301755
29860358842
43246738882
33508033856
34660890856
07354074101
08423084906
07876879950
50013489860
07081442412
38946523816
13169278657
33329040866
09684676956
40564307807
35855168824
06653948536
16085687842
46099361863
28689671838
33578832871
05814484306
31907003894
25009607816
74421956600
16313761871
85865538594
09825305959
86115620546
12950013813
47776700827
70554059126
06439086170
09327333950
10781193923
37482220925
61473945330
15300834785
11425232680
59382341234
09369942742
71105971139
06398327764
10849642957
16936862870
05210108538
36090755893
12317690762
49714538068
17477885701
09363993760
28670370263
06383686690
04533834086
32946262820
13355061794
04306517080
40922357803
41691880809
28187683813
09859600945
05230689137
06997262392
45538864804
49740145876
16812620378
35164789850
07631377901
40452000025
60750006234
06308609129
07846906852
85039896549
04544861110
13128627690
45267587877
06446764936
05521986928
08230661936
36358246828
10640218911
88217213615
04461610985
43840065860
39233982807
05748016508
12475563958
09592151903
10673754731
10274488957
05390409914
21444530801
10580809978
46361516822
37704493809
05504001099
54888645809
11739168496
38543935806
70327184183
44092393334
09653531921
09109205403
29535829831
08111619944
45366201845
17424484702
32089400846
39013530893
38817150886
48994397841
06376405940
11596496428
38258484850
22066563889
94351759704
04455552030
11998690903
18550153745
97463400930
06386860160
05703184169
17656426710
11618499475
45559051802
69957908200
11276799969
65578120091
05962543343
27762732829
88135179987
13258097640
70706385233
06452569600
41794643818
83773657153
97230839300
70094571155
22580491805
06319018925
13676175883
48684454804
37235705850
92631843053
04716239977
11254466924
89879791215
15094275704
38898795866
11406604976
07234516999
28009238813
04377394576
40098237802
04315080110
14639860765
08158308740
48799559811
35584864803
83835415034
99414627049
08480726180
04715067960
65961846415
31602019886
70357214102
23149683874
27413066807
37266761808
10841893640
99191245753
14705543807
04833371103
12400832706
17414980740
09799352967
07067358701
42380128871
07459380784
83676937449
10067560946
12596072912
18394847722
10618337636
90744004772
09739428436
58002286049
34894891875
48415614802
28298302885
50469433876
73050865172
26481293839
28352277847
45230494832
09143958664
12606072758
07757730775
25589362806
49787901820
11143559924
79033199220
09625982400
10578671794
09119888902
07009499683
32912576857
47076451867
04680859121
04310788904
39389778840
35026582850
44518098862
12211366902
29091126833
06213395717
12625520442
10027215717
04305234084
44899540850
43405203813
11846268982
13008576761
04968990154
44069176837
15658888719
28302896845
94900809934
10013337483
25660571840
11145434975
19339308883
13695634421
33644196800
43780787830
95267387134
12579111980
28792497837
12443642402
19161912743
46699250833
06708467917
48133719810
33965473816
46029557890
39569666862
14800919606
61333480385
04554996670
07721433584
07969967760
93008562604
10410154962
96649097187
04995051902
35860560877
30268351880
11671313984
87211459468
49981898830
84537973234
89490967068
47986897856
15123025707
26508873890
21506534864
48240362591
09986070708
10775813788
84930560144
09392145985
52495086500
78704650972
04329832950
09161172430
13336483409
34572199825
84813300006
09545214805
05507282951
40813571880
48186674802
12241554910
44628330824
26239976830
07687811593
45138000896
11023725959
25689158895
05724621070
42659246890
70162337400
61415995087
10839797958
44869577844
13491107954
42774872898
22444082800
40322093830
05995236970
14526130877
07385652964
44268564268
87187574053
41195977840
18244077859
34328307851
86416511525
79423620949
32476563838
41397162821
05490449900
04305878992
10916428850
16286263721
34199958819
38196583869
41382972865
11945413808
04407872624
04748480009
06942084506
05269478960
46023118810
09427549998
09385196898
13065075709
06735195973
70860475034
07080962200
05360979500
29489076830
12166609996
14870865718
95648410204
40461245809
08494647903
12970243890
34093690820
10307789730
08481286990
79654070278
05302093650
32920500813
25574445883
41809597803
70944140483
08095572900
31972798839
04844365975
42494220890
07554158333
40022049878
35736224020
05222231763
63307006487
39930574816
88813649991
09007215965
97910198000
42891352858
78471133091
08808226948
07148858194
40987925830
50101230885
07948583920
05416174943
38358744897
48475791867
07053760871
81593252587
71354950127
49341833884
46435787859
30262710803
04855382027
04445601900
12297262922
43384995830
62694545300
07417394108
40956614884
05113232203
80050801902
47773164835
51350825816
20256615845
07596590608
29601704825
11080542930
15007651630
07957593208
43994055890
08834921992
41306291828
14888177660
39326411168
11371284610
27566649876
07141656383
59053097287
46446961880
75613077134
44087223833
10603095992
08327219723
46978910821
06177264182
74394649153
15209994880
08828808969
10168822709
07549740305
08088518105
07924272976
84668989053
39196385812
83171150891
48028034861
07836931170
44283359890
30660332876
90441575153
05826663685
49364061802
86456551528
55525133806
07441110130
37552211873
77404173787
80682839191
09268459930
36095001900
66000734204
09252036458
40650982894
97143405191
50312883889
31872059848
44137771820
05334858008
07374501340
06452693956
38143862801
06760005414
41903508851
05630808923
70090665236
31950364879
45628953814
11235024989
40585330808
06090110655
43864646898
99398044072
12006281950
32409446850
40245030816
07796993781
04525407557
17514537821
53270613881
05408100618
09173964646
60948234350
12097525733
05151646745
10066654637
75874431349
13440342760
07809406957
07054609913
15977649819
70808908294
38842693804
57505721291
09948176499
05484728665
45350725823
05149926973
09956793477
34430690880
13154802711
38858479491
23526405808
69810176368
06559789179
43206624827
41577941845
72188138104
08190281933
72373156091
07238468638
16582866850
13423039620
04343612082
28095617881
70374992690
43898473848
45233266814
98770306087
32059036844
35610850835
08768575432
42517613915
74806106615
27627693888
15575399796
36542008187
30710580800
41546131892
09870151922
07669448911
12462960716
11021673986
16802372843
45698724415
11829334670
46213501886
14442330921
06216711342
15216651683
08339277952
15692112728
43484957859
45065039372
12913887619
07469955712
07487145964
32650901837
07304744880
11212269497
39965343888
07193259601
05128876160
41015366864
04980221025
95711112600
13283703990
55179681553
06980960105
71209575116
34624743830
39113948881
32678257843
40835566846
96771658104
07600207958
05772669770
37829406871
36254009870
15448400710
15392176712
08611770960
38226961882
11361860936
06427361970
57767300668
04880517038
30804267898
21897841825
85837354506
80633501204
07386360614
13467400701
83188592000
46545637843
26981369877
42096098890
18638312822
43168392847
05326681625
29672227809
85792284091
45907262893
56965613491
39304378800
28326429856
09190743911
19237653700
10061127663
47312558801
04339202037
83687971015
38157343801
18389351854
14431482709
17422858800
31491429895
06740672156
45478469874
62510631306
74076213220
05958182935
55257089653
70161119204
05089830100
45089460892
33374523889
14268066713
14236403498
11709435941
04483546244
38637914870
12092668650
39513929833
11360281452
07758675948
96707160710
74466968268
29465292826
91826292268
52119823553
37356361876
79547516272
43285357819
24676391854
86363590310
57606560668
05358427597
92936520568
20044848706
48538102850
06951672601
17546202728
15355526896
09550636984
05398176196
07098640948
17809184709
14438360790
13780584450
08392865979
08532268900
42826763881
08191231611
06344059699
47908147852
36059042899
05098406048
08310410484
07232775911
12160044636
07278929326
44847829875
17542408798
10912750413
25452951830
97856185600
11956448764
94439397034
09059897404
27842188807
05324274755
32838577840
35627563800
09918025948
12456602412
06754705957
12724860870
90626788587
11512785997
42776959818
09023007689
07177916377
08199406909
06240576662
05846993605
38242651841
12363440650
70231605153
86108883391
13687269680
18464531788
17765887890
10244372721
13763094750
70352787619
23613354845
24622227827
06744682873
70964528185
09796864908
70772261237
12005025747
41335265899
13925310711
44650869897
08143012581
33078470822
26711616898
14000025678
30297752839
95490299053
38282336866
15395931694
44960358807
09044341170
69229775991
05035995305
06837413902
10204379954
35842453894
07872599341
06362803655
22312440806
11207908673
70613735129
14972011793
48008930896
07451256383
70662945212
12823275770
94266328168
10906920809
36742173840
27861962806
04836552958
31988803861
08563175947
00950571962
01936762900
60062959034
97807028300
49178375886
33918610888
09203870636
05532186111
44602720838
09870553990
47965456893
45495903862
11234677903
18339144812
98003399149
42909248836
05861582190
04505777081
23736892861
29803213890
14421248657
04450556690
60258127309
26238464801
44685817869
07249280147
91096391104
71002545072
08085516713
53670272968
12252086610
96997559972
04857657139
06751015143
09487828974
47835622882
35586357879
05613297100
11836861966
31937532895
06123075306
09989665680
12053666951
60644731346
05907693401
21723803855
70505111101
08933444785
43948218862
09286801939
33528635800
09078173866
38262893824
07224372269
91351693115
08277146965
10870454951
37127809828
05548490389
04939653358
21925198855
29646884865
35839770841
15483298861
38412797833
72825863220
06382572713
34441492472
42261413858
70700833439
06467241932
43678698816
05242182776
12902956622
38912371894
08284129957
37253510828
35437281803
39224016863
06476677977
09044963929
08413917697
11552062902
92337910091
44086324814
07466565999
37546147468
06268297555
64987981300
24801791840
31460973895
13743666766
05938888980
07070514956
13138358977
05276762686
46524261860
07105537655
35461333826
68239467920
41081338890
05893263766
71053792433
84569034187
05384456612
04907097026
09249918607
06606579961
45933175846
21324943807
06236489890
41640960805
09578934939
55357032220
85981451734
09151063964
67205569249
88037207234
46289256823
83004254115
47263391848
86015893249
79139280187
06106232652
12529312982
30255345836
13322213862
08217260990
12279937905
15659279740
43811226827
07273502502
70178141267
06144589198
04415711073
05035985423
09555551910
47933258824
48817060801
81660839300
07740401730
42883675813
72497548153
08319221331
10037859722
25112418893
12409220940
36430116875
46265723839
23231343372
13906327841
06275602538
87475650715
45782869836
39535700804
10214233944
06118961921
16734660796
05993861185
10606894640
10837445930
37809055828
93232985653
04801012566
54784796835
22082806871
05664278935
46735634845
43524218806
09460359892
12793645729
05515399250
78161835349
87782820049
40435148400
92945880415
13009033842
83185593200
81544456034
12242631705
44933276854
49694527848
09298272952
04683474964
07337505167
88404846200
06295121160
08328357909
12836510684
40237617889
39882163807
04464134378
11059519607
07185504988
14104161780
41498406874
85201499368
08191626632
50351582843
83050795034
70337508119
06157931264
35989488831
16840536840
07424581643
09252412964
60717022323
21813402850
87225182072
27945225829
52591887802
28018428859
06892228151
89406230291
30417795874
46224573859
12737469961
51355915830
28632251899
11248162404
25607919862
04927258025
05329133963
63907089049
07146845974
17617780729
66600855649
07297277509
15684413714
06465798433
98430220178
41748000225
55100244020
09525094820
08770024448
38298344898
04587229016
07377672609
06500964950
41133584861
80557350344
08411339726
09502008405
09571524930
07086561100
98797239020
13099012602
96700190010
06881046499
09563927680
05295292975
19090833803
86171638528
09123662816
07294887993
46205355833
34795335826
09937068940
09088973911
39140216837
41460039890
67975240672
07285301981
30713691824
47041819876
37898132068
06887323648
12297169710
94930643104
31996409824
06807811969
08879104918
05245407990
13020830826
93982046904
06053583545
92934650006
12528465416
72014695091
08653853510
44242800800
37857702862
32408808812
50044379803
28497896823
11199100994
36239462810
27412719840
09064114919
25144700802
07013821551
71475226136
10063038986
10113803907
05690539198
94559090149
11978316739
18727904881
33275376829
06549933943
10797104690
14100905742
07255858465
10342445901
41302777823
05295651967
38356565898
85875369582
92033989291
12619133610
70216099145
13469034761
11134883951
13828682782
99703726291
07772836970
08264763928
30467126852
05111667962
25973322840
53169255991
06616963918
05623001980
92308350482
11305273958
71963073134
16181958754
09448517700
11649262922
71383631417
27855606807
16564236778
05966989095
97530565915
12816665640
42225157871
62528445350
44536999809
05875555130
34494421049
97592765004
50417079877
44374712372
24022279826
04365099116
32284989802
10051974665
32037579829
07968585350
44201355810
06941671939
48362296852
40007144814
04785310529
66128927572
47130680806
08722584757
11267300418
15350607782
15880288870
72505060215
05787881958
09147040955
40064767876
92082335100
10238998924
57185352134
62659071314
14951905604
29589257810
82742669000
70256387222
36737678874
29835473889
10890504881
06318178597
37756823842
14428678681
13689031770
05788067979
95982868949
45113234885
04937930036
08159827989
12037598785
18810430700
32780607840
04681965103
25989107889
05731174970
56544228800
51336720808
39289952865
33403518809
36922358600
46306138897
04622011123
31306549841
38639430829
70001481606
05292447641
29899906824
06421651577
06576134959
29330192807
85780125503
85690520063
77037294420
69921733168
28912250078
27300254802
22021010805
06978064483
40571787835
10956659446
82088810153
11225981735
41517311802
12643051769
11593110642
28404881839
38611968832
37390955805
48510526850
08390173913
34659647803
13480259995
45949597842
04513838850
65693272087
06025671656
12050979967
16984322839
15119972730
34970254885
11784522988
06611138927
09339525973
38450693845
08067870314
09397956981
34123066810
11824934750
17511826733
23344253468
79732470500
05659911161
16892435700
11841572780
36239946850
44400131807
46570489291
04358539106
11142164888
41653124873
41042366837
47282632820
08764984974
60444711600
33547208831
06295528600
08876298908
36502926886
10727010905
29717208883
10763695963
09762393880
05019480908
07015510111
76092801949
06278864266
39574877817
40905841832
70244487251
82051836000
73688398068
06633010508
07638915500
11713253631
21750049880
41184197857
08174432825
52206944804
44835917898
16472694745
06462574984
37922931883
12377604960
34066394884
05507165130
43867017883
09038821670
14673586654
08888900446
06313880609
87695219134
04637462606
10364822511
65462947968
10483894648
13476040909
93515340149
34436086801
06167189188
34628279870
36782027801
42247203884
06456763223
09598881954
68409133091
41726893880
05342261759
13226656724
30639505805
83452095991
34246561860
06104597670
37409346892
07518605570
42096519829
05688754940
11993660801
05735194550
91663725268
72225181004
78962935104
38967854862
12415396850
81258607972
51198163801
04709272328
07891998663
05505927505
13566716758
88701123149
15270016796
04323836112
73121924320
13586383908
29780393889
70009027602
09953631450
06535769275
07108119935
13395170608
73926647191
06759646525
04894692481
86854372100
09568838422
12893127703
09313226936
07861550354
11509739947
44726554034
39463512802
98185322015
08950492954
42460138890
38390121808
41326012851
07033881932
45203157863
50479356807
08055221588
61061727220
07726778911
49381031843
15573777661
69384088072
14291186878
56067208253
59093307991
32603595830
07832211938
40311952810
11141388944
46713358837
05486800860
30743947819
04358537243
09273288448
05691468952
11919215735
04986592084
34464502890
11558650652
29471899818
91467535249
79108210500
05658011477
22974941818
22571158805
90152050515
76809471120
27262516841
93467583504
08652545758
49937008816
67078230949
09182832641
07516575909
44224439840
45712349884
06758450171
41118805844
76785629187
41565417895
33254398882
32326790804
30994160291
25956129808
04663692044
19814697885
34505744850
05901483626
11127802976
08671228975
47310743806
32190947839
95113703087
05878016974
86155180091
71119036178
33872204807
23743924811
28867780875
07091986636
12329676883
14595812450
85775256514
36702434880
60437499472
43280969824
10916364941
11899455841
94170240600
04347468512
13045730957
10374520976
21798045800
17113147810
36861104825
46655149843
10249243946
06173371790
04627786654
48462573807
20640131808
36167841829
21546637885
06494564917
94754047087
40845931172
67313540230
26470206808
18378977862
33236954884
05836605688
84560533172
16168800824
14630155694
71329489462
11204797706
70559581130
10007845847
34583713894
87784190000
52253108855
48066387814
10703726684
13499441730
40858839172
36705005882
10592928900
08772108967
08233444600
14128032921
11285807723
80446655953
31389803848
06914190518
36271754848
97598283087
43985935866
09823945780
70981965253
70025793632
10471646636
29142236843
40269531068
05999572630
49122413855
11683826965
50273681869
06279595986
94100810920
04139197900
04033912533
06482018998
29672164882
04072946940
04284802925
04020013039
04034818301
12500325636
04287256190
04270072164
04079088205
04273002078
04064352866
04187492054
04117186140
04030416004
04017712290
03972921128
04007068496
04044764573
03927514969
03970607426
03954494990
03958392547
03980304051
04000273809
03971972179
03956497570
03841906001
03917227002
03953993437
03944347900
03886095401
03867504911
03908071097
03842139284
03842025009
03835877356
03841578900
03684007005
03740797576
03773785003
03790846945
03689063299
03582238148
03734047005
03588681140
03673374010
03556874024
03717765388
03670922121
03539607641
03614201961
03650204193
03632461937
03573130038
03559243157
03542824682
03445689970
03262606685
03519513935
03488023150
03413842919
03448552100
03483859780
03477162021
03349456235
03459605138
03443852211
03443848532
03435447419
03312761786
03412876364
03428202228
03417608112
03236355980
03420750048
03382496992
03411500964
03204148920
03107929085
03309768007
03325980040
03270462018
03191678603
03084017190
02902528574
03222441103
03020263204
03150635993
03199992200
03115646070
02981414933
03013665947
02994083027
02993745050
02974054110
02889073025
02852572001
02954411279
02611825106
02732755184
02580681086
02841421074
02832692940
02533608971
02789907030
02800552000
02507859350
02357629703
02499783508
02653968088
02794166956
02769403001
02448105596
02334220213
02434025110
02320938907
02259917054
02373051940
02335467239
02326750667
02278497103
02289589624
01952642906
02291544250
01955167028
02189646170
02238601660
02104545986
02008951928
01657122603
02041786060
02016045663
01744637075
01662588496
01617910007
01911375610
01792026188
01738132757
01622758110
01640725008
01731243219
01681068176
01673685080
01581792425
01549454633
01370178123
01598868993
01459869184
01641503238
01634132408
01362522902
01622290038
01570564574
01599911370
01513571109
01509099344
01560455080
01543787045
01319145108
01358706158
01387126202
01424717205
01380779162
01359249010
01404107673
01394114290
01298105927
01180006917
01211671437
01315001632
01308382090
01240586710
01312176237
01240063024
01241787077
01276070640
01215601980
01249219140
01267556986
01239974965
01230143017
00799561908
01172064660
01105625265
01175163686
01112727345
01032994240
01094878189
00706526007
01120091403
01011942003
00911159061
00873267362
00978378903
00681950013
00989034038
00519797051
00951302760
00479077037
00701804319
00906790247
00795261950
00494318384
00614780322
00409194204
00337593329
00377380970
00535434596
00395628083
00485952092
00402081099
00406092192
00387946594
00340257156
00406087270
00359382266
00205711278
00368581292
00312727119
00290862302
00329437259
00218062095
00148939597
00251195082
00326571531
00247714224
00160153042
00104674326
07256871937
41646474856
04879113506
12877695433
16573555864
32777431876
17519246701
90090381149
47303123091
12221726740
85077097020
52353754830
05768793984
04959827173
75339471349
06147926810
05524738984
05370287309
04344770528
33901778845
39921916807
10616032960
35173805803
59714522234
38814126895
31976166268
09341347408
31985907879
90315588187
05048111001
05217844922
35183963827
99609681115
97661732904
09798630661
13160711625
06431454197
04515953192
04722375860
21988258804
41307150896
35546770864
16555037741
30345256808
60135771021
39430989820
21820454819
05256235745
79048285968
61245286307
05320635540
07981407800
84988223000
55404685204
42449487832
05263950608
13952965707
21714627870
09647369930
74143611104
42173176897
31492610828
31411119878
53690534801
10696002612
13008240933
44047880884
17097279770
12632692733
36043461854
07539400196
61322132364
14046000783
17213839721
09166723957
48004236863
48159361882
10667188657
46774678890
06188372992
06159104918
46467126874
44420063858
11729494927
80128707976
65757939320
75604108200
05529209408
38522059802
09005421959
16967643789
23748151888
32483577890
35825193847
07698795942
18711577819
98928619904
81831129000
11939160979
46769625172
08179403408
15310627685
06759097912
08644113674
07059517154
04785068302
10283597992
70711126496
45120642810
57716358987
11281789402
06280575128
05615298502
08089023932
44677324034
14045268464
09539160731
48132531809
28931339836
39423072860
15560839809
13074732709
29658114865
07035086102
36880128874
10376532467
41987874846
27077524876
34517567818
44073543806
12171483610
32474734830
05721352116
09860921423
61063934354
87834600630
32002075824
14574921803
27986882808
05471511107
07555545900
97642622953
06854998638
06684792562
11405664908
11192252721
12732977926
12752082908
05832252926
94475318149
88613127053
43350930808
07144875116
32406015831
06862626973
08860112486
10247059943
69612927200
40825947871
09402754903
06855128190
08943485743
05438653984
09560783700
11502093480
04828715983
07698531619
06417533905
04736849851
10774492910
18655562700
32857583842
35983000420
05583647990
05876952770
09047545966
07779387747
88158004172
10202503720
08720887906
35236845874
04425657470
33836073803
04275760913
31666147885
40051861810
04199773509
04181616908
04183947251
04213275965
04126591311
04215090075
04148055005
04211275542
04205549393
04182104030
04108683960
04168056988
04126944257
04157821041
04147338356
04133624181
04074644177
04127509961
04082944184
04120824977
03994867045
03820795154
03866028083
03851416023
03860697609
03868171975
03759336973
03798535078
03826393244
03705247727
03784212123
03745184912
03791762036
03789559938
03773729359
03710522030
03703779152
03706957477
03691523013
03694231196
03673783700
03663602052
03682644911
03692970919
03668301980
03610049073
03677324165
03649678209
03587089078
03609171197
03658712066
03612118722
03601339161
03601256207
03587109524
03550906943
03522796993
03526507023
03524606520
03506832980
03509706102
03481228104
03495489002
03537403062
03508168166
03488335550
03494315078
03495212710
03452447022
03431227902
03468986505
03407937083
03444361289
03410205080
03434113932
03432758308
03374783414
03293361188
03366363347
03271568995
03262053732
03347414918
03318239500
03306725170
03308427907
03282475020
03236106093
03268034837
03239206595
03216186539
03267760879
03251060104
03242457005
03238262025
03203686376
03145681150
03207758606
03159658511
03163161138
03135567095
03152331410
03112329228
03117135480
03112008774
03109856255
03107751910
03087831743
03050682370
03025525703
03044171229
02874058939
02931713600
02928842900
02901649076
02824085509
02900989981
02885787163
02819768059
02883067082
02806092647
02823953264
02842643348
02784189880
02802674285
02776565089
02800426985
02761824059
02745863126
02791347380
02789565058
02660418926
02737117925
02778411194
02670624278
02760906086
02726884954
02769171038
02728611629
02659516235
02746979047
02695257341
02692125908
02579245901
02678496996
02719377007
02683373066
02636175482
02634876440
02640379445
02561583040
02628739909
02594602493
02606707079
02625573120
02589392141
02515194907
02588860990
02586538099
02573866963
02532737905
02584056003
02576723110
02577841795
02571046152
02553532350
02558118960
02391648065
02515170200
02514426162
02497920109
02384551906
02487130431
02451278285
02457853370
02484162944
02478270293
02461140960
02454557363
02421590019
02316308082
02353138829
02433882095
02391890516
02386296946
02377739296
02317483619
02306681945
02312776014
02285626436
02248969031
02290002070
02216782718
02154895271
02134835486
02186564670
02275329960
02268113108
02191720056
02246396921
02159050083
02201263051
02197950029
02137446006
02190140943
02187358046
02082617297
02060933226
02102756181
02115097017
02092806700
02059598141
02057488489
02072642361
02056885190
02056633116
02072044030
02017935123
02047933005
02046991184
01934701106
01920489029
01976263514
01926571193
01988210003
02005444200
01985874903
01970263709
01911343173
01917464100
01954562039
01896760350
01901631192
01884445640
01882576675
01846106729
01835244033
01890175978
01829972006
01901612058
01828237175
01878424939
01842075926
01766290175
01792592108
01771233117
01730504760
01802922008
01786196042
01681179164
01741775000
01744255113
01718755244
01745934065
01729163050
01736152017
01695458222
01660451019
01702116069
01660142229
01649111207
01543779026
01630469564
01533327190
01493202219
01600096778
01582424080
01521581037
01534842098
01496958020
01543465943
01481172107
01466353708
01504947932
01462917003
01410697169
01425319793
01464725780
01460014944
01324285397
01292263946
01313373001
01260256901
01255758317
01275653103
01260338037
01251498752
01254921974
01245654926
01171117086
01169992099
01215826982
01220008974
01227547005
01215622988
01219888990
01169192130
01176578243
01084878577
01129659208
01147133166
01074650786
01129608042
01014083230
01037549031
01020566922
01103829947
01081351012
01005033064
01060956098
01071314203
01055915052
00987811037
01014346428
00960945911
00932436935
00964104008
00960902945
00921664150
00924524936
00937842443
00810025051
00885918916
00946833958
00929639278
00843561114
00845695061
00898448905
00913047929
00872330028
00713438908
00828721980
00845932101
00858865130
00846150522
00726679232
00773561951
00858984903
00728715392
00640961142
00789937921
00775440051
00788807935
00758066066
00682978078
00760325154
00742467554
00680267905
00743333055
00661213021
00667961305
00688306101
00689915179
00662642279
00625913205
00625351029
00656426942
00627980732
00643762060
00638719984
00517853744
00513264930
00526449012
00611102994
00534891012
00544377923
00460021206
00505270102
00501381970
00513337911
00432781080
00498647935
00495715328
00422807370
00426840992
00442422393
00435342100
00414942027
00373434162
00304906000
00397922930
00344570975
00321410173
00235315680
00198472110
00134435265
00241751020
00305079522
00096473410
00125589581
00057147027
00126242178
00100885128
00070738289
00090491343
00020310196
00002924358
00026577402
00016089081
00015697673
11468533606
06951963320
08510417601
55636730900
43128110832
81824904487
15226192835
05516089948
48279597816
31253972869
90954068734
22742975845
14143201836
26769015838
14323227701
08947097985
44472914875
40046571809
27055365821
15788786754
06382300128
07537713499
39913320860
09706374973
70133065685
11242783628
45380116817
15250569722
04972638907
71644016249
92837344591
14530984702
44775160885
11907172718
04332545052
10292244711
04562865350
04920045360
17099531794
12361448645
08189434918
82071381904
17989069881
90201302934
11914144775
06438995967
11405380985
38185855803
06459049459
10185987664
09617340941
05076758197
29906703865
44098277824
44732790810
08146882501
04730388119
14352037800
09867361989
10631889701
30281348880
12251460977
90470311215
63206625904
35264166803
98540009072
31861264879
05790041981
44849530800
11082572918
81566379091
07794125596
10958348430
10578975742
04794037082
32885864877
70156159163
08705133971
06726812698
04659398307
23425217828
10517257556
18402626807
16962543883
14502737690
03593129698
82888558068
05114240358
04883309983
03549628170
57992177720
01827597410
47078482816
00877536180
02949560008
00362766002
00407713182
04336421226
71427465649
27860685841
05503321111
14122317797
27018122830
07880027327
10080233961
07229637775
22288245859
50753584549
53270288875
44866505818
27210442812
18633492865
70175287198
57488401972
15607493776
48606815845
13394332736
70177855177
95120114920
08503220903
22421133807
46215070874
33062554835
12590666659
06997124917
11706347707
12546625616
05961426920
10844507474
32172440876
36877841859
08965576180
31069591858
08518735963
44251105877
35701713881
13279150906
13873159864
75483882091
04991498074
47071698805
41635935865
21304193802
34887211830
48227234968
07514615989
10015379477
70946248915
31779452845
91001765672
38983335823
40368903877
07415418905
85730939000
45868646215
05058306980
06873423840
97978175120
48563788809
99447428053
08778587999
08706845908
17266534712
48103504874
32537686861
09912208978
74142550187
15871963790
09931412771
05628037931
32618932811
11556770995
35126394886
08743862926
11757068686
15002407706
32586174810
83219056253
06415397974
66199468368
43647550876
06116713017
04641059942
44366655268
31272909859
30585302855
15351178770
71595082972
36636400862
19786960785
12508102725
24862305806
31341349187
23956314859
92539980163
14508854974
25144805825
28491857877
41353189830
11407958992
11463049943
30943454840
09271238869
41312939869
05127016958
09691337746
30232754837
80409989991
09710497936
70798630400
21968002871
49215649816
07147794907
05286777724
40486382893
12409916813
15048707788
09493143406
05978903581
19500875810
09912023927
12182616926
50022366857
04575584312
35039100850
92700144953
83954350297
09384753718
05071869900
60513704396
11239734743
44432584858
19761612821
32735505898
05816843460
31051693268
41016340842
04304588001
09949392640
05869055709
30781966825
05870000742
13753099600
89825446072
42220354830
07661114747
49986459869
13083257627
05132276105
70419548114
42581428830
11294687980
30416699863
46417095991
07627373360
37618548897
12224625758
25139136805
16302546737
06709855465
12244530850
08103077909
13196584909
07476816609
60695025317
81234325004
79061656591
11411731905
32711269841
85461229204
08599692909
39976554800
07292532365
13748189761
39313910861
52345399899
04494538124
84496304953
73615242149
45690008869
09207265699
05061507630
55458114949
07771367917
34703868890
45692776839
11827680830
05648584989
43003381830
28852445854
10330493795
33949905049
33311111800
05138391194
05326453916
08348220402
08264681956
06716457143
86446246528
18059761765
45071675072
32170794859
39487109889
13217414721
03570368912
93740620110
04224295032
04161074190
03363949189
04290924239
03331203025
03352584095
03291425189
02906043389
03113589347
02578100136
03017201937
03422412301
02734197901
03337862977
02693721300
02711683907
02928381902
02132357064
02722697190
01920623108
02574181131
01009805975
00377948926
01919939130
00031273033
01290520607
00986412201
00336153147
18233487775
08339942476
35403966838
45711407899
41088074804
96258934404
11413454712
47995569831
50382158822
13056084610
25840591858
98380931149
13690506662
11376369982
60277292360
50713076852
08751868580
09695697933
11601386729
08338343986
05324088889
13689173809
05956243325
04866888954
44740332809
37102705883
17422336862
47858631888
45153595846
11302133403
49178484820
44307926900
47901041846
05465260556
07106568589
95585753053
23305044896
25861211809
12360778900
07617751109
30833940805
88542440153
12106431970
18194945780
29240996842
29594477865
70025470205
32174188830
35020322890
88069796120
09706673539
07415119240
84502061034
19067668788
12010366662
08476986963
16482544703
31342981553
70591824116
14600410700
05427826181
13940927686
36430779807
11059573490
48166031825
41493642812
61514594234
81796714453
08811995914
17545370813
37993126843
41380798825
47381657805
31976640865
08807151979
16655678641
30137944888
11343555990
06245111978
08347591954
24831498807
13599797943
09503489962
06459719446
80078842972
35776387884
51787442845
48508892802
73748625120
05715050901
71535332492
06634774331
04699435130
45420117800
22737333806
05621535359
16465843846
07982717950
11005839980
05959105560
20610005847
44076498879
22542309809
13728832740
04813091954
05859833725
33634015829
06309492985
37890424809
07891227403
07349943466
04714743120
05105339142
04554919927
14270645717
39591132859
86037830550
32801117811
45777441807
28072204874
45679685817
31985865858
07363681910
09144678835
15615213884
88999149072
59380950934
35191284895
45858244807
70360495290
25578284833
26267579859
49917058869
05282262908
10826925901
06428865203
09069634945
06808075948
47934015895
05052922469
38455681861
37551096892
80872263134
28842079880
08001280950
37126957807
40926636847
04320498941
44180110130
17493748705
10993788858
04971324194
44712019808
71597077100
24605179801
25431563807
93590156791
06292047300
27400205897
09427361689
38524072814
28030683898
38770029865
39133742804
18745329745
09235171709
37546226848
19497960867
46501654823
23180278897
37759439865
92060420920
07966517608
41318122821
08215476660
12546649710
23246307881
05463500380
56534370182
16725886779
31365193888
46143200823
49015654867
05387754320
70367631407
38646849864
06717889497
06305476454
56890827830
05409964160
11370978928
13730617664
10192147919
07443599455
07837358988
73054186253
05725121208
47475825841
44668776882
10830458905
06940157921
47778266865
33768866874
06299428546
06077369179
28905688810
04405029938
36098592888
47451437884
82962510515
35000888804
33406175899
09415399970
60466654340
05596994928
36552653875
61432425340
05942200920
04327828181
45388724824
13437744976
12386673685
06593494933
44907651856
14095102985
34901886835
16848702838
10570970474
43462055852
58680322415
32885785810
37258834249
27025193852
83294490178
45310561838
70498761193
60698238346
07680402990
49976145802
89256719053
42201315825
10350185948
09801113820
09573523795
42168838852
07308899390
05975827345
09358015535
37610065862
78339502972
26867637876
39888906852
74007947287
05166902807
05071154226
38350426888
79724167615
14263535618
33773703821
37802833876
82372446134
72373601672
34866276860
10626733600
11067243992
30346391806
05396188294
96371617915
35779962855
07441374979
34659532828
81277440506
13699225828
50171194187
09937256941
16085857780
07891235333
86110705772
05775505271
29525285863
86401588519
13278287665
09222374410
39041074880
07156770985
75645980182
42714579817
15199899708
70053431235
47646297801
37512079885
13370492474
08151523883
47626051823
88050343049
55831974120
33142676813
12574622456
07349393962
09604764900
17047992871
13055809742
06902201978
55082339893
42230119877
45761772817
07726722614
51897452870
43349701841
13735272690
07365194910
06184844180
84934387900
43746370876
20094050724
12975345909
47984765871
22193105820
22233592808
08379634608
08282741698
30462121860
36642354877
05781026762
13197071905
15010629640
52576701949
04584417164
10286849402
15132076793
32844878830
08538170902
06151301196
06049399140
38844428806
10745965954
46414545821
13970523680
40641529805
99786265300
42079224824
07611413910
61138266191
05227964009
06076693142
39789334893
08008848928
55907044802
05153269922
89673620059
84372214553
08982679944
05185164158
10541628917
13317033959
52679040821
46897101800
07112445965
22205883860
08345329136
07034471495
09189941950
09540491959
35201144888
39173008850
83229558200
73026824291
11988589827
70246476630
09586685829
40117949884
09023101430
37608073802
07431908156
41395990816
06834473947
30840678304
05108814917
12002811601
10833238906
11376164906
75256045172
93867964220
32963338864
31160390894
16643677726
45777599850
06995331125
05672584918
06867831583
48350021802
04761779870
81316470997
07014605127
39902815855
48360749833
08693253964
39053123873
05667903601
11584221720
11374590932
11351240439
38806526863
52457326885
41677373881
18270674893
91275334334
49255117858
07338159602
82175098915
17413401797
04817720492
38918490879
08563733974
48357056881
08731642535
08689127941
10612834611
42496882831
09425145997
07459442569
08495396840
87638479068
19265429836
07900256636
41683743865
08431838612
35222376842
10379544679
08518014557
33042856879
81600828000
18723831812
46447155810
94741158268
18212579875
46195287814
05395994416
36329623830
42344902880
52745382829
64597105387
78368596904
38330806391
08667545716
06635670254
04755612012
75335123915
10226999971
68150423915
14632229806
76285090106
17010563640
37535122817
10912144920
08762834665
54568243882
81171544049
85993020512
76771954900
35409891880
07472068993
96021888472
04655999071
15977290861
54530573869
28468413810
13430276403
28673536880
05494474909
09756080450
44257646845
30196877806
42889819809
10616615639
05654664611
10791714950
43028191890
10183963903
54063782875
41387777840
25566046894
38026035836
08670201640
39683387829
09366715990
46872146818
07165815406
08554542967
10237691906
13336301742
29306478844
32764037813
46847381833
14070583718
49063572883
37164543895
07576033193
61297364104
36721129841
31538871874
32758709805
64419630604
37854292825
09782768928
07655018138
37361772838
45203846804
11846373930
11257593480
14034835664
05721241128
40908327803
39769489859
10336382421
32787516807
34675583806
04883788008
14631386797
42439339873
11935822888
09457353919
07787351500
07991386902
85874639268
12294862910
96642459091
46673626852
48944772894
10742402940
30878628860
07213491458
05264622132
50858078805
08479978473
49376733860
12428039989
08847589746
11771872489
19063853866
16001860769
49983253020
29946615860
46378408807
05370055440
13009037759
08229626596
46434451814
10598212906
07190448390
07700021619
16871915737
40089727819
06615448939
07819721910
08478202978
13859869647
93709013968
12931605719
05703469597
96220643372
04365654209
27598631824
05292630330
70113783167
85125911020
37621489880
05140025736
07149369600
07896216906
10784786780
14249169766
73779768020
13464491803
06160219170
73335193172
46411722854
37366330841
32487249862
36184117823
96219840259
08897156967
32082644880
06752344680
98394320953
26141579884
33889749852
03749470154
04065191963
04195451906
04235170155
04157000196
03964234508
03881894950
03642714773
03732687180
02103123948
01848218940
02114154050
01487901275
01730224059
01882777069
01358149950
01525208640
01022672940
00806621532
00004639901
00011788739
00688237118
00667916695
00016566602
00312944802
05858966314
13294217790
04419883774
97848603334
77271157972
10243091346
09611852100
92830838734
08481718963
41836809808
98058169900
08865762454
81269579134
21672275822
06281291816
11735806978
09874091908
07185607957
04846707350
10648796671
10339516682
04681133124
05623678963
42941370889
07140795533
08814440492
30665826800
28872094852
12685715800
51878100220
40166164844
43660954837
11980025738
06774694977
73382353687
08912757970
86329859574
05915124160
05853072960
28042055846
05808767997
70794056458
07091942930
11928822703
06411791465
08754049440
04394438900
11165046938
38638080883
05294485214
33529571857
28692035866
05304355946
49443817861
22018486888
78112338949
09516521924
51903164591
08100719756
07276653919
06283746403
06255233260
44368663861
48231616888
42186329875
13736867662
28275767830
06844777930
05340618420
29291948802
29675864800
11442632984
06343776982
06295068502
74861263034
33999728817
09734220926
34231671818
06262448381
38056907890
07545981600
15262490735
11230753443
13165934959
08667037990
34592950828
47858937880
43574864833
10128054417
39831681835
33267299870
04869239400
35796617877
06380958240
80748902600
39202158851
44354862883
04361192340
09278759694
37645918896
22955153869
06279263630
12838526405
08945078690
43114357890
05601170193
45193535801
56020066568
04922477144
08333221688
04595764103
60558071309
70842696229
08679874990
06185832119
09449111880
14378793733
05795457337
11609617789
08313990902
80804314349
56052953810
58028650244
60871665301
31641068825
06494258123
10079565930
10713111666
07126066961
05490500190
31839625864
07569747984
39530442300
98697064015
29583183890
37376597883
11920281983
56660806873
36027805897
06719755951
07150538509
13254351630
16623586873
70816798206
11256472646
10027312755
91910005134
70196397120
32647532869
42006429809
40029513839
37194385899
09161453951
14647410773
85620939049
12192160976
88729958253
87933020291
70177557664
67212514004
14968324774
10415497922
05359372966
70901353221
32640740873
60365663360
34516637839
06083126908
12777191875
62248553749
50181383861
32121913840
55293131672
34565093839
10277701694
44896732804
53135581888
41487124805
06191052324
17657834706
49657065879
41348558881
28849858833
86154460082
09766229716
06876755100
38665232893
46276337854
05169027176
99936615034
45832348800
40651728886
17218284272
04788358921
46865097858
07022652503
12547677466
42348989883
04995992928
15245667568
15476516603
19947756882
09953136793
07136991919
15831390799
48196357869
14502448664
04764738104
19538099796
30539014800
15195814678
13025293829
96827181120
05794644400
06587213995
05973360164
06659005110
11838610952
94992037615
14920223730
07018801710
77281284934
12676912631
07553071943
80411240978
04875828292
84197269315
23805541880
05794659181
30049325809
70773351000
14185698879
31997291851
53419294034
46451503835
16119369775
96165626572
40796067880
46920734893
06723367588
10047887974
70021017220
04872025202
48608907879
40826388817
07002512439
11474250785
38554547870
47086222879
41562174851
06330969116
37569029860
07619092900
39753241801
06595788918
39686954880
04509249551
08150534954
04422734954
07511887511
04866839902
31907491830
25405542881
35750300811
42930817801
14931725732
08875280908
08828151994
82039798749
11968889906
08450756910
11840518952
05360453567
05987477530
39078042877
07870763926
09614515996
14752038960
88070255587
30041688805
04971898280
11308064993
09539256925
04865797513
05079717440
34081913870
06548788460
07425758962
12808315619
45858720862
06328799802
47006433827
11681686783
26064592885
38719345852
13762797706
06211113927
04358800122
38404039879
89067878553
04749498181
05045834177
06832850336
12848117605
07557443810
81543530591
45803318850
07635725513
10475422937
11389041980
05522562935
05897752354
23527616896
32692729870
95923730944
19630938871
11945341980
05201188630
47530091816
04713962147
40012724823
32273489854
07971276826
06342196184
23578479802
86407937949
06239997900
70730821277
11537328743
06190815979
89520246215
61436720320
50653125836
28051016858
14966192773
70182595250
08997505912
05837528105
13776943645
15470649865
10069830746
43717009850
08756654383
45440956204
06556686166
12380506973
45684615880
49374473860
12797620470
38072324861
06221484944
15844450841
05150134988
06848748811
23428179838
16435851778
83878734034
85092320915
04859085906
09453703346
49784805820
32279965100
04450708970
74123807100
45918471871
38713751875
07446755962
10219070903
46176227801
70831451211
42821969805
32240199806
47511617840
93806035172
07714026944
21330278828
09903237731
37656900829
92653081253
04855036110
73933635420
17814506760
57852693334
04717432916
44002303845
07733214700
15278060654
09628354981
52131352859
12908006936
22896177841
96876239004
48186639802
05727298040
46619677800
35413369867
06080021196
07102987650
13861494892
51119382300
09125322974
32156655812
06807557990
19161691801
10864549954
07742205114
34418935819
53212740884
74615793200
29216058803
04927529150
70255638205
13834286893
83208682620
33739816899
40368695824
88694836149
80005596920
07825132637
85855720519
10717061876
08102837942
06549196906
10302303901
48132269810
70883298244
18220561874
34622205866
99913640997
10219703604
12854197666
50928846814
55376130851
48121333865
87740680087
82494592100
43376594805
10356951464
21633892867
09618742954
47637075826
04246747343
11359917829
04272512064
04202799038
04223773097
04231290075
04138428003
04257719036
04226411463
04011476226
04160055354
04148638108
04161765002
04176075988
03969369037
03969701171
03926758201
03974823379
03974518908
03954442507
03928639285
03969417295
03915232440
03940869376
03960766378
03888594901
03913338608
03757602293
03897531909
03839721598
03915622079
03769118677
03798055025
03752159995
03743687089
03664428056
03641478065
03672339083
03720513084
03537646984
03644852995
03445120102
03579889060
03563021643
03427887014
03431783970
03547996147
03496595167
03349256902
03475499266
03464955630
03408572186
03416684516
03374996590
03167515295
03409782877
03391759070
03308151057
03196740102
03359324285
03172008959
03257271395
03317653060
03075063711
03033267947
03146489503
03088564064
02980733156
03131111119
03125066786
02862942499
03086616997
02812586354
02986642080
02761570103
02761967240
02905993502
02844157157
02864637090
02740212003
02758549492
02772677141
02790138508
02740713550
02746179008
02750663393
02749141230
02718794402
02736021444
02569601195
02730562630
02716309140
02708996690
02698627069
02656871018
02669394060
02668969441
02605825574
02211037089
02225286132
02458231233
02475530502
02417370956
02154314058
02299352147
02090085045
02112624989
02108387013
01884473008
01936390175
01952974070
01858201748
01856628035
01893430286
01663108919
01783187956
01824739028
01633711218
01696725496
01638059381
01673731538
01647077605
01641952113
01558448144
01641616946
01516195655
01521948275
01555843166
01498677789
01517822610
01511089199
01386293903
01487662181
01473880076
01497853486
01441022007
01407280155
01448150957
01297514998
01281066974
01320124135
01428168338
01344589901
01348296038
01366363060
01181285909
01336206039
01213892945
01203133162
01045751073
01192732251
00948192461
01252794428
01201531578
00917992288
01165349906
00929452950
00776581597
00853449902
00629895104
00808395254
00473547040
00596874952
00598686193
00604079214
00543412059
00419777008
00476812259
00586246193
00583865992
00465205976
00485655128
00362937257
00428126901
00295110112
00360227058
00366541919
00387692983
00204880092
00364497092
00395132207
00281207100
00136364055
00072473207
34634769832
13866309775
07073322900
43540984828
05721167130
20847252752
12187045781
75852489700
32163156818
08699487924
19923176827
08517056930
51003757871
16767973866
31839323850
68566000200
10754109755
40913674885
08869311694
55193510230
41008712876
69412138091
09686632905
35749327825
32172884839
05138945190
05996728974
08947134775
05714848403
09294720713
11885465700
06035451730
28806451820
31032441852
35898769803
11740569679
09481059766
36177594832
12711564908
78680123749
34082942831
04665613931
05565058597
29054160845
04790828123
51313677272
12292075466
51284399842
47372842549
28566736869
12871096678
04522769008
06215552909
15320277709
08230909903
36594357832
45087015824
07241858603
17149562884
23808450851
04756706983
75445832953
47211649801
34590952882
08369522947
30546620809
33632070857
11570138990
48038110838
07221715106
63756340910
43223133968
52683049846
27685265842
42439701149
44664847831
98535820906
06493405580
47667899894
69847886091
04800307155
37109000850
07888486312
46306828800
11024272842
40604058845
11923283960
50201694808
42100257803
09123752998
31976305802
05310796517
06459503940
10886545927
05503323912
32156106800
22370906880
06700720605
41368575862
43257945817
50176749187
07880144986
17459314730
33813059804
19178078806
96438134015
22748263820
43310004864
27056606822
39494962893
38168554825
47640682819
12051333998
05390951689
78839939504
04618733977
08752097935
29766037825
07676811775
35852113808
16408856845
13589835770
09093313401
14540993720
04425908066
31375341863
44650651832
20207350752
47202668866
16981439743
35966324808
05591681360
08332941997
41982277807
06887378973
08336585907
11451609647
22472208863
11320892981
04618218347
11033437778
50491241828
46602020382
21864570830
25173209852
07172489500
99093278053
61916430392
53738284168
09654126958
07434849592
07024202807
06669141173
38661930847
34931148859
10053977670
35907863889
05992998195
54718631866
06125951960
10261312944
14560732736
10071317996
06849827308
32172456870
75720280987
75258234134
11287797652
47863402867
13689935750
44203949866
84191287591
10052270637
06120712194
42380621837
39206070827
86403077503
39926105866
09794767980
33636191896
43383853837
81579284000
35253300813
32226979816
06604508951
23399770880
11454226919
18658878708
05684306543
12496155697
11271276755
07520099407
92857752172
33274224863
73634905972
11474978770
06476598244
98879413953
44115226838
48954289827
06391023107
06131908745
31465452842
32274825840
40514317892
94338698187
50775771880
17544153851
04424209946
04312482144
05994743941
19689304771
40880054816
14716328732
73616060168
05232972626
13361817617
13105534911
69332649120
10272069809
05166010329
51382517831
62648893342
70220109192
07260764732
12008227901
36221207894
24292928827
38147213816
11272792978
16407653797
45151190873
05507228159
48939438809
10444816682
14382293804
36904718854
05746100900
45048415841
12832747795
51743930100
22054104825
33082931880
56067712334
35383441832
04429695032
19899304760
34524212876
83541950072
10437198901
06263814101
45421779807
38928390850
60840039310
74170350863
43226407880
14791965760
26481745837
09744888954
07875143900
32840664895
79593135634
06078547151
62862103004
15005930795
61382897308
11116539926
99603667072
22329167822
79481922634
09670381703
11343995450
91665043504
51938623819
50646802879
33894258888
48101174800
36105583850
06606419921
06380053964
40272867829
09042705728
04471886070
13546966970
18009977870
35412537898
90228278953
08734846654
95487247072
19255842838
16510876876
37754799880
09900732979
05923648954
11485826659
12949239943
91937019187
12315543983
38861267300
86322440519
06108029250
11741423678
10682495956
36178874812
13435849738
77512030991
36047288863
99495619734
15716909728
36665721892
37862032888
98810600010
91492530930
35970394807
27383690818
08180421686
29296077850
57712522553
05809244670
42878622871
64193470415
41364475820
16800171794
49398401827
42314551800
38755632807
04859991966
11119899826
21808172825
07728542702
09614066741
11191214770
08297784703
45981744391
06956515440
52836363134
28074648826
05617629107
70865932140
43808839813
06915510656
15664575484
12803335700
05300794961
07113852890
70103891102
13215937751
92259219349
11404333690
83556605104
04479202943
13109813963
05140657104
06869470103
74600095987
12267909685
97628921191
13066037495
56963360197
04370434106
45506489889
42630437825
10167012762
14177173606
36937889879
18347058865
40642785856
08775159996
05598357100
70146946260
06524937694
35849396829
22525314875
99922576287
62578645345
53898345858
22979372889
07078982932
16559364682
51832571831
62739514115
36610971803
28089644805
07457362622
13977560719
09890672979
38418311843
13394279665
39403628839
06123905600
16656885802
05013396123
44745534892
04800004179
82536953572
74730240197
51188604821
33531655841
09510873985
51649857802
53244037844
05795475904
06678649621
59608048915
22415452874
04461160688
43937421840
07247768690
99892723104
46297924813
84693886068
05983834681
12962385630
13121471805
39784028824
46857887888
95135553991
40072767812
10836395603
13870027916
24878247860
67648665204
11037203925
71073768457
08891728624
12618196406
06635967184
04457707082
82013071515
13997468710
49085669847
08477747911
21810252822
57562970068
32558049810
34498137817
46034134838
69105855187
09409894336
11826023984
28440177895
09418481910
33784977855
09050048927
07463256731
86247549172
70992310148
13000165908
28546053812
29219893878
52596710587
46405837882
60206044380
27150096824
11193490952
07699248910
69077827072
16781280821
45466691860
80811728900
50241067847
14049936658
65367677568
11532620969
07887859158
34586710802
66207690397
22860734813
10392008777
08563095404
16154108729
06997579671
14731272700
12466966654
05526927946
70852477465
07879627910
40060068884
31096613816
67607888268
10317837761
60518928500
39629393859
13347327799
08148529639
42943404870
07163202156
08409797119
79531733104
05891725908
80789250934
07332098903
18167030792
09269364763
88483541734
11909768979
11044207671
88175995300
28449655803
47773909857
11776491955
15017441786
29899917869
07396191521
32335197886
07269802777
13942164671
35779341826
15140204754
13975318783
76007073300
04777064107
71240826419
80437770206
26715175802
06026539913
06453246635
32452182818
08249828941
12438953900
46887685833
18013025888
45994782882
12811391738
12828283712
15390970640
07907964300
87252392015
04675369960
34841416897
08293209976
44410220187
24854973897
11902586921
60011533374
32549269861
12482275903
22060108870
49032615068
30567215806
48159974892
10543001946
47066953843
49683584829
49239351892
41214027822
86385809595
09144663994
39233910563
14609858770
15375885670
04949370332
43591721840
41964622867
14804291636
11999528930
56451148504
05599940950
11981418830
78584272968
12410228445
08239281605
15953230745
99726297915
07777452592
04828190066
13807880640
48407347809
73180750120
09596927620
37394464806
10857957724
48644221841
35899060816
04359269935
05569083928
07577845930
06180611181
12139935985
11565337409
95493050072
10342164902
29168837895
11035944944
80490972500
09734661973
75547635987
36242415836
70293117608
07548558996
47285536806
85291536004
06334266101
08074689751
06860422980
85108448015
19473489811
06299916265
64404510578
09139772926
85922633953
94058610344
96575360491
98796631953
48192290875
06483285973
05581896607
50415010845
04774304301
12194099441
10284307955
08417454632
25989997892
35268424858
55861830215
16388476732
39247629888
35353194802
76537340225
47133730871
59077182934
06786846181
06521440209
37083092869
24554578852
40051066840
05209615014
49301606852
05752912229
10703075640
42767036893
06167143196
08597186461
49994094882
34272005820
04883635945
33284346821
22466917882
06861062707
76539555253
37250909800
07298223119
36224627878
23375602871
39421607813
47805158827
83402950049
39020819100
14841338977
04612351967
96735678168
05444370638
05934867652
27602162846
08841814802
14847711769
60589723375
39673113840
18565329763
26939598880
39391419844
33405606845
06080475200
11791770614
09333970380
43517851876
05800482764
19464005807
10041073665
13875079744
07929787907
04703115921
04439728936
65675509291
21644488809
47377247851
05300825514
29502001842
15081480746
38865497807
31119063884
07474366908
10732583861
78628849220
80975127268
70840539991
08003011108
36091602845
94110808200
93570082091
37504739863
36372758806
13563722790
09813269430
70115914277
48659607830
29338818888
46232855884
11174741945
41643847864
77327829920
06573277430
83211403000
26006257807
19963506844
14407938838
41286142890
63723832334
51563073889
42251131833
29607575806
36161061848
30183348842
05327119980
11575772965
98106686604
12477428659
06524781902
08911370924
48159253800
10743950429
05283811646
09104263685
48134299806
07872760908
07566970933
40939172801
37730840804
44665016291
04935270527
06846967974
17297604810
11195514980
29573563843
05325147188
08634566935
04560595984
62489461915
43243089859
07475916367
38213259840
35973776883
33314534809
10997692642
06776686190
21374185841
14378834944
91202914349
61642721301
06146206431
05809008356
05114477013
24814419821
09277268905
44800911818
14513584823
05874100946
48880606816
32298553882
80792405072
97568465420
33358219801
11481952978
39815660845
13770417607
98410938634
04540090976
08651735758
07280418392
12162597802
53073466894
07615312973
09084650921
06028185671
13537451636
13504737824
12593404655
41912204894
22047898870
05049453941
17363254850
86316787596
17431465742
41867564068
09438204300
92630561100
14092211643
82963355068
06914286388
08681588958
57421188134
33366681829
08781407432
09010649989
04582618901
42939968349
05609955980
05732049185
13116801878
10062234951
11389161617
26916549823
70979955130
07144572725
50446530808
72159081000
47997256881
39621698812
04824739160
05261834970
87788241253
86575732100
40662677854
85496715253
40817082824
05769536950
89666860287
91252881134
15521233679
10820439908
17220948778
48966476880
12149554798
55949657187
09236372732
38382360840
04490858566
07610799122
20064788857
05095746107
10642565465
08612088976
33525691858
31560838876
11014412404
26576043821
16928306602
09329402933
39839482866
09001946690
10617105995
26494443800
89675207949
43544263823
91641616920
28720722842
47793135890
13540404732
62318268053
78739691500
11810965454
16063745831
30173766803
94966435404
98599585649
08464643497
37533548809
51421216000
16873596604
04724953993
36674462845
12635269777
67415571649
34227204801
28681365835
32855122880
26835826843
43203980843
35118252881
43747332803
04576796623
29757072826
51540117839
48847949823
29407013855
57052263068
44069705848
85084980391
53657900900
44105852825
11743633718
34193071871
14814143729
44305812827
15174130605
43402422840
70770689604
04972427027
04751537407
14766589602
42750524806
05402589976
08943263848
30499717899
14937907735
71580387268
16639535700
11593493983
30403140846
44646589893
12333120495
10237168448
10968447961
12681425816
12173307711
31841268895
39769487805
47725186816
22639811878
87753049100
10583341829
29754783802
83536590004
14544828775
72273542534
60380640791
65803159620
42014329800
05079447044
22727975805
36098052859
09869632831
40997595809
21567265820
43185741803
12035152607
13843625760
29099748809
11013921429
45536173820
12936682738
11296849627
06763525109
08276074901
43819857885
05600938535
37764858846
50049051857
11814755977
14484958813
07597065736
09068365908
05125259276
87138034091
30606939865
14739293773
88027279453
05464473920
08823248965
94185050020
15796627732
06907287277
04456145013
70188363440
39570060824
41627961810
85315559734
41282379810
90750454334
80151418004
77959892504
04710802335
34084102830
05132030955
09926085970
17037589780
25601672806
05330385105
60267880006
10606205705
12277474894
30157170225
05918881301
09906511931
74004875072
25902002850
05186443166
13330536810
29679410854
14601768713
62495282377
32519812850
32091698881
36678126807
06433830420
11298358477
70191181609
12572324792
05144417710
39968712876
12557612618
44305014831
36080142848
84536470387
05704148573
14820789708
51961610906
22780370807
06225317198
05623557902
10857662767
04958566066
16009399700
09462483973
07017417917
15552765630
11784382957
46128307841
04407846038
07803870589
92290531715
10518384950
12682774792
42026445818
28607059882
37336560830
44585790888
19592073775
11686973950
36929847828
08354681785
10136964923
49624838895
14304907727
13181195880
32921880830
08189520407
09439995963
70261324233
08503615673
36348650839
96437510153
91844797287
70399829199
22935184858
92054145653
14555002679
07350454961
05835374992
31247566811
69378738249
08340189930
61612854362
09449720711
09379567677
09695631754
20308674707
09410794900
13211419713
67872140900
50903619830
92862616087
40850403839
88450120187
70783106246
30170456846
78053145515
61675195366
48458453851
13478468914
90194128334
07636391503
06460813140
05712697963
04486077784
05766768966
11260716414
10172187907
35997844854
90283759372
11986699854
89031903434
41306045894
04815067058
07666718365
06032306526
93248334215
08751937905
05356620179
09386685957
70619135417
06115583942
06991768324
06892160174
06527333102
13379724793
05503313950
28027300886
31025061861
82183074949
21937996875
45576866568
04353361007
11403398429
15305326800
37908296840
13298939641
24554029832
35723145851
11307228488
35743692807
44834345866
33674404850
38874242808
08993233403
11095502786
30146282809
85794791004
46334493892
89835344191
51469407892
70711250235
63981483049
37812780856
55327052168
12342990979
40520343840
08784926406
39898948892
62410598153
93917015404
80099291908
05082290304
12769589946
05709950785
71693173549
61081614340
13692217463
30676905838
68789483472
17185864852
15042700706
07057329407
67841376553
46460044880
10705682951
10526738723
21789968844
30397714858
17132831666
47397498825
04389297139
31799955800
17718095746
04780627370
14522548770
50066973856
42618601807
69666946068
09082706903
17364161708
41678102806
07256428740
32514637805
10997931906
10276334981
07588125900
84938803100
36756147862
12650503688
43565755806
11096345951
43128397864
04876311536
87092115949
05785077736
12523237946
05690286044
07190202129
13440700607
15606011832
37768905504
05686828903
99031914053
08695501957
53508807568
08934470992
81369026404
35965704844
39722788884
36020970809
12746582767
07373435165
70866223207
79368492468
38051649800
09327080998
13276036754
68417900063
48935187801
47981674875
59221755215
17403727789
66863830078
08049170195
66201055134
42275040072
97707236220
17619527737
34939343863
05187195379
11153184974
79377998549
10267955910
50410845809
12822107777
04428003200
15126652664
10086284762
04885227143
36307235861
06821665966
99272750210
04687399045
14023633704
76793753215
09452629657
57887780934
10964633930
29587649826
17944357861
07961005862
32065497874
06182141190
33628746817
80319653072
45064331819
06846174125
40544778871
47847661896
23007635837
10190037407
36115760852
08013299651
23656222835
70475233247
10900725621
07439964454
26909066863
52026355835
11719525706
10388363444
41681551888
31694794822
38297637867
19169764840
82919593668
28624000840
41076991882
15694451686
44676181809
28904945860
47299322854
50269116842
09701375912
46911438829
04575556106
04801862276
11955283702
09918731907
12306702977
13952352799
69195811320
05792325731
12874183253
35819183827
07458955902
86739727287
96210346391
06315386156
26037666865
31033468835
39214182833
08850404654
79128467000
09317110967
11419138790
07875162955
81627009000
09593088652
99680912515
05915281427
09590670601
30596142889
04655628090
08986948761
71209824191
12366231938
90458370649
09047702905
11789500699
16793591770
13475611619
18686137717
95323406968
07232210655
10967501989
46171491802
17884062739
15152721767
28477699860
08821392660
49390478812
47418567200
22125954842
47497414852
07824401693
45968769831
83202072234
26081420876
11470241463
70578459280
41617802816
85458945034
08726881942
63076500015
99400901100
07901048735
33640106253
08067493936
06466157180
12142976921
07539195916
31086458893
49324109804
46975123837
04895923177
09383230916
06240341940
78473063520
44262178811
71409947068
14757447817
83175717691
29927631871
06010843146
07629240554
39097420415
04983966307
70236389629
12521151998
11075852609
29277911808
27143168831
07890846606
71190631113
10351171932
32212271832
86495976291
06278992930
10068162910
57460574015
93850921034
08626780648
37968656826
50832548839
43075510874
07002908936
04686813026
49438156852
45452879803
27836347672
40925546801
12282142985
08233946974
38451832253
89447158234
07472782610
06403057502
54810711854
40550608826
11518249680
04345867576
32550565860
63443384315
22381802819
12673874674
45206987824
48637248888
90030427053
24866693886
43568726220
75220725300
11802830901
10196702909
97407917604
04639476906
08878354651
38073852829
39395246898
04565457946
99008556049
82590095015
31121378846
35301549898
73662399172
38494495801
70647513218
62212796315
94881740059
05229856378
71548319015
06068727955
38805616800
91119359287
04383256643
40073309800
33449169807
87832828072
66651123220
43228791874
53635292893
99407418120
61529923115
04577397978
06426063312
26990183845
09625261770
23987455896
46535551920
04488468101
42219763811
23629928889
46071708877
34928085817
07640263999
42654383857
85961317528
78543070325
22919986848
45444620880
91334276153
47716782860
49244626837
08644295764
43044573068
44253327842
39989945802
70894653148
51244895881
09881244919
32797594800
05603318945
43130050809
47061948817
47166754168
97620181091
10813476437
08399734624
09839685945
04666927140
67298311034
08720938918
09234067606
66305586187
14426769655
07712318654
87936828249
58122982468
06021178521
40607672803
44728783804
37156426885
22574035844
94868468987
06707600648
07843737952
28605204818
38504589897
07525620377
12170008446
33667790805
07042179455
10201800993
07742197936
46321449830
25140721821
71685634915
44270345861
08972388696
13268233457
37829308861
10093789459
47315826874
09316216664
09167807917
06910948882
36663998862
08890674652
40997599898
50296898856
08616567500
15218349704
87313014104
10936603925
42052240870
08386138610
80525636404
86478863565
38640186847
12555437444
06927940189
44368922808
06137774171
24984516844
07770767997
05033590332
07402117731
42165205883
41734159820
62198564068
11732521930
14666615776
09256097907
23126827888
09030233931
04946680918
15157088701
15395468617
70632543248
10057989400
08026105605
09020310909
70645427225
13572692938
31148479864
47664090865
41476871809
06079020351
16898383612
32110379855
97431770197
40797240802
05986816129
04585973338
49450479879
79188559220
17261446742
05358673954
09149002503
49356830827
05123713506
85528994004
34168556808
50070094829
09726784921
10106289411
34805892862
47153323880
08851542902
04589612054
24885305810
13803112842
08233312886
05348468312
88856739968
41617450871
48041393896
35995358847
05798286975
08201723759
28489423806
93138105491
36183751820
37426207897
41626827800
06019192709
43309220885
06420445973
09091370807
36913778821
14082958908
04545503322
63392879304
09895279485
11743676956
07215018180
12765908656
09783998978
91591155304
10633571954
15194269765
10559383975
44592718852
26502185843
09863935921
53062777800
12171505605
13157162756
38799268833
05107275141
32044854805
10762250984
27869309877
78511720987
51185711899
63017350215
13496555700
04736984120
16719767895
08018265356
85654221191
08335537984
37310588800
22739910886
08664983976
77572475604
70697039293
07695605980
08548185708
12064269932
16855476805
40778010104
34650855829
49015124809
70160612136
08568690904
68547617000
52313564843
84319704215
40277730805
05390085400
11330508831
09374762773
33227499835
47270102830
70610704206
31463842805
41366461860
05925063716
57127620997
05706178984
45057023837
10612916936
04690335419
07834298437
04826883005
11683910249
09031552909
09140150950
41927300819
64220605053
47249015869
06212564124
09087029900
32655682882
08272626128
19510135810
15516126665
13230617894
49743087850
48114172835
09741624697
11860958818
08273792935
15174677728
10689512813
12992272795
43363460899
08225891414
07491169198
09444632660
43206517826
47652928869
10818329912
30231292821
45297537860
16263900709
42697090819
10234698985
13707282716
06254867907
06093364100
07939151550
43186303826
35199235800
14399665750
24758267898
08485379985
10562507981
68876700382
10927526760
04295469475
08664425965
88832546949
86929631191
09278857513
17671936707
82718474220
61488917949
85978230200
09422559928
41163136883
05756684158
10945267460
53586964234
71416927972
07854383944
06243966224
34541964856
07417468918
47728307827
38792513808
05231843288
17421763724
29014801874
08729826969
42725317860
05269531607
49358265841
35267007889
70549546456
53144783587
05551798933
19759586835
10903116723
06152966965
73603775104
54020395268
29508892803
35433976807
05740803764
38862963858
09777780613
12513682980
10952341964
33840880858
28268230860
05162799041
46458770898
38308538827
07290660960
06155908532
06426904139
11629801682
05676345403
44606653876
27515158867
09743814701
17770294738
60583776337
93782250982
43298304859
10491967403
07739743429
98834711149
70065796276
40498892859
17165794735
14352334685
12814491725
27483789115
43886958825
30470411805
60700768343
13259039902
06819860935
49583952885
39331318120
36812940895
22291662805
61499325320
06879074979
04909922423
12675957445
09252271961
31474915876
07998157305
89639820768
60737727268
22744412864
07926414697
85858986234
70435941119
36561571894
31827617810
12146336684
10807503983
36851115824
31826724877
36891544807
32678461882
12481795954
38020812857
82183910372
04488743188
73885339072
04399843195
86851713268
05945311600
84150998191
46020450813
06927196951
04744812120
13310968200
16560799760
05507611017
50059978813
31176612808
37039431220
04773109076
04484879000
04929219116
39216227869
28685856809
62163469549
81833660234
51859369839
37095920893
04717471814
13132321818
43257789858
06330155984
44633669842
44330358824
30710153805
04386950974
45188680807
32852823802
37261855855
42758340895
09142275644
08458647931
42383688860
05162478911
12463667974
60468012303
28751232898
57452253949
09120996900
13620200793
36198485803
04480133550
06239211974
07801336682
12163237982
50026450895
70303244127
10646118935
07802286930
07828765959
06162788296
07424533916
05041121397
31974917851
05462834624
12271052742
83562125020
45971059807
23330066504
90446763004
06365926189
70393239152
06136734923
44545504841
54097459813
08939129130
06793737139
99922959020
71363114115
09896956707
48595592829
13123034925
07626224310
10684054736
06789691910
12401916938
42419569806
36380736883
09124498610
08367802721
89836375600
07000489448
06619056326
06886162918
29696864817
69669520100
04727256100
08041726925
08885340946
41005977895
46174392856
21480489883
09404347760
75669480325
43487853841
29287438803
08140872997
35111599894
92759980278
49769899844
70735646104
11799328970
05990196113
37195725871
39698833854
84230860030
87532620263
49444529851
68998554100
29823747814
30342919814
61250119332
11641965967
11548047988
05115938219
28554688848
12297035780
97282103291
41134171803
46227792004
05083449641
04541994909
12050493630
70705272257
11027786723
10597711950
14443488766
06725182526
07088452901
40911791850
14543448812
70773481486
45062753813
07936838406
31770952802
05901106750
70582514444
05723845721
06632174310
09645426928
42568006897
07771753477
04975597063
22934334805
10659441446
05805463903
09450237409
05874942980
41211965899
60691744378
06081406270
06024945914
32069381803
13795474663
79005152168
13380072893
06341467427
06179905657
38073042827
92560040549
40267965826
86353950187
31195712880
38454203400
08608544776
36637530182
97220930020
75606020106
04744542581
10075337908
06067351943
97256676034
35818554880
46718264881
07798572830
31376316889
05464780939
35655369850
09659778970
48265489900
61116122049
73225550159
09723267748
36676920808
31233532812
32928399801
05244868080
42780642840
44676770898
05473391192
18189915789
60628498381
10596074760
37910162880
97586650578
04520608180
13844425969
35140963841
23683966831
46225259848
46609819831
06814245590
13852281644
04790566099
09549841707
43006981120
10082366675
12094715906
81588186172
12177074924
13452474607
39676736856
49670961823
32576032826
28094382856
06987971919
06138478495
32322026832
07164988714
51741192889
38025493253
22158838809
33382217899
66033705068
05215687730
38831596896
32194651888
31136958215
07067845700
11915901863
22965440372
09862534990
09335989630
33046096879
12082013790
83259341072
14988578763
35692333830
08167777480
39402718885
13332745727
05108146973
24027482816
55580645287
07047953965
62023658381
10452936799
31608631826
77578538691
37731929833
97730157004
44419962844
93748353553
05664885408
05652443960
15812583722
39935579808
13837857670
09447627943
08272090961
05751496124
09199326906
15956193727
15255843830
27921240836
09963801919
04631031654
93675429172
04859651944
25638801812
50421169826
62321680385
84810831949
10153303980
30796849234
08144620739
12920182919
60899980953
12525025830
11266543457
08595307601
07960286990
28193034805
13469132771
14561084681
05376783014
23664848870
07410501960
12338551907
07483225319
14608903705
10895740966
45177326810
78933854568
46243905802
51858061253
44101074020
05571173998
95129030249
50239007115
05770374470
08614655550
70178658200
31210838800
07877553978
31072087871
04801744150
81241640297
80108660400
44496711800
05377621913
27951389803
86092736527
04645531301
87661624087
08567682940
09398784459
95228063668
07925294990
37110189805
12977332740
05726025539
07402871339
41037247817
14910018794
09142390907
06032557286
36494749801
06907108950
63789760315
21965183875
26825078836
11133515789
11019007761
81133146520
04519703140
11178158977
22575628873
48754298865
15918546790
89815416553
70787088226
07569037936
46393296879
08428346992
22920230832
83069410049
44731583810
33091004805
86452417576
34541828839
06348940136
57906599187
40888236808
04289321267
09430742400
04293989560
04238107900
04253822304
04259108573
04255022798
04249095100
04247106171
04227371198
04246522937
04231543623
04232386122
04220651616
04203363110
04220111000
04216198996
04193036006
04168351041
04126230998
04160016960
04123254977
04130317130
04157414918
04152209550
04143552027
04135561314
04135147224
04138699112
04092230346
04108245008
04124463910
04128146412
04122646090
04114544631
04115017554
04088260104
04064022211
04060041025
04049249480
04049517914
04078818242
04081776911
03998627901
04000873830
04045252452
04005640923
04054322590
03978629038
04047881651
04040431006
04022821248
04011747602
04008773509
04006091001
03987490357
03977229150
03980518957
03971318100
03907412133
03889456480
03900931062
03891770243
03875450779
03889560032
03896720414
03888814537
03869376562
03868751467
03889402631
03851523962
03872862170
03830348177
03819665935
03822925969
03861668203
03863193083
03847782673
03826697545
03785842279
03837945103
03773628404
03814047060
03747016103
03744630935
03740634278
03719924785
03732417719
03743767945
03739829095
03709308003
03737992924
03709935350
03727337192
03729424076
03726026738
03716885908
03642994601
03689326990
03676237579
03700026528
03635407844
03625905248
03628142016
03655861109
03636241478
03621720138
03620186936
03613677083
03596070201
03560733278
03590091150
03568128713
03592008269
03587111006
03546687060
03570393356
03559302005
03545028917
03565612754
03520421500
03541802154
03536731376
03524693318
03524626041
03483227040
03512936989
03517602965
03472622105
03494052719
03494435308
03485818402
03439159957
03463637308
03446390618
03467868193
03460713054
03433460795
03416256123
03427193276
03419788924
03392832383
03409571906
03404393198
03380364746
03404314310
03377441069
03363959907
03355238031
03340798028
03341592024
03308229340
03303103640
03301479944
03317082640
03314604912
03228638308
03278938003
03221248679
03285780100
03282736789
03279969786
03228040356
03264082900
03263333470
03257890028
03236492031
03248206314
03241357937
03178130802
03191275240
03202196901
03140905173
03180835907
03139954948
03188688903
03172427501
03172026930
03133127454
03135011909
03122781522
03125308976
03070385990
03042254607
03074509961
03034983905
03082399541
03041885069
03054264270
03061959092
03069482066
03036376178
03017074056
03048644121
03043292901
03004845938
03037261056
03007390958
03033817440
03006604059
02976249466
02995169979
02997156980
03000872094
03007756286
02952136122
02941609067
02969036045
02949992056
02951209916
02957025590
02940565309
02924554020
02925724094
02928179089
02919760009
02916874313
02857716044
02913752942
02852541203
02902404093
02887078186
02891340051
02847956743
02861774126
02878671104
02846112207
02844019609
02812879025
02801548103
02798195284
02808823606
02778421823
02795012936
02776078927
02771051109
02767927186
02775806171
02765783926
02771428903
02757776428
02772063321
02730142509
02738875130
02729984941
02724513207
02715267690
02716022526
02677960052
02708352962
02618612477
02674945990
02657096018
02618945018
02631420608
02585681351
02586900111
02607412218
02583093770
02589506503
02604203103
02612269754
02597429105
02592513990
02579613218
02571823060
02576439748
02559971402
02572721198
02550360435
02553027036
02544145919
02574193903
02546355040
02449850902
02511857960
02513932242
02457328020
02494672163
02411549601
02499884100
02482498007
02476662895
02435328575
02465766007
02381134930
02441907980
02438423250
02422575188
02354371152
02384028944
02383280909
02370074442
02355791902
02382712007
02376735254
02376895960
02324134950
02338618823
02333231556
02329825030
02288246995
02336641062
02291874209
02287294597
02292320193
02281839109
02325341100
02301588548
02299121099
02296731120
02265872580
02290151076
02289720003
02254146009
02267194309
02204417580
02243858282
02261435380
02256763030
02193244332
02241965022
02256521028
02238350136
02162992922
02206227100
02237211078
02235430120
02215635126
02219482103
02175316106
02175911241
02130969003
02174681013
02158083123
02138416062
02161712101
02157891722
02156969566
02148415026
02139222903
02107377359
02122326140
02128193990
02097475108
02113744902
02085560520
02099487790
02116670560
02106458304
02065954507
02064680080
02075170967
02097686656
02059774136
02079263102
02042192309
02053151005
02075251614
02081468069
02025188927
02069311155
02062411944
02066535656
02027955607
02025244509
02005404241
02005632384
02053496096
02036675140
01996701614
02017782971
02017921688
01929817657
01931693200
01972469908
01967919011
01936205700
01926839935
01965790666
01934034045
01922863661
01923144081
01928411908
01902360192
01920918914
01903183170
01903459001
01883256208
01864729600
01891479385
01846513014
01884120180
01880162288
01836751265
01830078755
01843024632
01848854340
01817666045
01844117936
01819211622
01835104967
01817560999
01820733190
01793441022
01794731075
01751731090
01793656908
01783803428
01746016035
01766477160
01791647243
01763292932
01790144124
01769381333
01742011179
01773840002
01747661228
01700143980
01738444309
01695139984
01728584450
01711076082
01714185060
01699993190
01664060073
01675428506
01676439919
01671692039
01654405116
01672064007
01656126907
01655016008
01590976657
01608907309
01560394005
01562007912
01597845060
01601213026
01602287350
01543898114
01545770140
01519033109
01527244008
01562343190
01497129010
01479085073
01462234623
01440959633
01471823792
01434536459
01432425633
01422112497
01404788921
01399122070
01400048079
01337992984
01340839547
01344091083
01336704900
01341398790
01343870402
01346436401
01343591783
01343279186
01322946990
01330422350
01330530675
01278600612
01292265485
01326443984
01297144104
01323082905
01306058082
01268018600
01283461242
01271043050
01259829928
01235438007
01215720564
01226579264
01216271526
01221039989
01260657990
01222257599
01187296163
01215732902
01224006402
01170197205
01167696026
01198301082
01182327974
01143231007
01167129709
01172683727
01110875975
01137438401
01122978111
01090167938
01141113082
01101582456
01135022224
01104897059
01122043171
01114014532
01113653175
01042014957
01071027140
01035234050
01040538010
01058812521
01046198130
01043425365
01022092278
01033991945
00980736480
00978982010
00921803290
01036812995
00974089990
01006527001
01011223902
00991256506
00954894286
00932487092
00966589165
00898550947
00961504323
00926334980
00919623743
00906169950
00891171908
00881291102
00846507102
00858737132
00867075902
00844030201
00837869374
00861312228
00858075083
00851687776
00805950060
00829832912
00810540096
00791039951
00783955006
00717224082
00738519227
00745922970
00767461940
00729414051
00721303188
00739210092
00728456192
00719959195
00673549046
00695582216
00634302078
00690997906
00672532298
00650567951
00683650980
00617204020
00643399631
00601024206
00617026920
00593434196
00593599004
00598859713
00605707090
00597220298
00597972150
00582704189
00595862900
00586842128
00576459909
00547517130
00567874729
00573653933
00554538210
00550641327
00540266957
00549565019
00549281762
00517580160
00469107197
00527681989
00520264002
00513445056
00463462955
00451154606
00504863142
00513935819
00486972909
00427957966
00443427054
00469377143
00424926962
00459572075
00421845929
00452501547
00445931124
00450509966
00429758910
00428484158
00421981199
00420124063
00408198923
00391766570
00375972994
00344448908
00384171206
00341397105
00348633971
00267612117
00341286036
00257274278
00267752040
00269323007
00299616371
00260841633
00293688630
00228977126
00275926001
00262396041
00175895090
00138926069
00233988254
00219994226
00170336166
00221916741
00160151007
00188677151
00176634070
00131481762
00079982280
00145443183
00131116045
00105459216
00038142031
00024510939
00049148303
00043972071
00029918294
00016754000
00023715103
92908810387
72231807220
07255794122
34670344897
45782984856
44987654865
23004222809
04299134192
13271434450
18910957735
07773458979
06819005989
92576427391
15304904729
84207892168
05573374966
62426512385
29869667805
38125758844
70303969105
16321360740
27033805004
10297941976
31997278839
31210812843
09829430910
43548165800
04840018090
16209225845
06703414106
46505122800
49063467826
43214863860
70306791480
70200149091
16573309740
84392096572
34222428809
92085601987
04665809674
77678443234
07359868947
09976511990
05792516910
46074604860
47906358805
16342787638
35740325870
35159625810
08359690960
85794058749
37692763291
07872564637
25142589874
08687825722
13338840950
44998270869
47572403840
86453335034
81075073391
10622872745
61090786204
45968201800
61549320068
52929469315
70734526172
75583798149
46204271873
07145542943
15047014703
36276433802
70669416169
42080444468
82345651768
06121727918
39948418875
61033596515
07320729997
90609115715
13176370970
08069045930
43506664867
12142407986
38539230895
09516183697
15533176888
05570491139
11114784494
73075582204
36838038862
15721584769
42759836886
12489061950
06158127914
04535105901
11211449939
45369925100
06623046240
15455711717
05877492969
50333350812
78614686900
09148714984
73370010020
09414980776
46000332807
09825011963
22288598859
13574933800
22418584801
77926293920
05108593139
92189911087
91312892153
07871703722
05455321161
36221395879
30587589876
83587110263
98240730604
35427578889
09010724786
07004603903
09666859467
17229215790
89049969020
75234696987
10855721456
08758489908
07461092456
33416570880
29787468825
46482202187
04801294286
06359856913
34418621806
34492535810
14636648773
36021755880
21755197837
11337485624
38965324807
43668702829
14438125952
11223970973
93746644291
86619179053
22606907850
41434424855
16090263656
07857197335
51019248300
88253350244
41336870869
33691437800
41962887820
28179488829
05726198123
12057643484
05554023398
09398735679
60701213337
05958469126
08880113348
28950523876
60206541333
07849329643
58948244949
50975275852
33462642898
94924910449
95906029087
62093843234
80293620997
35929325863
39440144807
06056248607
94506493915
92988091234
06968820943
62459686315
13081634954
99817870006
62171541377
06793831666
30641800886
40448284820
33803181836
50871009889
05288440913
09279662988
35613727830
04878932120
11897706952
12741761825
12220023702
38697924855
08398775440
38323935874
84805234687
28906768893
19104284771
52626289825
17545868803
41193922879
09960229700
04697042255
06031002523
36384001829
60464010381
32539018823
09339163966
85800325049
69771553291
93620527253
05029526013
43102132863
53038944874
04862761046
70270727264
06233436494
07906578643
33371383814
08627303924
36468832861
05861581975
39514849850
05228599924
06134027740
23839057809
46252123838
37238225840
11006693963
38672047800
08847313406
05076638370
82377138934
13994486840
33659685801
30088738809
77874773349
78435919587
15243808490
62797603320
55061737091
56862920944
09366553990
09940512635
08154808307
04584397384
44747715835
13474769898
22272778828
70796678103
06240256919
42319882855
35596148806
31524590843
22070611833
22555602836
92986773915
06957260135
76850854100
40094661898
12327384419
05583102659
05140062003
31653825812
06462362960
05813510702
13566055751
33431783813
06719158198
47783054854
33371487865
21654603449
61860514120
63276470578
05665163732
06828298977
40534989888
38507143814
96229241315
39954481869
15455725777
06210050530
10923378901
39014588836
48424500881
11161962980
11384101950
12756956988
29725138864
46211988826
67658202991
48677834800
11189765926
10421317400
51799004848
32509743821
04371248942
84909420991
98502646168
10699459605
13702159835
11041237979
05975562295
28421764802
45197918802
52676388894
71347351175
37518226820
12328159931
93840365015
12475524707
41995984809
25488248889
07012311738
56307608072
25157595808
07144882910
25121781881
10247999997
04747560688
45429102881
43422243801
39536314894
10540551902
11880361493
74777114287
07802771633
07370025900
35757412801
73003484915
61820415287
05826839988
04370915031
45352210812
29906095806
50469884886
05315259102
05755084181
07473162365
10892669950
05747363522
08301029650
06727846960
91186404949
46630695844
61507300000
12026643776
39115466884
79876048104
10472950673
27862917200
04912182303
06370192104
46532517895
41078617830
09608836816
45137690848
29776414249
11337289957
12677749670
12630581918
10785506705
66086370206
13785371730
09547367960
05099093370
08407729710
33762790809
32907436830
07360054982
09111102918
44838380836
06649167401
92673112391
35553858879
04953043367
52081171856
04756137083
01894224167
17210642730
28719979851
01808794052
01799575039
16051966730
05784685147
07238621177
09888595806
09807283981
53030268845
11481351974
45070445880
07893715456
79872514534
72560711168
25441899832
11484290933
16690793680
44877491821
48288227805
05799777735
04326352973
08555782970
48247239817
31185944893
32388201845
35709086827
16710356825
07050114960
07529175955
10021553475
08807861755
29244116880
17463631770
13383959988
38337642874
43228993825
22587751837
17273822779
58447822168
04654258108
72067527800
12039684930
84321369649
05818939995
17809803883
05306696929
08648792967
65579569220
42983558886
06631121418
44562486880
07124607647
04361945039
69280177168
49930019839
11172189889
35039946880
49272915880
12950188702
12186754703
40898099838
15314679701
40985060840
05790556558
80051286220
42315158249
26848394840
22780976870
35372116862
34383486835
43072154864
08081988904
27665032850
06226148195
66470056334
11999507932
34371860869
09417570994
12097469990
42060310881
10344377474
43027549820
65333420025
16854444829
92223206204
10190609990
05191649974
17217700892
69488533072
47983257830
09436250762
54182190220
60032949065
88152626104
49900602889
37245404852
01917620080
03356189956
01924361710
02002472041
01966975902
01948973030
01906432007
01956859624
01942170602
01912495643
01900631571
01888131365
01890502090
01872020950
01883924758
01866912704
01880778556
01875909079
01852970057
01836508085
01870494083
01800804075
01827720204
01831522713
01840628103
01815313137
01823425224
01807179109
01812003170
01829236229
01819280195
01795960477
00149431074
00311902510
01801819041
01800938438
01797775723
00124643094
01797064460
01796359726
00338720073
00312499302
00078537690
00157908356
00134424069
00123744075
00124407609
00093693176
00115411054
00113221282
00100788947
00066879116
04456366109
00063811979
00063637170
00020743033
00016134052
39159183187
05680457695
92712290020
04501345047
09490504904
41878713817
05006442921
38732528809
06492686950
27685155826
69848610120
41274428831
48199193859
70077229460
08388948792
04716207935
33015326830
34707076858
07047109196
34147956807
07386998457
10458365912
92486720944
23052467816
46289069802
37683793884
81503253368
48356373808
78382793134
11238355943
33484282894
05210047130
36510463890
78867550306
56410336187
11069031372
46038748806
04415200575
50412795353
10208855998
07632030921
13268654983
08925485842
12196846945
12157574689
70791860213
07016604900
07791189798
41158628072
38227201865
06116632106
93465530578
10023736976
86045296168
80684777053
23615424808
37310633873
43626777200
70815876238
11262272696
05460071984
15627214880
04432423641
37113981895
60598553347
06428850362
87282020230
15530344739
60123585040
34489794819
08183769969
43662800861
97923389187
06190756190
45509780827
70371718678
46313851897
06384273390
06274411658
32450379886
57650063020
09247854970
64101355215
08322331967
81940947049
09806165900
39220623854
08446665999
07799851171
07794695422
47431646801
05729644639
52452683884
43410997873
25724255804
85644846091
81688873287
10708552943
08280648909
08376843907
77513568987
33229633814
44839875855
06055437988
10723011648
62636898204
78057230525
30856200875
50053576888
47781879899
70952744287
22062067810
29054000805
08794358958
89675819200
19883394721
59837110759
08607791907
17736019894
05287665113
00504396005
00861644301
00347745059
00352931523
00257665544
00247071048
00347579108
00334392900
00236947184
00318229242
00231760167
00313995095
00298894211
00271834242
00216170311
00266379605
00284056090
00308112016
00225687194
00219327270
00252788273
00270325077
00240110706
00222187263
00214640060
00212804286
00210426594
00156014122
00190207167
00192559001
00203464095
00144026295
00165297077
00160497051
00136695329
00146424093
04594130151
17051186825
42976439877
08067521140
92577253087
06380795782
28553528863
13797313802
53826581881
09672986955
98099205120
35452380833
41515275833
08810342909
72131810253
10372678696
28613480896
06350886810
60161765327
12146778431
48533934807
19555536880
12084656940
32413789855
12440024961
04749463396
70090484282
11266516646
06769619598
95185640944
05845597471
91541115368
15789469809
10851153992
39073124816
37464155866
08218221107
14837134742
42074178859
91780470215
34055907877
50194312810
09399177939
09908229907
08965499925
10021774480
44577522829
14905776708
04341609629
08041649408
13418492606
09518914729
06981385970
47529523864
89733088315
86617117204
15682603770
08400696859
68515650991
94542937100
98744054734
46110297860
39745055808
14436969606
05228957430
14850074707
07621814942
15417221759
46975904812
10515307416
51318756847
08499895662
70102639140
13001954957
42432833899
42444910826
18859017807
33316366814
04598048980
20139702776
07839160352
13355223794
44604397864
07663353137
61029513287
11042855684
86431080149
85347663987
09721867942
35747578839
10642260435
06153065945
47843390197
07913371625
39530057822
34846679829
11741507936
10909700990
15334281665
06326551196
66464692020
30501544895
08057217707
17593497712
75821982200
16784799771
09518267944
48500308826
18108019745
08479963522
40464104858
13124261950
14534929684
41801714819
12412532770
60005067081
09994829980
83663584291
10827183941
10369706714
80172393787
08944912610
43656660883
08371309996
05054073965
35673774850
05907835648
74790633268
74886894291
04563222135
07350890940
71392953448
04328323270
88075753453
70873318250
29766293821
10195171900
04601681936
13287565729
51615576215
09246591909
37547705863
12344231978
05096338975
13900537410
68848390900
09677012959
12139030419
07442993656
10195746406
05059475522
85881470508
21569611823
11047544954
12714139655
92579426191
33985831807
17672936743
05734883980
46106139806
06995932129
08645630940
64692604972
25150175846
39599180895
12857520662
45714214862
13004104776
10778860639
96690801500
48647847873
70304399299
10307372901
10516986694
93923910053
40043867804
90369874315
36078979809
44942465818
45505135862
45427200800
34545932800
11521195757
85698253072
83944168968
29380499191
06334633961
48651362587
60254821367
35072091368
31498422802
30628815859
10202304795
05825299300
06066793918
80051987953
92715818572
10698331931
99105292115
09633381967
09374382784
35741372813
08261683966
39147811811
11658228650
06060941990
32586638824
46186922863
14639019769
09381396906
05431644971
70451656415
46343092897
36496218862
46200333831
73212059249
70581478177
13860772759
25425384840
05464425284
43135105830
11078089957
51635287855
55277284168
47011243895
06998774311
07307700956
44713355291
10705812910
47881643889
52286480893
30996255826
07886084799
46997584870
17059686860
06819644132
14773582855
46405567800
40183933850
96451629634
22666948803
05751716426
23520412870
08215130950
11551754924
65261011000
07250617907
16265368729
43854949839
62434969968
12237471908
05041407100
31266356878
36195026840
07502740937
80585159068
76907589249
14489315767
70028129121
05511962970
16005837761
04620804045
27289420802
11498434703
43474261860
52347993879
22369020857
37616098843
10845029410
08349989980
36708190885
06014373578
04841491309
38242439893
07107058401
08084306880
44293905847
51593341814
45810993826
41057188867
44416350520
11265025967
08795829369
61029892369
48579933846
89070518953
34248505860
89037413315
93654391672
07435923524
13821262710
08660619757
99035251091
81696833949
37586260800
04805891190
12925875980
18750437801
41082840890
36971560809
36538534864
93015917315
12585755746
70383756286
48707665822
11853068896
40145835898
45754703848
09934078970
12954917962
41258348810
44421728896
77148029287
14688331894
05782719150
41134043805
11573931799
10346779693
09655498441
41056574372
49241451904
05148470933
45532408823
49072204808
46301586859
05954945950
18892094220
05464860614
99192586015
78615208468
99032538004
10685380904
08687291914
12681256445
04315617881
09968505897
07988186973
70827700229
44798033863
45637835870
27257877858
05108482140
06842114322
53788770325
70387049150
09728572654
75869586020
51004484828
17915136895
34138340297
13589469650
12723206777
08494930990
14297282720
35978708215
97371017072
09029365900
48153871846
33246583811
09514604717
91048745015
04975485699
33248337877
14328252755
15228136754
10903740621
07096060600
06464105639
70880562161
05997756378
05430597589
10890576793
33065064863
50947687866
82623201900
89685490953
06741947990
10476122910
44122866812
10091251923
44456045850
44294536837
13514900795
45377646860
17347651867
10613104935
14130552813
19908177850
13714568875
32230158848
22945014890
06343715681
10455723907
60413476049
04327751103
90701135034
07852367917
98294334120
43134800802
97787850078
18703290824
18512776765
75448009204
55694349091
04678288309
82715769091
07778101823
88512797487
11832166961
08442378928
77342399949
91709423072
16590521654
08293177918
13012424628
60117553050
07332861356
05042759174
72933100215
05185733977
32256864847
39076433801
35006659858
36892222811
20537080856
45742892870
07234808698
11081630418
04600707206
33165046808
41042214816
33158532824
44968574649
52328012876
32042064831
10592397874
16499407771
08727798909
14422710788
12453783769
06188351642
04628603960
08652920354
14158983754
10014184923
26142282818
49410681812
04541017164
06819321120
32898999857
72050900244
04560580529
06989966904
15162240869
70346932181
35153756866
40476674808
28923222860
33251494805
65349067672
98141970097
32304216803
10846461455
05888818720
07896754983
14468881429
05308414955
75841681249
04232688480
80003422941
09784445743
10752839659
13374554407
03171052563
02024827071
02006428470
02991862530
02051811717
02084408105
02024207103
02007802988
01992792178
01970730005
01958333093
08009884936
14872311728
41882541812
05120755909
42984323866
40649420861
82456216172
13596587697
98624148553
81367597072
09101840975
09168470983
07974097345
84826460015
10615031943
91475295987
15676953888
11227064721
80680194649
11231974826
11246039990
07576375906
45042546898
05341300033
08019677917
47247003863
06487364584
15751913850
90260430900
77381220482
05636466595
18932683735
40334023220
29779390839
26127554896
16755346756
09058350509
93602448215
10403358965
10155862952
05317844282
12359458639
36561629809
10233160647
94974993968
11525939602
71148671234
10781573831
33492413870
10528278703
21778705855
13622952644
04319723031
11316434613
16027002816
08934563907
44386808833
81259328287
14153565482
13206637708
85534951087
50096874880
41020899859
15391064708
48643089850
10396432646
07014938100
31943236879
07632145664
51068410892
07721575966
50039624870
49556624805
10992548926
44083582820
05831692108
17019669727
39010293890
90204352134
05216652132
05437928971
52391116268
61923029363
23473152854
36714407831
10705949621
13025879785
70390686646
40032117825
07962547707
05899035196
45668265897
12143079494
14499494605
36510935813
47582159870
41171476841
39386080800
07593936724
48637946810
46619989870
11968379886
05279871079
79530192991
35973090892
19582758830
52902900287
31586152823
37807480378
05171117993
07754844907
45037298881
70133211177
13894427728
47709457878
49576614805
26923402808
09538999770
81510268049
65037871972
52364596807
71095572431
94911550244
75419734400
08739172783
99595800325
09091317914
45859824858
06281405684
12373115948
40126863806
26571577852
14321056632
27544814866
41082552836
13048540784
40133547809
39143485855
45224590841
74857533200
33715157291
38415934882
11478057688
69746125915
80515819034
19294454827
48724604801
01947403150
01940826012
01937737160
01937706958
01933055774
01930252056
01920607080
01912248557
00049758985
00041878302
00044760183
00037970151
00005731917
00002141167
00014110121
06238502142
70034833196
05241797947
46803261824
38046193801
04547996679
14533986943
05780275696
14187769714
23883746851
28043153809
32764127804
39918603844
05186059064
05030167994
41017532885
09829630412
93346743420
36340223885
96268581091
51069144851
28219927852
06602199480
04918313078
11861348959
13526026602
48707262892
82892881072
08915477979
89651766115
33465923839
09830792935
65146220204
76297993068
05047314677
35892720829
14056582742
28961636898
46725892850
08838203903
70175445443
10472310933
62306383049
09062051740
06065322504
09258935950
84017260268
40418289883
63925320644
05781831290
23083181809
35807633857
14789871975
76438554200
26049875898
22907533860
70846623242
09911551903
36681101828
10664436617
42370393823
40610027832
46285975884
50085536822
04891370912
35898957804
70860694267
09660637675
11154273695
04749309125
32642378810
08199271710
11390494705
79074723934
40531182800
17222308784
13391777907
38503707802
40589367897
90640730230
54272135899
37787087838
93883161268
40477399878
06257768799
08286989376
05838641126
13488742792
09708394564
43670722823
42084928800
11324296925
61510335234
53725181896
09236438938
62715690215
10305338900
05336278777
62244482308
79511317504
04621708961
30894056875
30822146819
11588171930
44952898881
13269737971
10445216948
40942395883
48115175803
38632182803
94352194115
05885836345
37979899890
48269537802
79775349168
04444812060
46602151215
81547889772
13769627644
37482244867
23885844850
11738305880
37196024869
06529904956
29368491879
42912291860
09556988718
30920618880
11393630936
04488573169
12062904479
60980109434
15365976606
37965859220
44776750899
08345906974
19505917864
08135480989
86425151552
10116482885
32373944839
05492384686
09451377611
05792457131
46169711884
44502639877
68805519553
17257089736
74489623453
82062170610
28010963852
49701035852
52162452863
85188174049
15780844747
06263993510
18658503810
08724690694
45536183893
09523205927
15171409781
04637451590
08050904873
31301238813
80608396249
97964107534
70294063463
65982770272
64248844087
04991096944
09730750904
05442956929
34676574860
05360586362
05703125154
48592647894
12702562620
25090128863
42803076870
60612312020
93403240053
32850754811
17265731840
43398093817
61092626336
06718521400
35066143807
04873981301
42175293840
11172287708
30370002873
05273052190
07706797902
21609005830
05095151502
47829805822
07910079605
11382545843
10922616990
71447784120
04755756952
35929391220
08301277637
04843587583
70042691249
11659133807
10973738782
34832676890
36176263867
66029848968
67181210963
13187340962
48469858068
04994024057
27033458878
33132848840
71330759460
13217452496
04707081070
12309014931
10495520918
09495613477
45924695859
28921001867
74752189291
74330993104
23709989892
18851753881
39939088809
36543003839
11725407990
05700212943
25768397892
07291471770
16817918626
35825356819
05721991550
41749725835
05227740755
16528423814
09267453955
11170868606
38924219863
32567017879
69410828449
06464266489
99366363504
04834982971
52129582885
11428308709
86011492517
12334538400
14125953635
11636741762
48766205808
05633978455
81964153034
98087649168
06862103369
70972701443
15151985612
66255724972
74353861034
33343558885
54718671817
12146780681
10862661455
11012237745
83307745204
36263318813
75863375949
41894206894
07897427994
46115539811
82721807072
11900892979
78677726187
94903131149
86230082519
48151247878
46508648870
12808506635
37961385860
05314714540
06437071311
63212277734
96170425091
62655361334
05504725330
10723732701
16618654882
97754900149
11437985971
07693612696
04549441950
05036670566
86158880000
99096340159
40950327824
08608772990
40235243876
62084135249
06413116994
45945503800
50308306856
81646089049
10789508907
07186591981
25674185808
14450232100
08106305910
46526532802
64049566915
67115349991
08585357932
14392347877
06030283731
09687058986
08500414901
11108981690
46297747857
08080292744
08534092931
07957987923
37526318801
47087658867
09862341920
45173853883
09363575179
05940434924
88557316534
81399707272
43713066833
43357749823
45546447826
06746079104
37973020888
70807685275
37044897860
04590081105
41529740444
31758656824
16565871817
99201500700
04404271930
05189614190
11545781869
25135508899
41683782844
04377292900
06099525521
04584109265
04738758616
10573432937
05400472796
04556736323
05612897430
30178577863
16119524843
47646211850
05319635435
06614238329
69055360163
13732178633
44993861877
04467018905
07727822965
53053141353
07045177950
16308196703
80140157972
86152146542
85485217249
07583500664
99386909049
09781867965
04259119001
09692679160
04283324981
04251603940
04988056031
04290517510
04236834626
04221963638
04249181960
04193037070
04234093602
04185262140
04168545164
04190291099
03464348156
04158926947
03416946065
43485600210
81765010004
43730449885
08259552973
04698607400
44508038840
32741640890
60686722396
11482072955
07946294905
09420071901
33197157800
12498247963
08612033993
44656489875
38841298804
49341595843
11567148930
12092496778
65283775100
28730634830
06609559970
19037990827
13718655829
70908699034
08985975609
33778139851
12660552665
08033611731
43236213884
11788553926
08130581124
12055885740
15356535821
11174149906
60031953042
11997787458
06584512436
07732725930
13166739955
20059432829
07040192993
05487909652
47620627820
26683733287
25618155877
06935395348
45338362830
10549593900
93049323272
37394694801
72772166104
54694582372
10808711601
04738741640
07343798464
08316883945
04473101436
09135098929
93476264068
07044915752
13465679725
07400995405
12154794920
33061024824
37682228881
11740457870
21676396861
06923358116
37669935855
11119547806
11417046929
35667057808
45784823833
07514848908
07159571711
29763566886
27786438858
29730025835
47730322862
52262989869
04569707467
39774468864
04740013185
12943808776
69918660163
04731845912
35364419800
28888407820
46682398875
11654025992
14274536750
28225906802
08604625950
06655252300
09983208466
73175706134
87800349004
04747304258
47712578842
15752214890
06776415919
89235665191
37851844843
05874471766
37241646886
13933819601
81628846453
90723031053
04658783932
08556947930
59834471220
82500347087
36399086191
45311611812
06381504188
26487789852
60940905000
07806431942
32799855873
59255188100
09599884914
10039712966
25426946809
05394983941
16836565717
38568797814
42927444838
47728364898
06476984551
44099695875
08220896701
49891170004
97422517115
09880331869
07366331112
26238704896
30978172809
04478138460
09813207752
93493622015
09218367919
89906217120
11282512722
91927099900
08924018930
53678493858
44732595871
25041676879
45034082837
08736940909
12238073809
14436432700
35707386807
34457479896
36356122862
36405790894
04453430019
43987581867
91547180072
08525767905
45882917859
35247058801
76624927291
94254826249
10565044982
61700755382
47463075800
95986022149
34599233854
44612024885
57636427168
06445503179
32122391820
48105059878
83871055034
12002644950
05533563482
20489477860
38727602893
07990414910
92280277549
46436527800
07489426456
38939764854
27547148808
10772149950
07454772404
17276078728
69767106200
16411655880
22266760823
18698667708
17899765889
29155838898
70386810605
22164342801
54932033249
05237382266
09643906639
72068019272
11941875874
70905216482
46377565372
49449923191
12784563685
12975058756
47631074291
46513673801
45057054805
15011936600
14397923990
43371182843
18822743776
34482982806
09114223902
06452236547
06547181308
84183276420
70601943120
05944024178
07513508933
06855168574
12342832982
11643655507
08847752400
10831674997
57299285215
04515073125
06909896602
09486637741
47926478865
44419526866
08693585614
33612275852
04409285599
05986153340
70006918166
90500067953
33091002861
12059707978
20660568802
05496939984
06293953819
04741719901
89059956915
17864612857
05475782962
04586363983
95022503972
23321247801
53124988825
07066304675
51582090220
05022182076
08527786940
08566904907
07072277552
06841426436
36796696824
41341962806
08759894628
53609714875
10929491432
13273022680
36765126856
60138718687
08500476923
49038600860
05318993494
41425755895
45635058892
90971558434
05182193564
05979062386
92489370200
07706705986
21037152840
17937925779
29771203860
06880383440
16229872765
18000731789
08500372982
05722737623
29007231839
08893540657
40486856860
37066644883
26838131803
27444134880
58913513234
42303146801
11973918862
34249556808
08155635902
08155360385
39640169854
43045942814
05551543005
08774222902
26672522840
94516707349
26980682806
91921627972
43289770320
04786108901
43087713821
46915099840
47478134890
09467001926
35156974899
11731921403
74761617772
39505576870
38900358847
27401134802
04641343748
13569022862
41489590870
09114918994
52123870862
12030814482
05848470685
32687840890
48039365368
41426791801
06881452993
45949871847
47232747829
16482944728
34863570856
31090208820
39406412861
09283289706
99584786172
11887016651
26612554860
20179281860
37997088806
44686368820
06256568907
62110559357
17086865842
26929543861
61215658370
70366332120
09314505863
08597292903
42754442804
98553020606
08937588927
11778444601
06555670894
18806022881
11898515980
12066469858
15045578839
25150136867
66029279904
22417165880
48620831968
08435071952
50765854899
12318753997
84120223949
13522009703
66036631987
30168981874
04852084157
26888400883
57897379353
05993738650
91306442753
10754663698
04982392331
28480816864
29133542899
06402820164
05830356040
22940360855
26972064856
07022622930
11974233707
06798232981
21701003856
37612216817
06311998963
09315952901
05136511524
08279062939
32417286840
70840606265
21470453819
07959055483
05448368042
39800524860
13086362707
48158205895
12450285610
06301989341
34585486100
06450615907
46686286893
86200739153
08784071621
37270305854
05873643946
43263764810
46482256864
06528292361
31900031817
63640260104
59087021100
13290403688
08470142747
33645363840
15462354690
05877730908
41289391882
07978425940
07882232912
16946670817
40805878807
05859089902
24926535874
13876149916
04896465571
09987511970
76506908220
99084422600
11644950979
20001120808
47249963821
96990813920
06934469780
04298053067
42321785896
12407025407
49004319824
06383796950
94501513187
13296139613
94219966900
61412783372
23890015808
39525513840
08560336931
17214462737
07652752361
13130176713
47295487875
04664445750
69097402549
15528516722
27093600808
05126292935
10107620952
05024769902
50151080879
46011580874
04849467571
16825961845
13343832600
27427629817
05334673903
11386036781
26327608876
25481866870
42782737899
09844598710
11014473977
22915172870
05330510708
32031535803
38947213837
10891499482
07945226108
33668918821
69062757049
13782858751
42463864800
13252567814
18856099810
36579946881
60905131134
79600115168
18611603729
10686409957
06808965978
07077978451
11225615984
59363010600
26206624862
33659971804
62665286300
09050598919
07842265399
07529022105
43024151850
10490286860
08585002808
05184717056
15275858833
06073920105
34058731850
07110262545
85127124068
88381218934
46439293400
15301422707
14760577963
11742095690
06114732910
10184592607
05654377981
97818950559
11803116633
76153240178
35627892897
94813019234
32148990829
18632338811
60363453300
11807124630
31675791880
46866105838
81491450282
48141909991
39951467830
46084434886
08449521920
10805380701
91358531234
25096894878
92535593149
09455188970
47066678877
70726562270
04292655901
04280795045
07042925483
04276016142
04286307905
04290299938
04282627085
04286272184
04249457974
04254527519
04264920051
04263393988
04236993937
04262159159
04262817725
04256353097
04254523521
04228688411
04220047905
04230446136
04204518389
04205757077
04214823206
04214211006
04203970946
04202133765
04193231127
03988284157
04153678163
04139932139
03923145098
04032200092
04119270351
04076916930
03591297062
04077573254
03768932303
04009947985
03543087509
03530869910
03480949908
03453160290
03527229400
03493853270
03473134503
03486900102
03447874945
03461546933
03449984950
03416667930
03412221350
03430924170
03426004003
03436391220
03430886732
03427822079
03425432028
03381465120
03408512108
03419234945
03422063382
03387284497
03406624170
03378647132
03392779040
03396008618
03376413070
03368663720
03375289006
03368026097
03362908020
03366933038
03361052408
03300118042
03317186003
03345612216
03343796018
03356261061
03300160910
03256400256
03293014038
03329457074
03319748947
03290207579
03267777097
03302001940
03290475581
03307167006
03284907092
03258072647
03266529146
03264205092
03279524075
03216711633
03249045098
03251697056
03233789009
03248726660
03248659963
03219390501
03193936901
03202676288
03196896544
03192258012
03188564686
03197083903
03180252138
03178964150
03194211986
03154762060
03163413048
03153990077
03152717288
03081172128
03111487008
03121034332
03087717100
03117655212
03108958712
03139815077
03103847963
03098535164
03070332102
03041782090
03096994285
03069835244
03100188039
03040572903
03082142001
03030758214
03076488180
03049536950
03065872110
03043094190
03039432036
03032219760
03028529726
03025589930
02988225044
03028098300
02994230690
02985582032
02975196032
02983411311
02713571006
02971750094
02967304085
02827954133
02964441200
02916292969
02955282065
02740734980
02947872916
02918191760
02764438451
02744098280
02715621027
02709601397
02704244588
02668064570
02665210100
02693274524
02683852037
02700245652
02695760027
02680624203
02687556041
02670614124
02682119735
02642561232
02554951454
02665513196
02666798119
02655618416
02658192029
02632769027
02554519978
02503331041
02161728962
02587026725
02266290150
02503510051
02108662928
02421226120
02455427951
02374243044
02155482132
02255631695
02185670069
02092982273
02160581046
02041657090
02133119922
02141180961
02130421008
01588020045
06274605428
14783120684
05960127130
39285976808
21988833841
37232631863
36674973858
36183534803
12229710460
20005910862
07054063694
24042501249
05371730990
29699690410
42057632806
13758867622
05139539144
14171681618
16229661713
96457139515
21837124817
91260310272
70290776104
84838566115
34162665877
16636230746
89858441649
06469777929
33268200893
98776088553
39442279807
81232985104
39607662890
06227122920
05364294994
05640730676
10173686940
09111416181
42731143991
08599477935
09570416831
54828212850
21765076811
82113440687
06792569542
46310819453
52075425833
48728414845
13775161724
08023345982
36576731809
09082918927
66261490163
10966058720
04807160133
05315559688
37708831873
87767040330
09958404745
38076035813
04434998617
50583841830
04339954160
12525336755
09288616780
08323863679
89355857187
11314570722
60125142048
47258310851
05735774123
39143213855
08476459408
15245646803
49387521826
12961061601
70876527292
48498612888
06630978358
37105977817
10888953950
82292620553
07378268941
78855799991
14678746633
04752302993
86112058120
15335696656
04800438179
78029031904
07224580457
09152462951
51724228897
39753446870
22799924859
98865013168
37699709349
60672669382
82721637991
08165131710
40202206890
60931962323
08040299624
11249162963
64178072234
19636390819
14281316639
06247124511
40098489879
26987743800
07651645588
16033415876
65609662087
13182506684
07474676923
30526291826
12361885948
05709064157
10504794833
80012979937
32522085808
11122019637
41504876857
11018189998
11719029997
12168865981
06203457132
06796691598
42359083830
04733792956
38056673881
41900053802
49508591889
56769105691
05035073505
77198689604
05533485589
08587157329
05339846105
82235031900
09074451446
16329301611
05445599914
06362153936
08811812690
27293725809
36131556806
13220975933
05502666662
32568854898
31900192829
07435638404
04670376390
26563108814
08634326624
17858654713
30318581825
12722935643
04443857460
23741005886
08828378930
38767614841
07095536848
65849531653
05982720380
07408322981
74430980144
87388499091
51225317819
46099812890
39377234808
37652878810
53320309838
16456916755
94575207004
40793371830
54815037000
71130403491
13288596733
96151978315
33902595892
37465843880
09576093961
04405474400
11314007807
12018510924
07049141909
10332182940
31338837800
26516412863
35257321807
67681182004
29384744824
21700218840
32814242873
79505988591
69128430697
92484921268
42054996807
48114861886
27356066866
47912283838
04895433323
01783037989
01735899445
01781366543
01772942138
01769477012
01761508466
01729569196
01762920476
01739552075
01723683167
01716011736
01641838256
01728319978
01726635201
01713328062
01714067530
01712590090
01706925239
01712589083
01691211940
01685124240
01673204163
01661101089
01580659055
01664039201
01570303002
01638609551
01635114381
01636817084
01587495708
01632393042
01633095746
01626664897
01598065181
01538773244
01562252046
01474206107
01558752994
01549576070
01538681048
01537811142
01439532656
01506134076
01519779682
01293719200
01474654274
01470386003
01448938511
01260590470
01436871239
01480972193
01352118084
01187274275
00745690157
01286451990
01283194023
01200303067
01226761062
01215676999
01016251033
01169019005
01013101022
01079217070
00720551978
00781176077
00772998175
00517002981
00693800070
00706517016
00701964006
00623085640
00691299242
00568518128
00709645996
00616803974
00611991250
00595565794
00529530929
00561196230
00508478057
00449153061
00486036006
00471060186
00456372962
00475241622
00472287257
00469494026
00458027006
00437089002
00440777348
00388850000
00421968257
00408243732
00410657190
00358553989
00400724952
00371979080
00372557112
00381741117
00366992090
00355487381
98750550187
08660539486
05547313122
36158446882
67896022591
28921006826
42336090368
07211610735
16090509752
86476599020
06550552907
60867734329
05424819524
08054847360
81721900268
04918315526
46309426885
04951391902
05890660489
10720991609
36356825863
08898080905
84893150600
41771881828
39265301899
07557882903
12101921952
80076651967
04614491022
37275064820
85499579172
34772479813
09875428930
18306211812
85789874541
87558157072
04763879146
74263153987
05545308130
12390448607
87020297072
42200039832
48396263833
47172688813
56555024100
79603750549
86259712537
07121402980
12672004722
09579986606
40078410800
80053726120
54171098866
39578661894
40515943860
06931836919
06708775654
98816918934
08254688761
77754263572
65305701015
11748015907
05645500350
07877936710
05589667135
33472180862
99604876791
06166907974
04611149927
16186962890
26955431587
05031731265
06651557947
08015447933
70718775210
30270818880
48546806870
88037843653
13886621839
14543066707
84425890663
11009591908
50798371870
83316540725
07164558116
10636410714
05739605342
86462130059
04407502886
42947298802
34956592850
05121245904
35237969895
10133019942
12943782955
10541484907
06416801710
31028552882
77596374115
05080633107
97020893953
33676885848
42234440858
10089742346
40367625830
08606217905
15977386702
06934143752
10261479725
11399816926
09525533921
07439583906
08446412942
34384668805
33111539873
18434016737
47577716812
11575113767
14834554830
12034020740
10412817900
67178308320
12451275863
06442521974
37320663805
63100355415
34636457854
09301450704
29692255816
08150875867
12142923992
39298553803
06857550964
05545503935
96510269368
16329873763
11701294982
96993049104
61989568300
12011071640
05218909181
06021992121
13805519788
23172480836
14741469700
11611353408
18977594871
48164993859
45839700568
48325617829
70358243246
85258377504
09242348902
07891263388
05906184317
05048769619
50570176832
12655423682
11408514974
24107760510
92447600453
06274540466
10604206607
29116204883
42266613898
86454247546
44794878168
70475826221
16110607703
04899645910
12569881970
39679381153
51973338807
08828882930
60090006615
86364880100
04836931975
57761523991
32421294827
10679538682
05283358127
92872549153
32499178850
07089304922
72529830215
12256148998
08950106400
82865426220
74680285087
12035578760
71706933134
11686808917
36417039803
48428597847
05324710679
06851872765
12933204711
40485591847
12643445970
05333703884
09049023312
05948870626
09884855757
09700798933
07031410231
04618111380
12842663896
17566264800
49260062861
14467917004
20598910867
51520421850
21837522898
06086605580
08048369303
11424696976
09392167954
08807123410
33685324802
11993242724
13514212988
21553334809
70507743164
05226602901
60690437153
39650739823
95979964649
49549613860
12718206926
37115641862
79096131134
08054921438
04298533514
08223242613
12532219602
06035172180
33427950263
56536348591
46464137875
13365625879
08028385966
07862524721
06315581951
47066505859
07926612650
62396927000
35576038819
41598468820
47633371811
05280574139
36219598822
10891847944
04610575655
47964999893
08126181494
99649020268
06988322990
05670883756
05007324930
06874644122
10323134718
46546289830
13088669761
85926480507
51522471863
13004872838
10733750990
70053823150
10790159651
34956092881
62113399334
17224891703
31920604847
06147213180
92929010100
40543619869
70811584208
10558205747
36646117802
07026360965
25300831859
05984654997
29268376822
04483633996
07900011951
06346051431
96468963249
12196192481
90783310382
07802326664
08735618990
05884817428
22685543848
98735187115
11839904992
32113392801
05755179131
36576012870
40758527845
50740837885
44938426870
09663639903
05443592750
45840961809
09182383901
11439056951
67414737349
72457481287
11996497405
05071152606
06660989137
85625540063
04989555597
27829069840
05441284005
72019760010
34740921898
06348977560
07012389923
19038571801
68871031172
15821655803
80246125500
05676698403
11111247951
15947321408
43882932880
70557024293
96395516787
14343302814
07925734124
14545110100
88097234068
69765898134
07561026773
34764552892
94331529649
49019918842
10858295610
11872362923
06156433961
73523259134
28495949890
14222266469
10453773923
27960221880
93735723934
40180831810
11165083973
07839454933
39641802895
06424223118
61167524381
63943239268
77654579934
31326836803
14373312621
37828860030
59392916191
34204248845
05674954348
07672798910
06163390466
04510370571
45756111824
10615909922
06654650417
10087447940
69564612500
51119301831
49882522807
10416955940
07328650184
10291252958
28305508897
09673883920
37216356802
40704767848
42920116568
34801701884
60563720301
30027940829
46407425840
38006948836
06508648675
32396060899
48739676862
04509378017
34952515885
17306425862
37378723843
08461348451
08907531803
38214283841
04509983042
47031442800
44462365801
26781313860
09939243952
89221966020
33738059881
28868755890
22987752814
10828555613
14232794689
15892233812
99039575053
99701871049
11717674470
47209862854
04816784926
04355262197
48062316220
21987687809
35867224864
48099725859
05808741335
25320076134
09548628805
06256080629
28694362899
11667427334
57861340244
09459548911
15157150784
43384097890
11647675774
90121112004
08347561702
17449096790
60937838390
06462239921
05744743588
43760085830
83231897904
38173766851
53644441049
10573808902
32348552850
15388636690
11127095927
18217275769
05487327602
14324704775
41801093873
07770491983
42221770838
86734628434
09846729901
09737652401
46778464801
04819412906
12579342796
07104700706
36430389847
99514427220
08110205925
33739898844
20338491805
14979319750
37738122803
70489286119
97016519287
12538215935
70440286166
07622019674
74300121168
25817108291
42980345857
59650591249
89886763434
07864921981
09591045697
06439839969
45100023864
43680618883
07044578306
37617985800
05307935633
07963901695
11361010983
13686850486
10227044789
11680638920
16857184771
06909468996
05187762982
32034423291
05483099575
06112686805
09586632970
07741594729
34497648885
09034414973
04709783179
79141153987
22000911846
23882939877
70468621172
70610050257
76856879334
14080308701
12367870993
53766830287
05039186100
11520784708
61129513394
27905051870
89382838953
10584178433
16131475890
13130906975
41785188879
39206196847
39993783870
37306756800
49015229813
69813426268
26199125800
98956248087
07588409770
07784409907
27822616811
07370900142
82303649668
11107558646
66232252349
30987669800
06408345662
42819622801
21986823890
63935651015
62572512300
07099706926
70291831184
12433763924
47942798844
28031207801
94982830959
10355771780
76945723100
48789127153
80860729168
10647289601
50274572869
42501679768
48410269830
43841837808
50615468810
98072757687
60375777300
27634058866
50611480883
44603295812
09755026622
28418386843
10910515930
47146944808
17245822751
22861253843
70107902214
26414789860
96528133620
08518623650
38532644848
49796296870
23044267862
18238379725
50280170858
10353425966
08491388923
45329847850
09916656789
10620243708
29271714830
11117123600
08502974190
07805206376
08942396437
09185520870
05056180106
06327038905
49960669890
04534878150
06363700973
52111407291
12525599926
13517024406
44754743881
13551786496
08253219725
37432591415
70472247425
13648148893
41163121851
47181928899
44768674801
10200939602
07172467442
91322545200
28087066855
14212843676
97913910097
81335857168
11958980617
49709588826
29513918890
66390753004
26745930838
99348284991
43475923882
09051404948
16198253848
18544864899
12624143939
46533078810
21694296890
07093532942
55201962149
49591509200
29123944811
04497975975
07961719989
12350374440
11425306985
09539967864
21931957819
70655218262
10473961903
19253186720
08875093393
09142480736
70684903288
62027670149
06934956184
09233935442
49449339830
38701310801
92951570449
04391844958
06199446410
44578536823
06508086499
08006094683
70733098223
40440405831
12398733874
11883796741
89776542034
06723588835
05325445367
85934538560
42844512860
50717549836
41542820855
23691841830
04591277488
52207358615
42892725844
12119021619
06724445426
84842598468
47346465890
12132892628
70111056209
11321036906
33776251867
10330849999
08398442476
09107387776
09749951697
04384524960
05978828199
07357366774
31635317843
69171475168
09426307931
10639820905
97712817049
40470698845
13541961988
11260844684
38201459822
17099409808
10693894989
07211689579
36327223826
05078785159
06081341801
73394904187
05160823298
77021215134
80584373015
04922358137
09388246608
68464738900
11020510714
04990047010
80422853534
66075718320
36944895846
04973635421
06699045113
09641235761
25125315893
44634876841
15710809888
31017429863
09115339904
18285022862
10145395952
25549897881
93660480134
47806302824
13537034792
05572075922
05673783574
55576496892
77646487449
08610131904
51418014893
06875881381
41174209844
77416830982
55196078851
40850258804
37705403870
42591502862
04967149618
19235953855
08149197150
13297182407
45499003858
46841513878
47488971809
09515424780
05876447455
32172284807
48293943823
11271793652
04300293066
43008724817
13970173760
43693801894
49523028812
09722675737
05307769792
10969232977
89568060987
09455992850
07372656397
06917616397
04680862009
04365407708
10185161740
21796791814
04886227945
05606433737
05275042388
09566027460
34354118807
08389197740
75240300291
09790364610
71352988020
06070933907
49719439866
48020656987
10112829414
07079045606
61237773350
06812125946
10435256963
10357409663
08499484603
44033867848
36522324881
46491987809
40982166800
05011010040
09779762973
22137060850
26347967812
38835575877
06052594373
05805419165
15145992874
11388339757
45315986870
04642547959
04425141903
79548288168
31041456875
08204592590
43479088813
08849916957
06538311539
26165088856
31173979816
09070115603
05545316159
85214060297
08874946929
11012318907
35738495802
10960673903
05283726703
47786187855
10811038688
09053505962
48906658893
09514712790
84756489753
04457295973
36990006803
38688473838
37074051845
10276110870
30733776892
07492403933
31364835886
11108628907
10764980947
91632048949
47858333860
59581247904
80131382918
31638655855
39743138854
11594125619
51790191840
04826120613
90747631468
92050069987
08130044978
05300190942
05005066209
12857226713
10788642928
25125503894
17731004830
38128563874
89222490304
28364301845
17032080723
06051905936
71567039430
40733453899
10346863643
06238843993
89071808068
08804276630
07918784901
27339782842
12588070680
39335086819
07423067474
31435692802
16653645215
10291604811
60363487549
40629485836
29704729880
07869936502
44975306808
87510839068
16959729882
18609033805
51456522833
43881794859
97045624972
22709672839
40305427865
11366562941
04935485566
11060362805
06439689975
29039182876
78592240891
39255867172
47568906876
10185185410
49760917831
16348743829
55744672087
38897668895
14623966747
12672760616
06949474318
09338791483
14776416883
80544959191
93691670300
07340821180
12151118789
47782091845
37982312810
10447079417
14278489633
80312837453
70034302662
08044182926
14105490893
14481920807
21642237809
08765672780
13874424731
09094719916
10442982941
38920289824
32801595802
04302994436
45999110890
86116703020
90400917149
06554772332
52117671870
10772446733
12756744611
55489966220
11246333759
70620896132
05878536463
61289859396
86218620778
45698950857
08048351447
09256166640
05925672143
06286967109
12896614990
45772863860
04862134807
30680027882
60706880749
19210074866
08678372419
52873811153
29076535809
89655630978
17387814880
09355838824
45513956845
28798030809
34757423810
70523594488
70530081180
65001370434
05076092121
60897010337
09451760407
12057307964
84166142534
64036529900
08310709439
07962180722
04367837033
13245965893
05242085304
04630482105
13285083662
34965562852
11548815985
61070885398
06431304381
17782459788
04374154140
06054321986
10662436970
45165420809
06126482654
21568180888
38027121884
57586080178
06065211435
06531910305
05211057309
32457429838
27642692854
31655789821
62771741342
33743451824
14398372792
11652824960
38154909871
74236890178
07120908944
06211731183
04529768554
17533296800
95175849700
09559107909
37228649842
87083329915
37751161841
13336281962
41513999842
32661810854
11534015922
05917126526
51983275816
13017927644
07725112413
08136365903
70085975176
49347455806
07172477910
47153702806
29420568865
33013368845
37455208820
26485673806
06591120947
40634476858
09409212782
14264247608
62855522072
35304283880
07058606633
06247934947
07570358414
96010983053
48114817801
06443017404
32957973820
70233638660
16725228704
13891097638
31834468809
07521890930
05903523935
16317571643
08801666810
53384690818
04375899603
09350127881
06049422907
38330093816
50205160824
70432120300
55829724120
79439721553
07382886328
12310830429
11374567957
43179064811
10040027422
37269110816
13838194756
44853063803
05003804571
06134370126
07775465581
47561920091
15208899760
37389477873
14851831706
45228249800
09835443955
06807953593
70792115228
36523094804
40348767862
91873053304
08370840752
30894721801
06257946999
26870406812
95253424172
68445393391
34711882820
31061639843
38469578871
04860556550
08965228654
25830505835
37378725897
08806113755
06768371401
08895807901
10486279693
10368900908
60797686312
06053333352
43715226889
38857882845
39664229806
12857579713
52675336882
16068061817
07157697408
15042447610
21734201860
17559808760
36128174850
07247483938
11463744455
23064168851
18606662801
07435197955
11303807777
13036393781
28842523801
40505505800
39128364856
93629354734
58108572134
38285064883
08337958995
09324841904
38046399841
12438393769
19492512840
80449450910
89056892215
93961014191
10704173948
35691495879
06253391933
12789635889
04530785670
08021500980
21580012833
96396725134
84233990449
29787086892
27839531881
57072744053
05857274907
36704808892
60984698302
44643628855
13711754899
04537107944
24900598828
39929349855
39008948842
15900668800
34205031807
45111169890
06661591145
15620125769
70386778108
13769326873
70735610258
07829462674
04803323550
07889489544
82100519034
06613468894
38269745812
07162801757
40354208837
45919181818
78004837115
75676150963
11795963743
41824855800
39625185844
54299772091
38842550884
35418526820
58018875200
88256553200
16818978738
06701229980
10241009600
62625159332
10924936975
14545680704
13848642883
87885328520
30350105871
26076240881
27606201404
81469993368
05728865194
36284635800
42921044846
10418586985
10522785409
39375377830
22053952890
39701280059
12144813965
88979229020
46406996895
18520241867
70789663252
93137702968
13482498890
06297596930
44508250807
07189444459
06047875963
64918939953
58752030563
05088357125
09539902908
09350623943
68501544000
07333010708
17752786896
10159645913
05341012836
08404910502
35792045801
13200645660
05353735978
05220903039
35820128168
82696047987
57191697253
08416750742
25528393809
39792472878
13109048809
97371890000
11908279648
13887851889
05048506014
10374239924
28309287844
61168777020
41510372504
14069990755
48543547806
06804323882
09172923911
08210397761
94199892400
08062707806
17595260701
09596544888
06518574305
05896603738
08426124836
05485209920
27212665860
76018350734
08628447970
27966878805
07578935976
32813529877
10408678801
26924031854
11933695765
04795522073
35580666004
17769605725
08537375500
10198390904
50834948842
74283553972
43148523806
10617216630
44013715856
05564661958
35841041819
11496140990
09933041924
37267238890
37619325883
22558070843
70308505212
17046241775
70432421696
10204009600
13563214883
49654979888
21250097819
95223606353
59551917200
06365588518
42931792837
10485273950
24833815885
10168733951
10842061967
80012514977
94307784120
56031726904
19056512790
10792086902
36796398807
29832427819
33863253515
56926359172
07779085902
33334535843
04851219482
12168951802
14345132622
73781207072
41385691204
99543559015
23221653875
99431408287
08866654930
11989792839
14506451864
45612106874
07245818550
75867087972
10868969982
05171886601
05244836129
55835880049
08640462941
21935056832
10991997948
30829917268
89122275134
04826113919
69346267020
06080232138
48382105823
05203719330
70681005203
61212302311
43269189850
11666727431
05918280731
08003421942
46763857810
11492571997
04192475995
04163219927
04167220326
04147738966
04144752160
04144709582
04145806727
04141063002
04087603202
04078274048
04084859141
04090079004
04067964161
04069140603
04029044352
04052160177
04017814026
04034733306
04026246027
04020657947
04004137101
04012894005
04005870414
03987185040
04001158914
03993983920
03966262975
03998276416
03998241620
03984483104
03989966286
03986219188
03974092145
03987413107
03972544901
03952779652
03897681544
03967177130
03959338970
03939787965
03874887405
03925007954
03927306185
03915087092
03894763310
03899914147
03856420240
03856354948
03844602593
03866907907
03860443178
03908415012
03879081107
03861237482
03860964062
03880114080
03858609510
03851025180
03830145144
03803667976
03825077977
03838850513
03823243586
03809753009
03816969445
03802713540
03808583207
03817299907
03822847127
03807378928
03798660646
03793843106
03791902903
03770576144
03787097120
03781142124
03777841331
03726915443
03774726973
03684731986
03757488148
03705640062
03744303063
03735744958
03735908900
03662313596
03700816928
03700110316
03681502080
03657847375
03607898383
03692606192
03685068946
03680642989
03674889307
03676701941
03673175912
03623790176
03673139282
03653537363
03608749918
03651806618
03628681901
03608116206
03530073741
03605374484
03585542174
03551524289
03580821458
03552514007
03557246000
03515099921
03530781401
03530521086
03517441937
03502217157
03518980262
03518616293
03497047082
03508856992
03504977108
03494913056
03500428967
03486038940
03489401220
03481146990
03489774094
03480431046
02954951389
02968946218
02956646303
02962175066
02956835114
02878354729
02948173280
02882453183
02946685004
02852878348
02853126005
02889308944
02918680028
02908243202
02896352090
02889090540
02832221319
02868747507
02888168979
02885970529
02852819252
02853447901
02883966346
02865115844
02840827166
02858431337
02846404178
02845371101
02806376084
02779948108
02779288000
02790710198
02815393913
02784221954
02769606883
02773741030
02795650703
02801961728
02784919102
02759792960
02775438008
02762325935
02760340074
02744154377
02724673166
02669845509
02620512905
02585277062
02598286103
02646620160
02630261751
02640914006
02633235441
02609222505
02600437100
02584326914
02607345278
02601655062
02588191380
02566892024
02569936022
02495285252
02519826100
02542020124
02567084444
02544790067
02527420362
02540647952
02493750446
02484959338
02522395122
02518151966
02516572301
02510108131
02497613435
02467584496
02481505450
02475455209
02475233729
02410163980
02471668046
02468605969
02439755389
02428151541
02455452123
02397639041
02393834273
02432479157
02420607066
02380376069
02400479070
02391507089
02392753652
02367061521
02331844143
02378293208
02377858970
02377297412
02341330665
02370399074
02366787014
02352070988
02331108013
02357939907
02336532360
02350680711
02303303044
02298861919
02322887552
02298543038
02281454223
02315558573
02315712246
02280637103
02261655908
02231122162
02200871996
02260475396
02258971217
02192109180
02258825903
02253809004
02249099081
02246512000
02237445141
02213730040
02227870583
02201869367
02239181133
02211991289
02177008379
02213212252
02188175689
02174376130
02210781000
02152709918
02147272540
02139152000
02114520170
02100407775
02141730031
02141956196
02092234137
02113128004
02107563063
02106120702
02093082144
02073526152
02098578113
02099185514
02083969260
02044812100
02079772082
02035750598
02028721065
02077085258
02078940941
02067945173
02066814024
02019174081
01995068500
01978817932
02001172036
01694586103
01675556261
01643996150
01675610142
01656951533
01654169471
01643448960
01651743584
01618155105
01584964693
01562110926
01608129179
01566389917
01615642161
01597551236
01575438208
01550680676
01500876089
01542541930
01559045159
01542319676
01520981007
01523807016
01506462081
01522872132
01514607280
01483332144
01486962521
01451504020
01467357065
01472141229
01454794631
01437164250
01411274652
01417378166
01404929096
01380073308
01384748008
01373144262
01354328558
01372943013
01382836058
01320940374
01346858063
01340061007
01379553164
01355584337
01309594139
01315146797
01300803495
01310064954
01281766950
01308590105
01270242393
01301949213
01297156030
01295218259
01256976199
01283145243
01284214109
01256618004
01254916032
01257408240
01222232251
01216488002
01251131298
01236971906
01228395012
01233461265
01229763635
01216137129
01223597989
01222416301
01210795973
01173828761
01214690939
01210258536
01206867752
01160108358
01197740201
01184972354
01160268398
01178905020
01143641094
01178349128
01135394954
01150948906
01169999000
01145820506
01137505958
01136612904
01101125985
01118309073
01123476144
01096372088
01106573145
01097777600
01053576005
01093206110
01096845164
01090647557
01089335040
01070865060
01027752497
01085983145
01082382965
01052520260
01011802929
01051702089
01047021765
01045402060
01043097929
01038622344
00975969064
01026599903
01017684278
00951524232
00978211529
01010341057
00938802003
00961147970
00992978335
00992854954
00988403986
00889051100
00987264206
00920007031
00905764110
00950569046
00948211199
00960793046
00949765031
00868364207
00943225116
00933179995
00864236905
00900096063
00892213388
00886772737
00880348100
00873842138
00833286374
00828444960
00870151290
00864341016
00825364060
00831355379
00862475902
00845259598
00863808930
00831694157
00758541988
00827966024
00824300556
00814158188
00815239980
00808356003
00768540941
00803762232
00792930002
00787929085
00777379708
00801910102
00755916182
00739608029
00776049038
00761520902
00724881905
00718739965
00724368167
00747121010
00734149999
00736816950
00678879109
00693733969
00718648307
00691916381
00645970247
00689257945
00684980126
00666623384
00577867989
00642390126
00652588948
00594760607
00632126922
00615892094
00619686502
00603733000
00598796029
00594159164
00590062344
00554174693
00554543133
00588794120
00567009971
00557541042
00507813910
00535296266
00510713041
00534178014
00503866032
00472559192
00491663102
13489825438
06011140190
28967744838
12489811460
36480087810
80962246972
37058923809
94192510987
07811121336
07532178641
35106503876
05074850177
04440023916
52411982020
05068309265
05403114998
48338276898
07073804483
44407623870
26577139806
11754991459
40135816807
12694585744
14486298616
07474312999
27873867846
05080865822
09280132946
42541398883
70121879135
86088570571
05948346609
16975477701
52870774915
99296209072
16954340723
36264796840
63230577353
76260518900
12855326869
77682190159
08577826902
39248179878
22365552889
08315705989
45895252915
93597754015
34514175889
06362037197
70896767493
39199502836
43937932852
10119563908
10561701407
15507791686
07799335327
38624997828
07884551926
31313245895
35893839846
12326440641
43448286826
06607003958
05302596482
10634216910
06263065907
07827731171
44437560000
45460950821
17263629739
25135747885
29522647837
53649770997
09515182670
11657133818
55836860220
09254020796
24148326149
11040253709
49399345866
16236916802
47470580875
51943088845
07207756984
46301448898
09810742860
07013217174
11940803918
37304660899
07504328375
43741985805
17821625779
58853200049
05283631745
89369092900
27237056840
04795713928
09703149731
12510137670
48085980860
86898558668
15384649771
59159200120
34391787814
16735348800
31037249852
09734539744
12548038661
12457162718
25417539856
11006847782
43695542845
45800400822
10641109407
09520917632
04879500380
08434191997
13466624878
08016044603
38217379807
06809106979
83535438187
29100002810
49883668805
85673277172
48013069850
07890221762
63732270068
32412710805
42727468806
98831070720
06253483978
41315867893
26161794829
11002075467
08557720777
57587620168
56432500630
07216182944
05246514188
38240693857
10983006881
37578593838
05600084145
09234472969
64604535000
21961286866
08499671470
36578716831
43886822842
50760670110
86949535015
49936921291
16768984764
43941593854
22337465896
11962965961
15214732775
20268868816
09203815619
70744655269
91281385034
14674215889
24750776890
46848971847
22417058880
42278387898
53063376949
12375024974
05457439909
10134491424
94355649415
46189580904
91361060034
19256105861
04822003167
15122806829
99094649349
46257539889
10546380719
33923586817
09980894601
05848480567
07808120693
52317334826
52348997991
22530645809
05250135471
57591830520
07802524970
41249588898
06597934903
07351995745
27305855839
46539016867
98739379000
46314562805
04528795159
33834604879
04765779777
39419502821
39344614172
49368525897
10369390490
09040106940
04829996919
08819282917
27724695814
42264149850
04879100102
33568174855
94748675934
44813611826
11941087680
05297186188
11107576466
34093752877
13609177993
05585188186
29388323890
06609573964
66954762920
08637879918
82205167049
30300685874
06589054657
11155778758
08406903635
04519489202
11390064603
73410772634
06152224632
04942712483
09577617913
14090914736
09446123933
16268223870
11193014913
05976130950
09836967990
29425514291
40128345845
98533568053
04621681583
27481105871
11199398950
29038512805
13058431937
75606038153
44821494892
71450014119
12327004870
43521601803
82511446987
90878183191
07387345511
10571638724
55588177800
08883120914
45401448805
13266790820
80126277958
31084686856
69378266215
88740790959
07047351647
16272618778
70718326920
43906717828
34683948885
92626670510
44450293860
97843113134
70543926125
16592412780
14407527706
27456425884
82404070215
04699892388
47272794879
37448939874
43764055820
14603295626
04476709486
15076591721
12509857738
38100884803
76419193672
11501185713
11884807828
70538276150
08252280935
12422997937
04820897926
23243128838
05117404173
12954062762
92393330968
51690943882
09778897930
66604648915
16903083898
11853847402
22052153888
04633996177
22018425315
09766259976
84484233215
08248065812
15174569836
06882585148
29800245898
12633529798
46612078820
38523674845
99413515387
13122043971
11238837778
31879262827
06984978807
04492713310
60180752375
19735205831
15623704727
35535998800
82975523149
12311796941
97177911200
93838948653
26556185809
14078533922
05220529919
28485027892
05470992900
38448039807
04438707056
44573262830
07912267948
07473403583
98597817100
27796707894
16122990833
28608476851
23881943854
05740241588
35983791885
99967308591
06646339945
92755224304
05751679555
11757120947
10195419464
32752285876
09941367906
12137966794
80705294072
86719937529
06714744641
08052686776
40041013875
04926111900
04976107108
07068416896
35860024835
39621079837
07859691876
05204589902
41354282825
11736905490
29034253880
10560993994
08992390998
05224781663
42834677824
14247061739
51742052819
49878209865
70104227290
62253328553
33694974253
14037639840
65962184068
46151249100
10755256590
08111304951
04975559994
70729557472
31767114842
38856853884
80543383253
10934904464
04521756824
71288884117
11668341409
14057572724
42161754491
39971112272
05205554576
48080629846
38354456854
32960944828
85546208015
85817910004
19500887827
50766193837
82396795015
77144414968
09679150666
29723405822
51077515049
43013458844
34068303827
29504324843
81286970059
11292510714
05694738969
04962916963
99911990982
06295608973
13057574831
90958586934
08653341706
08247666952
23048254862
33946137865
04477449925
10810903911
19692318826
10326085955
59783842587
04890422013
06621973993
21914134800
33452373851
12717994645
04591899136
43828100864
36443540816
12844221947
08418247118
22524498883
10343384981
07972621721
06380805923
60319127168
32995027864
45839733814
12511819457
07258617973
46808749884
48710199187
05983560530
37095963860
04639398085
04467801979
36609287805
70110103270
06311802902
92098193491
11226737951
34389851870
05662444625
13230475810
27987895830
11300974982
42593369833
11115288962
63642360300
28780286860
08547954996
15957766720
45012203844
61270485326
11712187457
34015706846
13156331910
92340920906
48598518034
09681392990
37582480864
82129436900
05822222145
47302254818
09799316731
80061883948
05429798967
38582940807
11086938739
08544916945
09915118910
09717036985
12825585602
06047765947
30687089824
42703941889
29781532882
94879141291
22512979873
97617393334
74903080625
69275432449
05166120779
48003421802
08666089660
22449212809
82646309600
05898402152
09166036798
70928638480
04896080947
17872720876
09337428350
06117517637
34108425863
09326868508
28742400520
09060962940
38583784884
18192417859
60588611360
75411563100
27940278835
14247106422
70496834266
12677024780
63910489087
67732151020
43763287825
85202533349
85843750159
36795568881
10886960665
10783607903
60955191360
06592638664
06718565610
06411918716
42267841894
88439119291
04392559297
80724442634
08782632928
70492634270
71309745161
14774901750
34934318801
11027497705
10519532864
38385527842
09260418607
31600113800
12453515918
42320788867
43601599864
05512423290
55264395268
08427073607
09051145900
06738987927
11772132900
10512980756
36547767876
94521271634
41899855890
09499672974
42800796847
45663085882
92285082134
64700003634
07549668361
05082043994
12923335708
47489023882
04450435397
13696754889
84976624072
30836821823
06987016585
94943389449
09215983783
47088375850
53818636591
07610765147
88504280306
11334602670
47455050860
25427325824
06217472112
65017595287
08978443605
74735535187
99888017187
47136597897
55231330515
44430427844
10965360210
12730695605
26337135806
02042925063
08537339610
11428467769
07559761933
15184643605
04105763954
06266219506
02922839117
00084545151
02745117114
02581561041
02087817146
01804440264
94178119400
01616417501
00359370926
06369211311
06483544669
06038176888
12525586867
41030750823
47629701829
06729777966
13724539703
34774374890
49541950809
07222060383
16947080800
11732646716
15455488708
13815160847
08713231928
07872289318
11419643924
05193172202
38931229828
11267821906
05801806709
39390663890
14475645883
19616960709
42453231839
06536678176
05082705962
04929172993
04803856966
08750049976
06978233188
11655030779
15730462808
90129750182
17232000774
12670376959
76947602220
07640612918
08272821923
06353816138
31605431885
36541128898
06203321583
56149158187
60410104302
17796763875
83929177587
09841755637
16776107866
05333374961
47519109810
85976799566
13254020790
04888483183
08568346960
44704666115
50897332873
57577803049
04317308061
29655912817
04556910374
05405395625
43794764803
78028450253
04729798333
06309907000
46534085801
19257328864
06285508470
14480321721
52102009300
40888748892
10677525958
16653606740
07552605979
42759236854
05277297286
63149281091
17191592702
25154270819
70059983167
04320924983
43670570896
84665904120
32001696809
07570348109
10336063830
09041325603
04563563986
45014222897
45056191841
35613632880
59812800263
05107194141
08109526888
35469666867
07117844779
08283319361
06419296331
85621706315
44028863848
40683521861
35335743859
60961273399
46096257844
06202059893
28303281836
07057565992
05220935402
12833544707
79599630106
04335807040
46879657842
07743194965
39128906845
55531124864
04750339903
08768950624
50354339869
26841875842
06008413911
10933294913
05493772981
10036998982
29865506149
32273807813
46577617813
92373585553
55071848104
06510376466
43605716822
16505512829
13545952622
62152413342
10128992417
10160297990
61263943306
07335898986
70003679624
06705284986
89217764000
09400663943
10575258985
04549024925
12236246684
06445491731
41603260803
08957109439
11189050919
12973061989
47984542813
07983803303
46933535827
25065605807
43022973870
49297752802
19945225855
04603461305
12491414600
05944722967
25417371220
07925925574
36640368838
70705646270
10946883980
43198372828
08424132947
06592068973
09460396151
06750190600
77947711372
05613006903
47485998803
12229045601
05664921218
10625541758
44004772826
27940499840
09090865756
48943616805
76152014549
37832283874
70221856463
39696173830
95087990053
07077427900
94180741768
98756702000
74564293249
12501097874
08761263796
04569493130
49686707883
07116648704
04305313111
43289095843
48107733886
93555849115
06373303900
18676026793
71093746459
04727910284
05794577371
08805275794
98516868400
04477192118
04606995980
44568448840
41300604816
06967727958
06692289904
07505750771
09915723784
08219266910
26641837882
53334830861
30916293840
45182019149
48776684890
23175261809
12056594986
07452223152
85964539548
28140404802
12011114985
06211117167
09330213561
06294107555
80010016449
09807015707
96630973020
37843957839
09112279978
11153686643
71392815134
09083415988
04544688140
21786599856
30449401847
80102506000
24561535888
52924389879
12570139637
25938110807
30890983852
47373673899
17551042865
08100660336
39611329172
35499937818
61031615091
06143929939
44217385811
06459629455
05272745930
22801729841
38783457801
05958132679
52292459809
12041946962
12002983909
05393644957
04456081457
09141446852
80890261172
08913817918
70818541920
04678139907
28624128803
06964180532
93647077968
09064623635
21566596807
12745466992
31246657830
83344942204
07351980128
09660698461
41199675814
43542853801
10707862922
10689361939
08738965720
22136632892
27053615880
10600998967
05215267952
15574082705
71306168147
11665277432
10472491970
31999341880
27571565863
07586668965
10673867935
87087502115
05763335902
46582139827
16888453804
26451965863
73731080249
22980742830
05907203927
38046361879
38574236845
31764957814
45784032895
86116371272
37014524828
21851588809
65913116534
10607712686
21862334870
05733750626
07353957999
09186222554
70657676128
07748282773
04629849157
10608751952
36176581800
28824353800
04763689100
11976096952
35706688869
71304568334
43445442851
36048898800
50766602869
87844745134
10361727674
29636913862
08002859995
83808086904
07097946652
74438905915
25787765800
56152116953
94858241068
41098110900
05688226927
20159313848
89119045034
26282501873
36384104806
04971754954
06776810974
13392971910
04604125155
80062366904
10250720906
48417764860
10240456840
44809560856
95465081368
13575411638
10723183937
06816104684
10424553929
09662299912
29823835861
42035299802
18232653833
33543732889
96242981572
78576636549
29745524808
39324139894
09912603923
11258189720
70441948421
86757490234
05686218404
05488848380
96055936968
05495982355
10813419638
11643507494
06008027280
16025279705
06084480870
08880348906
43880653828
34258692808
11076136710
07854458707
49441693880
08691554908
46600338806
12720324426
04928705513
42796106810
41355141893
17101686761
49007019805
97708453291
32336687836
41605885819
08616766537
50472541862
87121255120
43951859830
13868935797
38363004863
13786557969
10607022906
06318573623
04817215925
47812370291
06018571781
14945283710
07613828794
32154602894
05358591559
04805784350
09645203970
06298629904
06936961509
38203729894
70371525446
07303139800
39706910875
47374968809
80139841920
06071612306
06597881524
98030060106
75322587187
23018057864
07222953590
93814623053
04923226196
05728406750
43236015810
06284893159
14063722694
04695875470
14898530737
46736263387
06951209995
09969553992
78110530125
05350482629
17564338873
31548855871
93903243000
23041817837
05091967990
05403878947
10371131952
36594965883
14056814708
46433676871
11978475969
33526673810
12163050645
43292653894
87485524615
06173913194
05551007316
11245424939
16801797727
41779899831
37963269867
51437207880
13641265401
58761802115
43249637890
74697749049
13076589970
61630462349
29446094836
37031894875
31994226838
06851938960
29163215861
33564156895
29155225888
84945028591
79042503220
15142075676
11467421693
08776829766
27630538820
32334470864
78008476249
70425367118
04739338963
05085006992
43498459848
04870439956
05515453484
06153875947
70701942428
84544066387
80470580020
08236769941
04634096986
09625347909
43277110125
37291950856
15839324701
39913247845
12111258660
25178781880
14477358628
07815902995
14059688770
95252967334
81631642634
07592986701
48775795833
31059918838
05971090798
28936850210
29992343842
10372232680
85253936904
14815942730
42577283881
44537915854
99593084991
63199491200
06551079598
40115601899
89186389904
05954936960
05540441966
42315600804
13705937758
45485376860
42231730812
51930469837
09861814981
41758427809
80916422453
10784372705
41609628829
08223644924
06454692620
13043494709
32011726859
52203512814
12508488739
87456605734
69622140220
18806793888
09119079397
52858724806
11665425725
48087475100
24886584802
09795155997
10469669950
89519892168
35021050818
10775864935
32199951871
07564963735
61385764384
46533302809
38744535880
10075261650
60870778390
06556193640
07600832909
36954692859
06885854859
08807095963
28196763832
22987111860
13933044782
38891464813
41387229800
23094946828
06151708466
07044859313
09609582907
07841446640
08992578440
70669398241
51752190653
81721676520
26675415883
04167785935
04240404924
07729123274
04149784809
07490069785
04291781075
65895517404
04153695920
04143305798
88076938287
04282123010
12566963908
04269298960
04150639574
04031531079
04093906157
04069659943
04024398997
03845407913
03981976959
03869265906
03834200670
03988916137
02955244139
03798773920
03776219947
03630055109
03551961077
03376844305
02607432162
02644909163
02596068125
03186856043
02729244158
03146511525
02626472573
02733797042
02474299106
02106050577
02285020716
02295592550
02042774189
01548762245
01666265977
01788739000
01633173054
00432536108
01511201533
00370553136
01023884151
01245285203
01096296985
09628366998
08915232437
00102662088
07029685954
44874472320
13180120908
11831989735
13025307986
05407137160
32199915808
23380210889
49173952320
40489975801
10684075903
36574319854
12475617713
05852081906
07051814133
45694906896
54989892291
09538652908
11792174977
08905900526
09601884602
10036889776
38012019884
10416302980
05388185494
11500478792
41522892877
07585597630
07557384970
05721936452
43480270808
78562791920
07759772920
05539484150
32145407855
54983908234
40593709837
12182592997
84698063191
46745975874
39585608812
12961111722
15800368724
22693833892
99455250187
42037978880
04420912901
09238763917
46321937800
37031664870
36472326886
46954082015
35444873818
41997878879
06957104788
31533905843
06883841962
04417928630
42026037884
47589981249
29792523871
05279936707
44500035869
10066166675
38817996807
25929718822
62058681304
93765258768
37759607830
28182509866
09615195928
96558350220
04970299951
76381471972
51544024053
44340880841
38582734816
06389761708
04985322407
04493493909
09918994908
08403419970
70872599116
15495382846
25663474846
61825296367
55742983840
86471619391
46341785836
50179810120
46708997835
37594903870
13093168643
80482864249
42185902814
92603564153
09220310708
46284881851
56261616272
09286944616
12185543717
48776657817
06836117633
86866672287
06258221378
04704389162
07840285759
99364050568
54262364100
41196512825
08944339970
77041720934
34948978833
08807200937
42142173810
08040772907
47449714825
36470517803
36842485843
04895968197
07620940952
70042209234
04708195966
08938620964
07788458775
53741354813
15248611709
99491036904
50337717877
05631733943
23580225863
95817697220
07200478709
11489157964
15654440780
16184682784
05487103763
05823482507
80816550182
76115585015
47224866890
84126540210
05957647896
11995613983
95546901268
31016102810
09811147680
18729676800
08043712964
65378954053
25244695819
14536779841
94232377972
38421257803
24817360879
07223228954
34653681856
28658962857
48047990870
92994741687
89622650015
05245313901
43171821818
07488778359
09529763409
60320230791
11593088965
12033279944
74994255091
94600180682
34243257833
18447855805
16403687794
08192889939
06179626693
09723428938
06914375488
08388184989
33601654890
57177007172
70213785137
05422533569
93665032172
08906231717
07277442911
06530349979
08864313958
25271363899
13099910902
45610739810
42205932845
22540283837
04521561497
46841038894
42155373805
09180374506
05416468939
48506882842
07975029980
09732999322
12546898698
16176927862
42802407953
36985216870
13059501602
44025829894
60167071394
10479666970
09466291963
42760133800
40383685800
44145588835
69337349949
10730426696
05853503960
70485354403
29856257859
10798206985
06036455690
44562167866
07765384970
04740494000
05762564126
12807071945
10635787954
06412576940
87964627104
32779113812
33270237863
75467887904
31473228824
06873838977
45430206857
92864929953
05736426560
36655559812
05655659743
80693326034
13232144616
40180670034
32358002801
05548627945
91351626949
62473875472
10424437937
06437489383
42785743806
69572704168
11244287636
95875069104
88941418704
04488871933
23534327861
38223304856
13053550830
12302848500
37541451851
37072456830
27202221861
47266819822
08305652564
28001324850
80048533904
09517888767
05936844277
06192090971
14762345741
23283713880
48425043824
52322173053
07053917878
65388755215
23980891852
06093570185
37331273825
59896060959
05433943526
16219269829
42869320876
34037724898
37684858890
09511534980
50574424814
54145864620
92234682568
51773422120
09227449981
11184389659
36634509883
37309872835
10523124899
13346633608
05717855575
05942311919
43946652808
34613371880
42453193805
14339867799
04675585906
70684409160
79985360125
60445016396
10012134406
12449719873
41565735838
14250405788
26340711839
85354945020
06362601947
64160599320
72498048634
04715114046
10536919984
13848519763
11897900686
82094268500
90491220944
62566970491
08888208950
05999989469
61165981378
09014194943
05416845155
14483806696
10885100603
05608364732
05628497932
06702199163
82386650510
39193760809
05314970112
31287435840
08811177901
10854506608
04336395390
34576271857
45844301870
84664860200
12524761754
31492370843
13097833650
30455797870
05466444146
17504077798
41043783806
07452148517
43652763874
09948049705
91112940197
70880473495
10366711601
37519556824
42894103832
46016542890
66989809434
47151818866
12156139970
06686137936
13114103685
85056235504
31862338876
34544306825
15454057789
08902602907
07925103728
61342672364
59415509287
71140603434
41355928800
46770517809
90920899072
47931276817
10925955973
37596464840
11116521474
29690244892
12894259735
14423099705
16648989726
05707421700
04529225003
11986016633
60802580300
10134235690
05669031997
05480997580
75639939249
49429594893
05955352325
05160999060
53092554949
10616778937
21746353805
42555470840
74556843200
06233212200
79753671334
46994767833
15467098608
55445101134
07126631189
09253711906
20522324860
57744246268
11578103908
91720311749
98151398000
07033195907
47395781821
13864465990
85192899915
37718716899
04712921927
82469725534
10428695450
04310575161
31680698842
04794552440
92812481072
70497318113
04654533680
07703442674
45488618821
35046089866
27419768803
70250227134
34213082920
69260478120
92661548068
04870784114
34426719810
37625740811
44818536890
09622356605
27525140855
39044179837
18596864784
18079853851
62360623311
05438308969
46256529871
07442151612
38686238840
54289866034
25905661820
07935806683
04593528909
14249733840
04924491128
16697943777
36737144810
12290081957
47567873800
22792337893
38187650818
16444504708
05299263775
35551354814
05656823504
07820831537
38894829880
95175350072
10638303974
06275245913
09994081942
41384000879
37583261848
17626008898
71257497049
96272716168
26520025895
13902231750
11309062722
35419628953
67568750272
38812335802
06424067400
33559908841
04411565170
13142515976
46296907869
07095250448
47908597890
13768704874
43114423434
06555758120
05261778107
91995353949
08706605516
48227586805
94703990210
38639343934
86676261634
60820921394
40300864892
06443165195
11519128916
10130508942
05335586036
75465329149
37421730818
07282042152
15172431810
14900046884
06186658627
08474039983
26052139862
32951939833
16353262736
50904512819
33201239801
37045340800
36760406869
10933326971
70119534690
95247076672
30647034808
38108271851
08271987950
09809186932
46403095897
12900064902
82629102904
47933279821
37669478004
79305210287
06339772170
07616944710
47443969848
04630307451
11535398701
70371952190
12670071686
70642159262
36542104810
43540772804
23055887808
36635852808
38209564846
51705679870
04367692981
22182581880
35014183883
05123570055
91719895953
43148769805
05484750164
34139409886
06464644939
34694369830
10378477927
46226049812
86591967168
84513772700
27751461802
88732509634
13114978622
06396196905
04423861097
63704340944
36051844805
10910114781
13897774992
73304875700
12289179817
09803888994
08645355701
05094564994
30358471850
06099993118
54094925520
08526539647
60273895249
97224839949
93181493953
10295024984
11554628822
09643139956
49597234831
05296712633
84822708934
04361106100
32281020843
10485612674
50102655839
85733040904
88593916104
21707710856
14518206665
38822163877
06154003293
13705162829
52255484153
11917328788
41584765852
83028749068
08091710585
12581972602
33980294854
81799900959
07116794956
07590724424
83215450178
08273149730
30202226808
05468252902
05282175185
73489646304
05704620370
34848352819
78295920200
68147589204
04370777054
45057488805
73328286349
41964804892
05143180902
68920563934
11160754667
61327777339
44469624004
28871966856
11186832851
09572798685
45455013890
10190776978
15667639831
09950056640
22995519805
36882528888
13526328889
26555470801
42994945800
96603739100
32851850822
17344532735
09393664102
06120558926
49683529801
05415904808
40215591836
93509251920
09286863616
18515202875
09119900970
52244269876
44825234453
10499080904
94999791900
74670425072
50386879893
65330218187
08999533956
05373406619
05541627761
11904799906
60136656056
17567426773
06117098138
52561399087
36927722890
85045730282
13012812806
56865830130
58899065004
62958356515
29822570848
08703134440
07933462405
53326078811
07686947955
31631578820
82552207987
06635161880
06492848950
04298754014
09242550990
05401632959
07384586607
38866276839
27650934829
81634544404
05351283476
05749906906
41263179886
40491502800
05685939108
13557022757
14930325773
33101616840
26573918851
08785024910
38609346862
22269453859
12639832948
06214003944
06471549946
43191463879
08044951814
13269714840
47004921808
94819416987
54362804803
17682005726
32357627875
85153770125
13230341880
12788344864
44029072844
09207388936
06273411956
13478600707
09376450957
06068356604
15513310716
08416541663
21303682800
07833317624
97794155134
04368417976
06873735906
99571412520
16204372793
09594514981
03423982969
03702091092
03677122538
03724361106
03677032032
03643025262
03496955120
03630203221
03383785025
03419736029
03502633967
03391095059
03427332900
03427138097
03283237050
03295347000
03327380430
03334634558
03126389570
03286987093
03014091375
02895119929
02819527108
02958682102
03065763761
02845035098
02644366798
02659214905
02645225160
02702124186
02599439167
02604253976
02539877095
02563950040
02566919089
02538672902
02453107976
02383931276
02486257560
02380318450
02469526280
02439284408
02413473270
02151366910
02154991408
02296382525
02209857660
02190784166
02156107092
02155781717
02173861727
02117755097
02069074781
02104201039
02007141981
02007085976
02061372066
01771195193
01696614236
01907398350
01758464720
01471616061
01475165609
01439647801
01316704173
01295255294
00915286076
01096916010
01036792943
01009861026
01094649155
00834709210
00620314141
00954672038
00734723288
00826567541
00483500283
00508911540
00630817170
00608801984
00455987114
00490863167
00462044076
00171691512
00292261128
00023073756
00322247020
00099258056
00004374258
30276746848
70544769481
62075306168
87608510234
07680553939
78184568134
04553805707
86891162068
06508711970
61150303310
84733551053
06187575970
47714106824
39621419875
39875611816
11430423447
07890898908
52785112814
49846112866
37628890822
06452219103
04499753120
05443974289
06569941348
37944481899
43740120525
06538102964
11884613977
07069242662
45035746801
07985930671
71137718404
04859181964
51347507850
04913061640
68339976915
53462408968
11397647990
16334106767
46285972869
42449876812
20566582759
75400197949
08746791922
08801572913
45810517897
11322305609
11723460974
50344737802
16964327827
04423101106
41229252827
97443824068
10271936762
07534471770
10715892452
05129051939
05155357888
12918982636
46939004866
06730046350
08162886400
28975068811
41790167884
82599564972
36375872898
11245116959
11382843780
04360744358
96251794291
05056676900
04918080383
35488396810
05192222613
70267268629
62272238327
10195249798
05585409026
14054269770
85714348087
06116212310
16811714816
98949594668
06772040945
27010348847
35992108882
21900928841
29155232825
38196046855
45102423878
86971638387
70088713091
44290893880
07230373611
29584758837
41994148861
63546035534
20187630836
11014290970
43339354820
07829646996
14463680840
43459640839
14411721651
06794263963
12815794837
09656878990
11469187981
44119410587
35391829852
26077349836
38676026890
07633773928
19262808810
18613038824
09896618496
49177727886
05369557519
44103180803
30283804807
43680017880
39949022827
11161115609
95130063287
14455735470
70228769400
92099700982
35310144803
04325213643
81500777234
05408647900
13123588408
10733881904
04410532383
27027675838
30116315814
88914640230
23874423859
05537277964
56868340672
64086445115
08253136943
09863018929
12824700785
37996326894
13345174448
07517372327
31302237896
21765234824
48981910880
93555300997
05820756452
12251715630
15974745841
12918446602
49033359847
06667776910
07484392936
88030741634
42351159870
80089240120
71565207416
41515735850
11216382794
08216001410
11171210973
06216321633
18874994826
45075486835
07341133902
08237860489
05502579697
78208696234
10657367974
87057611153
14543612710
32645277829
40154138819
23085636803
09597752425
44538501824
05909565150
70334099153
17135067770
46404954800
71083979000
07575109579
08012362902
30700677860
06020676420
18730359856
32575217822
14260127802
05992211942
68532105653
34798998893
24934459880
61065715382
33930679825
23375503890
38964903897
11778519709
19460311865
77879767487
05441557850
13451935643
05757156503
06101028186
31902718879
27693357823
85217441615
08174501908
05308795908
38275912873
07817103755
26976514899
07109724905
05468790122
04870334186
80259863904
05452877150
42289042897
76768007653
70082441421
10620220686
05536623923
44931132863
09934202735
43110579898
15847294735
40092137873
83826726120
96123621904
84625120934
45350816896
48173870845
49330525814
41009619870
97207055234
07749550909
09021804875
15417976717
13131161906
55322875972
35323103841
10542904900
08041676995
83059911649
39473630875
37345418839
04657831127
43648440802
41301869813
70195884175
61083664352
56073364687
49909476819
13937355766
13741532738
29470445848
52471160115
22176925858
46717914807
46148080850
08247362490
09592744645
33736187890
10423785923
48617401850
06288517402
33356150855
82650144149
06913786905
09400406975
07328445920
40839275854
69562377920
77123654315
29655436861
07935631948
10604738870
08465346305
08162871390
15983060732
07437243482
47581591816
10634868748
11974979784
08428331618
48733647879
72265450200
12292276950
07313866984
41365751813
12030292842
34851005873
46652415895
12555583939
07751438398
12202708812
11142122611
05279317993
06394993689
25711277804
10938519964
42461433836
09684163657
06867155359
85048496787
26010123828
05689098108
06841853857
12276495685
06151860411
48181823893
12173395661
11485937990
04774601004
04688248040
56401000104
34357328810
77274300300
38086238881
29387718867
04966876974
79503241553
49830865878
61533696934
04320509579
11056135930
38543840848
99205416304
04942166977
81150849053
33345233819
52995093832
04428804997
73383147134
98477226172
07233721106
05700535955
06050598100
28649030831
19027665800
22959870832
08992431422
06047887384
06142332912
13617404421
70131442236
09644963997
12794050664
15284338820
17753027760
05477399902
85964646204
14851964773
07693998780
96502673953
10537957936
08675741944
16033595831
36015532874
46836932833
08228202776
61048574342
49499926860
46281472802
14002677656
29411699898
48329850862
06319244429
04566639673
12021818721
10809904616
44071269812
44882033453
94155887134
45785496828
60786787015
38018053871
44912664847
09502965973
04447396963
08889183802
11807383814
11559107456
60905747321
93147716449
13021888445
09185075450
95652809191
45120331904
95843345220
05441055910
13787000747
06380709452
08607441671
12624265457
08665623469
81354037715
08976257731
34984260874
30602297249
06333043958
06237839836
71708006591
13158011670
04583216483
10088820629
71034616439
10661179699
05652086165
98454196749
09368980977
06356196440
86769820072
12871830428
94206112487
09873916407
05198292982
33430911893
34721171846
13914950803
06277056425
06831096930
06199219198
27103906807
25273670896
96183730700
96472243034
67773753920
82738998020
09669046645
70835591204
71029419515
47707207858
06954706981
85953117574
32846832838
08105809508
13426728958
62325025314
07778089432
06093997561
09628184458
11270622633
35081069850
04459182092
74394142253
97860212072
16707747754
13327961840
70119239264
48480622091
96710071391
37099013831
70377672203
12175784983
32029524808
39204914831
09779872990
15780935890
04966665256
36173739844
47078801857
70038357119
39003517835
47712194866
49106047823
37181578880
15800810885
07391675539
15604333700
65587413934
05177351211
05737798992
40470063866
88936821172
10374518998
11139599917
04776639076
46683554889
47118305880
87094690010
06649501832
04995868089
30281864896
32644058813
05823747403
41362303895
93557884600
23736497806
06330658978
17351830754
82039186034
43557292819
40468411844
04706751365
48255897828
43639914880
16057680731
41090019866
05104857581
07139933910
11025073932
33776234857
07207027206
60326976302
09298038925
31197298843
08412857640
41527799859
07666848900
04446340107
06220356306
80393950204
13267228913
11341633713
64393534115
67677860982
47333215890
48812758878
07766919966
10040009955
04970558302
51019410850
60839000340
46467602072
05085259343
37717359049
51024139883
08345798985
80323596215
47830716838
61173399330
12961659906
27465809851
33449108840
46010154804
78975530272
12049483724
31620110865
51751579816
10904730956
46861548120
21567076858
97875910668
64498298934
11215713444
09756819405
06660686150
22816078876
10366767739
23076859870
97541532304
08737209469
07167724696
81256094587
97347582253
08079201773
08178778947
29094527863
85938653487
75986396472
08718587895
53405714087
38079962812
38077723837
14017785697
39889151812
70692058214
05511448907
05582609423
58882367487
86696475915
27962144866
12686615974
17540080701
66244196104
05054629076
37114567820
86083600987
09546296988
04914557398
78744474253
36848838837
94453802900
15392289754
12629849635
29951475841
04353197959
70012482153
04690747105
42301837807
08986508605
06156057374
10090027914
30229581889
29922587840
12107143960
40292514808
83233059949
37632474838
46309345885
07129243961
39140185850
65302192004
07008815654
12286063745
12404319965
32752878850
44813895832
11994846607
64997480568
12478861666
35730587520
35762989836
29912854861
35050207886
07570145429
53754898809
56082592972
33874627861
50984999841
36132251820
82032173115
70949911186
75118491053
22150627892
92251692991
50466182813
10439201616
04991973139
78051916972
88758419187
07485582925
47387352844
36297393850
29184705892
06488594109
04272149202
12047208866
11357019700
10207110603
73698083191
04278688318
04269607696
04233929642
04199942033
04213095630
04239595061
04229807309
04170265793
04167799642
04163144064
04186695032
04136515928
04160700608
04138466100
04157646100
04112577060
04152830514
04105677101
04144055108
04110062314
04131917106
04115080086
04064621352
04109388074
04088060016
03990469339
04046775173
04042089593
04039756037
04012875990
04042092110
03926380616
03975511931
03989862405
03965575112
03894161698
03916072943
03912937109
03935440952
03932315340
03916794060
03905452103
03872545957
03887269977
03880751714
03896168002
03882061367
03841781209
03878898681
03860052144
03862719928
03848464160
03833344113
03839357926
03823081152
03819642994
03820469435
03817787030
03782392019
03754518380
03799230505
03807080350
03752751428
03785155352
03743932148
03726976400
03713349185
03766231790
03734759692
03730236504
03723877990
03716508101
03716426989
03726573119
03670846000
03711433065
03715982900
03679660936
03665787904
03611511102
03565659475
03638104630
03586283938
03579958992
03537975104
03553129999
03552665048
03543826832
03547956358
03552391916
03438280906
03529518930
03489592735
03478273900
03433801533
03434839208
03435706961
03446122010
03461396435
03458132007
03399251084
03395687040
03382361558
03366039086
03358923029
03344166638
03339514925
03341743170
03343792373
03348125189
03341618945
03294301308
03334498000
03312109167
03282178409
03320777726
03290782913
03309707121
03231817676
03289667707
03281723080
03211522204
03256749810
03209145504
03186623022
03197795997
03181373648
03163141960
03168945404
03194544012
03124829301
03186910943
03105283218
03153938318
03135751007
03123796094
03123045102
03117604499
03091407900
03045711138
03094793126
03067604105
03069594107
02972010000
02996659090
03057805574
03054485951
03006414942
03049899751
03014761958
03009909527
02998972063
03017146650
02979636193
02955526975
02998901123
02961000998
02992628042
02956177052
02932007009
02962408931
02934090051
02957499380
02935101138
02922669106
02923994566
02911405056
02885768029
02886410780
02839779730
02839767210
02830988566
02876201909
02831424305
02843993105
02812785047
02827400073
02789037035
02791570292
02788646780
02780599960
02780341017
02767011513
02760202941
02716248923
02755140054
02712529529
02734773406
02742723340
02669597505
02719314340
02717155023
02713983029
02694598200
02636617922
02692565207
02614476960
02662902051
02681788366
02452958107
02443232085
02396814109
02439837008
02454938081
02430612933
02410398510
02385595990
02394134070
02327143713
02314099664
02386919501
02343546312
02305539150
02361607026
02324211530
02313938905
02312384019
02314964276
02274358931
02193174024
02241356271
02237748551
02227478039
02210704006
02191216994
02205591126
02144746907
02202376380
02184639109
02125361175
02183850302
02151914984
02145211179
02134923180
02107613770
02112348345
02036117139
02044883031
02087012903
02034986156
02035171059
02013196164
02032308681
01973221152
01971827630
01990035647
01938319613
01966684096
01990401171
01992583170
01990913075
01981759654
01953485081
01886114013
01949834204
01841244686
01865823155
01884463622
01907258345
01893049019
01749266261
01847176046
01881138941
01757060006
01762035910
01735139998
01732802009
01727151135
01678380679
01652499008
01695113675
01661128017
01646091132
01566116945
01576297594
01611105765
01532426631
01591144205
01604626658
01572597062
01592913563
01500679682
01568184344
01525297139
01514257289
01513854160
01504733207
01510520937
01460125932
01495185109
01456330632
01440275777
01391502183
01419516566
01398453994
01434739562
01424791952
01374308684
01419755129
01424835755
01394047169
01346154171
01342246128
01386631655
01372790195
01361013990
01231489014
01333023340
01323609008
01341295982
01300992018
01250476658
01206845007
01274792010
01245108760
01244870501
01264263929
01236544919
01227698720
01150966980
01207018988
01216005729
01195016190
01185566066
01123774080
01161045201
01051521106
01153630257
01141881900
01130357139
01123711160
01042593965
01060447703
01077548354
01064115519
01034273922
01002906989
00996820523
00955049156
01021341037
01001297300
00955255643
00995476195
00985810076
00922941033
00949177954
00938336010
00923275592
00909115800
00887770223
00872675351
00889273189
00875108989
00855399961
00868483052
00907678025
00803164092
00794192084
00776279114
00816459886
00797540156
00761245928
00769233120
00789202131
00733055702
00758389906
00770250246
00726143901
00725717211
00748144943
00712730931
00663752744
00712395962
00642736952
00576203939
00666900132
00656139536
00687250358
00641247621
00612638774
00594756090
00590744003
00586564217
00595580327
00581282043
00569106303
00519295382
00566529092
00528813340
00527869198
00460996975
00475557930
00458590002
00453950124
00508760070
00438703502
00498624218
00422957933
00422267759
00422773611
00374710902
00416958362
00398523770
00313957673
00250247100
00229948669
00320417050
00260904732
00261571109
00286996537
00263798216
00259602027
00260554065
00213479052
00224859536
00229835546
00221877070
00177517999
00174400845
00148331580
00155569139
00089814185
00061412007
00002328313
25714021886
05581843163
05350105671
07619882626
01277964017
01243138920
00822111241
14977055683
01358868646
08765084683
05638132708
62988379068
01285010906
01339832186
01303723077
34611043886
01132080495
02776879342
02507321067
01608289613
01300052902
00772816085
01195318600
01172547114
00876413130
01106083210
01027707009
00953570924
00799260371
86379798668
00762408430
05775150988
11396181482
05945251950
74047159387
52373054825
29727177832
36046794862
05133067909
69419051234
45657735897
42242157809
05421688127
06647725954
06016897396
49105297800
02774897173
94876142904
08273564630
01676476016
40567133591
91217393153
01772274003
01794367241
11694493873
06076895608
40055531172
33235641890
41485919851
71310002134
25948575802
31694379841
05675757996
60986158100
11274533945
05883879675
04463734193
86074908508
49160233826
09659429533
13292974909
98580825091
79453007900
77356101491
26248451869
05120767907
12969496992
30871961857
50220524823
22899258885
05763417119
30777154811
89141253000
29091025808
34935846879
09111031980
37104808841
10798336684
60283465352
52966628812
07567550342
16250407766
73754536915
21389214842
09321582932
25542309860
45440398864
05243156710
10300835922
09472982905
08916398967
08917061605
09458926750
78260043220
62202774068
96912316549
36500425847
37914271802
97228290500
34846058808
73557544168
86821687900
11252358458
05065519978
11212887905
25225837867
38289756828
10832082767
08935257664
29476288884
09598465900
04316986350
41538670801
70099072696
10244275440
05195099430
08183431682
48079720819
36390412835
42522304895
07344730448
45332695837
43448272876
37112254892
69822247249
80986331872
36969421899
07759771525
11534991778
14129371754
86174606104
24077216591
17543931877
11732760926
40704992884
94082472134
08201018931
60235308005
24614333800
08225039726
34430390819
13952652830
17868126817
07946431910
03032886040
82453144049
08004114989
30610016890
11775367908
06927105158
13709071763
02128293510
02949782671
02812044381
02110843950
02737084148
02703000316
02709110903
01942136099
02134866284
02346166529
01931711046
01847931650
02039385185
02006135961
01404569022
01985584573
01818591146
01797944932
01711460001
01680024183
01620081040
01344049710
01664226060
01536438111
01382834608
01317752198
01299475477
01307072100
01275280595
01302085158
01321272294
01319155685
01260232980
01292274042
01246306778
01295048159
01239516401
01239778511
01243221402
01195278390
01159749116
01140567578
01210962039
01179733940
01174560126
01093498145
01097526275
01089754361
01058373005
01070756369
00966903056
00974140694
01060934108
01054905126
01010777939
00918591902
00977113574
00872737217
00963584677
00943423937
00787563919
00763612170
00763806960
00634857967
00648481913
00768255074
00804773050
00683402900
08592135958
33265290824
46733162822
13071384629
04906142133
37270245851
05550896575
11066366438
09274104430
04688894937
17845437727
04967308945
85861477531
09180731970
06559854922
38579780829
96282134900
07220907907
37102308884
43480076831
26726566816
47092935890
41095231847
30845630806
85091014004
35687569863
13996500688
05563540952
41372967826
19887720879
05054165142
70062207180
06840565939
05098810680
98248480291
30529792800
09637504966
06141733611
71661891934
15968587610
81492014249
04520377943
99622955134
70061114987
16586524792
22946554864
05035649156
54460239949
63939932272
39095445844
26595489864
74953680120
30171728807
28093337857
97279854168
30227595840
31439500134
07448130935
42484396899
06095735190
11123606463
98471317168
83556613204
43193495808
11619702665
30750902809
05393670958
82891370015
09536730731
17445268774
05887361980
30154076864
04745232845
92455743420
13050623969
07250954903
34234030805
35969446866
05790184901
62267124068
51872035841
13564229850
04963835908
46067371820
66737559387
31017966877
06649509140
30347532845
33597411886
51020259884
12413948813
06941489464
10725581735
39539101832
70840723229
31834704898
69922713934
08076925657
42597765334
39822815808
13122572966
16797530709
98314700959
04299790022
97499846334
41935516876
06071994748
15433157717
32751468829
29588839491
10218063822
97019704034
12140339622
16733354896
39299746818
11024076741
45559334863
11934397792
07359401933
32165188253
38368803268
10185637760
04620728942
37970253865
04448240061
74850229972
16709909824
13064157990
81723547034
30939302861
37112200881
32939982830
33571620836
29803865889
28750558870
10084686650
58346279949
52180354835
10476635705
48096586866
14676895801
12338200799
12859488901
14535039780
06945604993
04523570981
29002350813
06729759984
88121151104
06787515952
04699730647
07728561413
09924297652
08262719794
05566598994
70512043000
10976771926
11082872989
11391351983
46653111881
12076037403
16708087855
06618776392
07147749790
40207136858
06088976985
04351735023
54759404015
04743544904
06357655945
36221154839
44872860004
13882466782
77935713553
04612410564
04298631605
45409708873
09787839645
10942664930
84580348249
05720418881
74172921515
31133896820
08607556908
37873533808
05941847548
50652680534
43758782821
71780262191
16329954844
22752258895
11688584617
38578251890
09700383997
40201431882
07510022916
37453391857
10064300919
51714569845
10747009457
22747348873
91816742287
46955128825
91184711615
24915248801
70294122141
07761044708
42890979873
29928864837
12697550992
04718971918
09366674437
37549580898
36093985822
76517497315
96504757968
05972629429
74567306368
61379212120
08982727698
09302389901
93782799704
06974510705
25629424858
29424611870
44055735812
48170669898
06531913916
29338033805
12207484980
42643123883
04776250969
15041609756
18332399890
41204351805
05214305931
79376126220
06157011599
05811865910
04362688927
06493185955
10043998712
06209375138
16170609842
19846593830
11559800933
07446212918
04331345505
87524864868
41496705874
49311968889
12264574607
05504671140
44601023823
11578202981
09824929878
06080048809
76686434272
26606578825
35676830808
09735172984
05777222803
62401602291
06837997890
15459960835
08278192774
65443756249
31006195874
33952119830
34286238865
06458272901
35332787863
42384631888
48109575862
27707778820
80868479187
12630559742
61787729397
97882615072
33364960801
19273250807
96348577104
30439085896
44090431883
09500060922
11192142705
32067113801
04431874100
61635197287
11503553795
05125397903
68941480078
06724481490
31965605893
05197447990
09837229608
28711705841
35215732817
04471063502
33107731838
44217562888
81228791520
07962544198
74882473020
99818221168
80420036091
16090394831
40563345870
07510011809
05906582126
11245992406
34399773820
11720485925
07239725596
31264601867
39768927852
42469692814
39240862811
70144952165
35428696869
07811722500
40128010827
05108222904
38053795870
09968205664
43550024894
22314278852
44901713825
97486191253
63816440282
05384880180
08487000746
67068480934
41042472866
46893301820
09754936986
07809169130
48008869372
42571145843
04369154561
14427477658
59027185620
09336391984
11262256496
71012587436
09046112993
06773352886
03048229221
03037970022
13014421863
03052041908
03034130341
02839160951
02779194286
02624462198
02280252902
02490821016
02271240220
02219637662
02734852373
02698812044
02724903269
02330528957
02361539276
02165741963
02163790088
02135705721
02153689910
02159792144
02102383725
02054163228
02094271080
02090867000
02099149046
02078062251
02090711094
02079262203
02053628936
02077895683
02075501904
01993630210
02028010045
02044425750
01908387106
01927430232
02027878181
02027628401
01967706379
01978114265
01958751170
01961138654
01925694909
01901589218
01894913965
01838315438
01935586459
01888760060
01827949031
01832378705
01844765776
01857219155
01842604007
01835581110
01835127827
01773905228
01761391410
01771381140
01728801737
01792304170
01789472962
01787266486
01786390361
01776115457
01749135590
01654539740
01745155961
01708132074
01707814023
01678797901
01642423688
01586855557
01572140526
01633242048
01639326383
01606490567
01571897160
01471357104
01569450617
01552338746
01468671731
01563473933
01500633186
01392928109
01373616024
01413486584
01394804989
01361854014
01400785090
01353753123
01360784519
01388305500
01335689621
00879186763
00954326040
00929880919
00937562084
00896994910
00890110077
00863336078
00860171280
00886097070
00885847040
00874013984
00825933536
00826904564
00848520386
00851471170
00785025197
00784132143
00776413457
00780173007
00761689052
00657789950
00666591083
00654720983
00708652646
00728502720
00728153963
00694071005
00652721109
00688799035
00606513264
00634303120
00640227147
00630741689
00586185208
00631946004
00621070114
00531187152
00519182189
00472782932
00566140128
00508363900
00554432730
00522285090
00071808299
00039753980
00014578700
00428924905
00040101916
00464433983
00342249630
00371178908
00016758188
00245081526
00426867092
00393957748
00378791389
00038258412
97906239091
49406616874
00050042092
81343779200
14115232706
12822097607
07029767926
07507352447
33017035859
08588176912
36994099881
07747255403
08513882720
23052043889
17764199877
63480778534
81846916372
83533869091
43446765808
09691675552
44997940801
32147219843
06533551817
28969798838
08198952373
79854168972
07134519120
84332972287
17363347786
51755602049
70544216202
14795774722
22517929882
12357184760
68846355091
40179415832
11349596990
09590589901
22746036851
07769564506
81623534453
05620110303
09853801795
72725400449
40576785814
39796084848
11212351908
11535704918
07068826954
06255750914
05557655557
45107806805
10592394778
27658515817
13168097810
33665134897
76823156368
86113152510
05727109507
95348590100
05182290926
70338851135
11810575826
08398760923
16747407784
31419120840
14755193893
09990963975
35518383134
72790245487
49577340890
04637515319
44610615827
11165431416
74674382300
41989317049
10836248732
32184414808
36990288876
17765372700
05489269561
10498042790
05881098609
15450884893
08020660623
04537532130
08780522912
82337845087
10798152796
04955979610
06023058965
36863540800
07304766425
11902073703
24753407896
91642396249
47496912832
60826215904
47754263890
08474868777
37992553896
04955347142
61199540072
38694411865
13211012796
47432299870
06372949121
10247221988
41583810889
29973389808
88011275100
31655345869
15318839401
07005028589
71302306146
09219882817
28787104873
41651301840
90875630006
50464558115
80848567749
48617006803
36124226855
12508327999
09775391997
40528290851
92097251234
42290195804
13122034719
09313614944
38372968810
13425961616
07859769654
43289539822
39928613842
29464632810
09223636922
11122658729
05515168607
14079919905
33693271801
06013037507
77045793049
48657617803
46525614821
71666290025
07462348993
08422342685
22058134800
94845662191
07458709960
13952107727
44452731805
10655257705
04614072801
04940146952
04358663540
09683598927
04396759959
24905914876
34892996807
06040308516
75823128053
06797559502
04914964198
05829318946
14561881786
43733167830
05524358480
06405159400
39377038880
43533741842
47625299821
37198729800
09176836762
11677770775
13868364862
08214936985
98029649215
82232350134
04347652607
35813099808
05037868459
29845736840
37336198899
49479652315
93964110272
05486837518
91135826072
70039723100
29184100478
16168617892
27518325802
11557093903
12134038713
42884595830
38600263808
05304906764
81173040153
48680966649
08601643906
23578243876
80036925985
09927586965
06304103646
26562822840
24661424816
29199517850
11955100985
71098292197
08300754610
12580717897
54824869234
65225651100
38770416800
12782108735
35061525809
09862720786
33135939847
22806436850
09906491990
17894259802
98804324015
68383061234
62688286153
85177318168
83508325091
18093202757
07801502442
13927049603
09322510994
32881289851
89927877153
04608515519
07155811980
77283503072
40249957825
79271626168
09755949402
75206684104
91446686353
13161017625
16002966889
47062301876
08643063851
07779741770
38328667878
08740600602
37157469120
22018571800
05199056956
09221692841
47548588836
80842720120
39047452801
34698903823
05382272140
16911841879
06511448762
13670877754
86045938968
06306161910
10598214607
84095830620
51770016104
04518395107
07347134102
55229999268
04428734255
10088087689
09245493784
39732868848
29431470870
16181182268
60550945091
06543718650
09806227948
42285570821
35713254860
04490941978
92616577291
98790870468
12477298933
07794293898
24184527515
15431486705
04534708904
08364927574
38468501875
06155633177
33192116846
07016975983
84813920900
43632612854
05018915609
30163988854
05595251760
05538072185
70848063260
09558531928
38119571800
16891952743
14698405459
07268582420
04510795742
18303436880
55238920172
08931424418
77805615187
50355072890
13407919433
35635519873
19927336861
32079607820
12754571850
06088344164
34870632802
20515381829
65707265953
35779362823
48208218812
07329880124
33293826865
56288190187
05875530731
40796331812
87925680687
50504536826
12018680684
05551899969
70577999265
06690699900
35800737886
69964211104
09577146619
39360984841
34231817880
43419939841
63715988215
38949672855
44414057825
13248187948
73711047068
10860679837
70090710207
34073885863
38594752822
04465533012
71386130168
82248567120
46478876187
07086313394
41961886804
35898422889
06590029652
05738459130
50529602806
50706656857
65069897934
36178771843
51363138898
70469476273
08360841950
37444745854
09354090923
89944283134
38262447883
33435498862
30879077824
17567105705
67269770778
89055640620
14785306777
05291700947
77827864953
12757484818
05732671625
04509929420
06365491603
10070624607
33755748860
07671205664
09306878923
43669173862
35027599870
35505218806
70204494176
53525396104
06732612980
46185041880
70553902148
39064942846
05883079636
05116431100
34565651866
12267832445
86824996068
34480111859
37830551804
28674757839
05666894994
29775511828
05554324169
12855075688
31032458828
59088540934
33397751845
12786711886
10976357917
17380436813
16710341801
17945207839
53583043200
11429816902
71612557163
14226336755
50040854809
09127255832
05879557162
70126202265
41777545870
06833872945
10030525926
05719117148
38656089811
32581239859
35961154858
11403962936
23454282870
43296074848
26776624852
04757940521
81768435120
44853486879
13184604764
87889935315
20702095710
05913427157
08024924951
36479797833
80594670187
37641013856
13564586881
82074461020
72038896968
20082971870
50708481191
32161764870
30060509830
47292474500
53541987553
08352784765
12083302680
46284359870
36909582888
27146582884
07730915995
45960068818
30270708863
49968587885
10272641740
33719178862
05719140557
09639386901
60185673341
11865070637
51610544846
79800556591
93686536900
04548799117
13972125941
05702323920
12620594707
07441423856
06128753345
60968787339
30535868863
06841168712
45238243120
95199381091
08684599926
44247460978
12067648802
25920554878
91736161334
05182273673
05588946901
49522027200
09354790666
75515725620
14098904810
46221994837
07586821909
14111776655
34416800819
85988872506
10048477427
70645739464
52726601880
07905931900
11384641637
35521873830
91116805715
04718132142
09185628999
07164848971
11672433401
41393754856
50213997991
48516661873
70600708004
08336642714
30983633800
26140698847
11221331469
08929756441
06588916930
29057163802
09356838607
65779495068
63877015972
70014185601
07044156150
84343427234
08430564799
06954684139
05235208161
39776060854
43012982825
17228916700
25347576871
78569893787
92001149387
06523664147
38688477825
70462559467
43254659104
31075704863
09988075677
10064914909
96808551987
15335843705
40320934829
35522539801
64180522004
70196556619
33624493876
43498552899
04975322471
05571354194
12910749703
06625847593
27090064808
82510520334
04355378063
59677830910
12456991990
84755423104
04387878975
08881175908
14810692760
06045515170
37148632811
47931842863
43054777855
04651400175
04305575582
05545486909
42976578800
08028510884
44165373877
67178529920
42584425858
74013947072
32700745817
31988432863
16584685896
05102641158
53107781878
05398095943
12873371471
06241688596
56527977549
12874687995
17758191835
81618964372
31911973894
05130750977
17796801807
06875595613
22319284850
16972347807
17865095805
09673005680
12158299908
06484969108
58880542087
62457986397
17826336856
55280536172
07994294731
22864548844
51039752896
27676543843
38204684800
29500618850
25587278859
09717020981
22964315850
25453008881
66548420063
34672741885
08051213742
12620528666
72844159168
67916457920
08907613613
30391346806
28742765889
21722185880
30223066877
10004359976
15223727762
97990353172
40513141898
06789948970
24627402287
37345993850
12279661640
07314306974
04416065124
83259929134
11051734703
11987426827
38945099883
70339424192
45600313802
21468713850
32240007400
35461250106
42051821801
80552340006
10112270964
09194268916
13647887803
32505226865
40101786808
40354696882
60085147346
10774243708
71707301204
10813894948
09000391911
38802218803
11936909944
32330330871
06906523724
17210352813
03681296596
03478615984
05295787192
10445716916
03741344729
03115066236
07541358967
06604164500
38050226387
06518183110
48372689865
36994770885
50250980843
27686869806
16822167803
10618939954
07421538780
70151368139
43152152876
50496101846
81836295120
75160609253
09716606974
93258747504
31794029893
06063246908
26702376812
10079005985
06787516509
10209971924
08057748907
11102487929
38482282034
40710511833
27258701869
09892546903
43681651876
95901094204
24019002843
14165359696
16834983805
47325557809
43412496812
10906726832
14220106782
89971043491
94233586753
11173155767
38093138234
18654305878
19098193870
90104862149
36044822400
07670533978
47031875404
25486730144
49866774899
10342642901
99777800134
72210990149
34558619898
41887553851
07760714912
05464260188
18478841725
21840468840
08421721739
38246388860
09999544746
33439300838
04920925328
16478475751
13192004606
39315160835
06625183814
07089797422
96953535253
46633672837
21844007855
27687991818
28053857809
46892889840
37078552873
37475760871
70608835684
37724474818
43463617811
30382800893
09426072608
17177609709
90127447091
35262340865
05975461936
59669195934
13481562870
36932845806
08416823642
76369960900
08579964105
19637203850
19030590890
11731493924
19737220200
37950839821
40467894841
11815980605
29802712841
40613136810
21776505859
28298556801
90926986287
05930264384
96981229072
78637295215
11671511433
55174035220
07616594719
07455902921
39763607833
07425417626
10448410443
10231827938
80233953604
44355295800
68754531934
22339740851
41588079805
34392865843
46216978896
07132695967
63899019091
18653775706
08173098450
72358742104
40095110879
27200170860
24882220890
43758852897
12433728690
44358569803
40340823801
07066053494
07790755790
05354418356
36320971860
71973540991
07906416902
34596652899
04835553985
11002487811
04681628107
06455669851
32370781823
66694159153
95615660953
08683744906
35545898883
09020064797
27496512800
07495103582
07068270662
94658404915
12093839776
39032416871
65799461991
37363761892
12686167610
84031590997
99200325068
55226523068
89799224691
82576750087
05910992929
07663230990
16620656714
79773290263
06140379644
13491907802
09317855962
76293025334
97099279068
08483045435
29398983320
87880393315
03906879798
99939010087
04949648390
90759290563
03822994936
03753279161
03875054903
03842195516
03911264909
03826419146
03639023927
03830971508
03759484654
03552886214
03668220042
03749291730
03723849431
03649203782
03363898096
03534647912
03521323960
03671228040
03614631974
03561180370
03293119131
03341172670
03115911246
03534974018
03388782466
03100460170
03089755610
03069327680
03118333065
03111233928
03095308906
03062583908
03014693260
03014348244
03060035547
03053222140
03049439750
03048317007
02981328000
02970364166
02978246006
02944463896
03024002901
03033699731
03027594257
02953602160
03004003902
02919470345
02984339312
02986368166
02951014589
02907335022
02951229003
02959309006
02957127164
02947591909
02934009971
02893934935
02892097738
02885863447
02858342156
02872138110
02865606155
02882516010
02844715931
02860625429
02850418609
02795812894
02857034989
02846166137
02804591573
02782857916
02771778980
02757369385
02771994925
02759740579
02744212750
02739557132
02734029944
02692857410
02671307080
02701951062
02675861162
02651161985
02585011704
02591240957
02669044166
02623415064
02615968025
02621190219
02593457171
02561428079
02568052104
02503540040
02539103405
02551205409
02539370519
02446216161
02466495341
02497248125
02530275785
02490532332
02501741544
02484103344
02434192289
02448888507
02448614989
02457382408
02464795151
02450456430
02441372009
02438145188
02433618908
02421680786
02422539033
02352306507
02334489930
02372035290
02403871559
02364435935
02298837708
02335989790
02313611493
02325963012
02271593654
02291613910
02280576040
02250100381
02281254569
02226982256
02279110911
02271802911
02252982284
02269780795
02181340021
02236836120
02219798160
02230338048
02212789238
02205229958
02188266722
02176551494
02185108026
02181847193
02173617060
02176946758
08564844907
38188609803
12000273700
17594816889
48721246858
77405811604
10669267783
10733371892
90273826034
07448486870
15959722771
08009611379
60508019087
06707371940
12232229777
41972231880
93875258053
14253645780
45717753349
19754583897
40284463841
07928496631
07621209917
06922654900
40597233802
04567717430
65381602049
89441141534
26886299808
70199447284
88804372168
94241970125
33421638870
06623256644
40290052840
04913890433
05702961102
28519786839
36725122817
11263370489
10658060430
59854723020
32612538860
45949456866
94868107291
47184541820
13037796685
10921034903
29540469880
48282299812
86098919500
26150716880
11622488660
13056320607
17219338830
07309320956
08357969658
93892675015
96236752249
04702622900
07745466970
09753962851
65602480030
15446254724
97344168200
11259155951
29984087883
98187848987
04836310008
12777864969
31384726802
82372209515
26009982847
05723210157
49843684893
42965179100
60246871920
66244633091
45812481830
43957869870
26311253801
44989515811
84861258987
13058925930
05273376335
87888980163
34193037851
91131405072
07774242902
63667061072
46323117827
36204106821
27449763850
31730283845
05298283594
07265584430
09587386884
96516259968
47848870839
43154348840
25661626894
14026595714
05767293708
22374565858
18271139878
34194538846
39749233816
05623614728
90687752949
59280689053
15635470742
35273978840
10667677933
37119713850
08407783412
25762701824
06741485252
14113424616
04482842001
93523904404
08328685906
59862459115
14550450800
35541410894
10362248800
41600720978
49646238823
31683429800
12021315657
44394781825
25897141819
44982819858
05679248824
32901260802
85690953504
41176548883
10996525963
10562321705
29571605875
19735284871
39827310895
07423479900
09795249975
38108706840
05126342118
04316829254
38151539801
08185567905
43874458822
09250991711
39538650808
45508507876
11043041630
04790203026
06597332423
71139150278
15082925822
15568809879
16862403842
60782870104
44863071434
10261479997
28054217870
10860696685
38825175817
11070590703
37179056863
11734003898
45552378890
05391457181
07203715620
05377444019
10625999932
43206294851
16823562722
36153138870
14859415809
96412224734
14783236801
46000622805
26830958806
10489199941
92630278549
37903843800
37104478876
06489145936
37766032830
60905834305
60471048356
48363169870
33924657807
37951534846
26848149888
40272750808
12437057951
07709636926
27013384844
70455688192
28805909149
13143938986
10236057758
44253127835
36313479874
14512308857
10785538828
26260041896
97336742904
86094890000
28788006808
95268804200
15083289784
04767710995
15300232700
38855637894
05457702707
09283623614
92059929253
12627829610
13588492690
16191519796
26642285875
10694141747
09372099880
31737610817
53578732591
41784224804
81069677191
22348804832
44026714004
36413188820
97885746534
85656941949
09195625909
40870020803
12360861638
07693646914
06564782179
59413107149
49116586816
07703537462
07811935910
05450033184
13717164716
90772520372
88621847191
11391108965
05261354170
12831039665
06421337945
86429346544
70158132114
09428384674
05082843680
99000075734
28252404863
37510132886
54761186836
44855420840
70327828250
86588982100
42901042821
69543232091
10128829931
08990792967
44184093604
05573853180
82826889087
04874312942
38091963807
35748425890
04745994931
32094289800
70473227282
05605506420
35736403897
19091742895
40597269823
93389574891
37072090835
07516615978
35757197803
04617021930
06022277396
27242937892
49463166807
33456706820
82256772187
11388612941
06821877637
27610274852
40520012810
08766727995
08922159928
08607450905
38488920814
11484428714
22301039897
36672017100
05412859046
80032565933
05234008967
43553169800
50347892809
42557886858
22832870813
38965625840
14440179851
14355800792
11130183483
09648912980
06049764107
70063755173
11354026985
99829290034
43255790875
10659546701
35865368877
07663937635
63735954987
06269212103
07251256401
48596718800
08660121848
09423367984
36235476892
79331360797
58266003149
37656760806
22392145890
11083782932
09605205971
30233517839
46179035857
50505294842
13677240662
70433012463
44160884857
09437646457
42666007120
07294541930
33976609803
71635211115
29241284803
19107708840
07042301609
06425870605
06993588927
47359895871
85362964100
36813030884
10420250611
06507929980
09234135962
10117038903
11778569994
47904275953
30576508802
45829034875
05771840912
35591713858
07058582432
09638897961
06005397176
39126864835
83578889091
10091100984
08951201945
15918509755
40615970869
31743345860
29914629814
31363532855
29700674800
17270074844
70184123151
25709949876
82887284134
05250892337
75220717391
05593717648
07313402996
05641717940
06870360626
30339238879
50110535120
37090414817
07352488189
07343731980
51114481874
59877600463
06740704880
17337541724
12294982908
08007936840
87453487153
14830638796
09087227965
79114644991
90256336920
40524630801
08778057760
09326916847
10796230943
85988421253
95229698187
12402751967
47233421846
40346188091
32162217848
32819270840
87354667404
09906595930
25844870808
81170009115
06049147175
10984136959
42925586805
32997334861
31479118885
07356996405
97293512104
11830624601
40370285816
10788384961
44967559808
45520497800
10166315885
34232123814
36845964858
76504450110
95308393168
43926906871
43101345804
09139155641
09696959699
12382555742
46644198805
34376252840
04834695999
17609614858
38957692827
39217363820
10420146989
90134044568
33974619879
23073491899
05284191960
29190954807
12693310784
32233382846
41635620449
82433160944
59067322253
04651113435
10510736939
71191406474
12903745706
42697395172
06695885397
36629364880
92243860244
06783437566
12412906793
15317297621
39662507809
31215487860
09730973962
35647297803
33178140808
45231264881
05933564540
06592022124
13292546605
16781188852
14182842626
56818343287
86430556115
85558907568
08561572957
51489236368
11780014902
35792390827
96231513220
09195652981
07147234952
26787360835
38838080836
90480155291
09231178903
41143508882
07294639906
50213660172
06989212160
11191188914
05788418941
34464515878
80941656004
24164491841
17430793894
28728752805
34490924801
07097225912
42193548838
18087047893
05097424085
06368567392
07655510717
10120884640
82339090091
05039199856
06924882439
94328099191
28357116434
30513873805
39441143880
06257157307
05654309129
97369004104
28493343838
44168756904
22734524899
69053260978
22589697864
10037806793
07624218860
09693237943
04493324112
09656533666
54991099072
39281501899
12206131692
06542594965
33876133858
72645717187
77107144049
06286865799
46210578802
05297989566
23993860861
08225883403
07254972469
14284760831
06193219978
05759089633
11082896900
82896763600
56790538534
17343125800
09510565814
79430635468
08092093652
32780849851
32284772153
28496254852
06803081990
56346182234
04520584060
13705176706
93890753272
08338297933
64036618172
15676835680
47125306004
51995018520
70289822114
50485494817
13795959756
26628093883
04259502042
72261510900
04532303184
12927394873
04215333318
04285934450
83426256568
04273244675
04163317775
04288949688
04182314190
04238169930
04208917571
04193223108
04234603660
04199248684
04134268079
04178086235
04162185204
04172456022
04128536474
04147085121
04075848973
04153173630
04139139102
04128564095
04137193088
04133378121
04119326322
04018619537
04123682006
04119965252
03980730239
04095527986
04101575118
04036469959
04058785080
04055733160
04030328903
04066123902
04017075045
03967793109
03988014109
04015946103
04009451939
03972986920
03974735240
03892904162
03979142299
03904906607
03875569580
03849261930
03877002935
03872042963
03868925040
03862152197
03828500501
03841063403
03863594908
03861939401
03815607167
03777884146
03846783005
03810792101
03795206642
03770245032
03759699936
03757103963
03686899990
03688018028
03737232105
03699345122
03742241966
03679388551
03700965923
03670378154
03625119269
03655448929
03627587944
03589093684
03606345089
03569299651
03601690071
03603993470
03556297043
03567987550
03537520107
03543857045
03535272971
03456760680
03533588432
03528318040
03454687918
03480463169
03513252048
03451806231
03459301260
03514255350
03501738420
03509127935
03443535917
03420994184
03472917911
03469172129
03459501006
03369046067
03427115984
03423673907
03373807913
03405353009
03321104350
03310652742
03375712014
03346537978
03354391103
03353644970
03351770006
03291142985
03323615352
03254546989
03316488146
03319994476
03295226040
03298026905
03307194160
03226558625
03301764126
03260099492
03292173213
03213585548
03252323001
03291579739
03282809093
03252630001
03169769979
03221984103
03219471501
03230962125
03218429285
03203958120
03184638812
03213582522
03191713611
03200173033
03197104080
03180547529
03182591258
03123256308
03163282431
03128637210
03141346119
15782663782
30047970898
47489058830
09658379982
09755138854
10031462448
17859339730
85926698120
83188622104
30338489827
14288505623
21831544890
80179193104
09773775631
46337805810
92294103572
78890403187
42284090249
05362282646
85953806787
09854624935
25282912805
44994797897
98678914149
10342786814
07647447980
29791501858
06168969136
91780969287
05389053796
11298628601
14338543680
09414951911
98561022272
09833557708
07586907978
07307138905
11643931970
33131901896
35021834819
16004675717
06672129901
86743945749
70456314482
50348306806
34953839803
04991929903
05634373751
04921735913
08588737965
06854665906
04922511504
10063813920
70745995144
04295577448
46094069854
51114698857
32160154830
06332831936
48151506806
10553491970
07094401620
07106391980
32324172801
51573431168
07832767537
36604937836
22825111821
04913768980
29503451825
11691775819
05264819190
06742190230
09750446992
94975400006
62227165200
09827430688
18336894888
07681347739
04651722105
43004737817
44611668215
30989995860
27861728889
07951209406
28560683836
25155576865
07167018988
08429148620
15885643717
39542816863
41870373812
71501592220
08160854714
65177010520
19930842829
36638336827
27369994287
39923564851
06796484533
35853929895
30940270838
60678650330
31724610848
84119284204
30139496866
09508664401
08184287402
11716705835
07514274979
35358202862
05790300910
47295570934
05217966106
07342547417
05649779937
04665153671
13762038988
15741479863
62443828115
40827233825
38298182898
05448234194
05385694681
52494757878
32207624846
80706436768
46121406801
30124249892
43404246845
35087725864
74168800920
08197777900
04991061997
30421912812
05412249990
38514569805
44417921822
10602576709
97692999520
11952585422
09637683798
25327774864
04383899994
60231714351
05040363435
12310988723
04615624212
79573398753
97945706568
12843677629
13214017799
04677836400
18384459860
45255075000
27175257856
56315759904
04505666921
42938141831
41291201823
09999784976
72636815449
46476776134
05141373550
10645417980
08739681904
28014588304
50492418802
35441604808
29420295877
70956910378
45828205811
11062980980
68500246715
37146304817
38644643827
06705148969
05933398195
37650766861
17683319287
78129419149
36546184800
04802550677
33677889880
41544744803
11279843810
11108672710
06539269951
04323292180
72145625100
27246547819
43474237802
05807199448
85852856134
32043516884
28409583844
15524971867
20018585825
75353512200
43254287800
75104350720
40925971855
56260369972
36420429889
07348448917
29960120899
08227816975
04601791952
31514104806
13852301777
34284645838
88319660068
46155522898
10131993674
30159260809
33807123881
06823151927
26862767895
07519511456
30835269892
07693470450
05726080980
07375108706
89870549004
27976565800
65247418115
80062854976
31606444808
08906404913
06236623376
87507960030
05008850601
16694958846
04747187944
30932324819
47866955808
74285149320
11385864982
31318366879
14704130860
22195873809
07157166623
54542634272
31784071897
44218086877
46787068875
84207442120
28621558882
07325141777
47657418850
05818839931
06410003919
34951245272
40141748168
10970159633
09931391839
16530761861
05722840807
61917844301
14851291841
11505565600
41710648805
05129241983
41637852053
07970324959
17153868763
09409470722
05782942908
07211239964
74403788904
31415856877
71525577484
11017763909
18534271879
11040710964
21750110890
10771659431
48785352888
13213536776
46886212800
73535257034
09353778409
07384326958
43284382801
88483061953
87663066120
98196090625
42660257850
90445937653
04888719055
66404010372
93596073120
22146939800
10058479910
38648140811
96326751934
72828897915
08337795913
10035623969
07815451616
12594019607
10688785689
69190232968
04897074916
34769973837
35084824802
42949040896
94510032234
09277467940
12230969986
72332107053
06526717993
44175087800
12763255760
81421273420
38632856898
84178990900
05222476448
22470687829
05577898188
14417964793
95174990000
43158309840
04430591016
15632902781
15492229702
80083030182
06562900131
54086080850
42085514880
51282410920
34710673888
44083791829
12385211858
10935387757
45975138841
10456206965
12665866870
47427260813
54669472100
05629097458
06096527612
10330943405
26137884880
09981257680
81607385015
42449581855
70501430490
84117052187
00520955170
00587844205
00535762500
00408962933
00447899040
00440909945
00426029984
00427294169
00425056074
00419069186
00305972189
00375203001
00387147012
00405798911
00382331001
00359427030
00234775122
00353413194
00349581266
00298682206
00221194002
00287409120
00266980058
00269587080
00169380700
00264914198
00249452006
00222203056
00218076550
00185911161
00140257012
00148290027
00159175259
00151226547
00102902062
00095341056
00107053098
00089221958
00081070330
32412500835
34849786863
34775120816
28928570824
04725779997
19478390805
12882825838
41288946805
90092937004
10835090981
21246057808
00396560989
02671495730
10722646410
05645475739
07167783862
07682145994
07560088597
05427824995
05792035067
11077595441
44277457843
50604732953
05679984520
04791082931
06881719906
08032036679
09280911716
39769044814
80593984153
06410228406
09182698902
31573639800
21357330839
19695526896
22799636802
08517344480
37592671816
32137391899
88071065668
48979567812
51025302591
70007316216
44111681204
05816258702
11329450892
13119684660
31914377893
36194989890
07005238478
36209458882
13163031609
08840239820
56525338387
04514447447
92518273549
37157273810
73820415220
43299395840
97868256087
81278780491
08662211402
95139826968
05801511318
90974344400
60643657304
42146481889
09122878882
14186836809
33293114873
28033908840
30065221842
14850836801
06474966904
05093267147
81400802415
33455669824
99844893887
08675119909
42982888890
31658571215
08559763651
97545783115
66896533404
25894600820
31827171898
08842204862
10816520984
36515804822
09908506684
05485952755
08261922979
29598301800
27405526888
15163219790
07333283771
08018915822
92216676934
11094068942
06164023920
05655571900
08545671601
93917732149
45481167883
22654521818
49803085115
25064662823
24829697865
33230155840
86185420163
13447668890
72992700991
84702443968
30440487889
77543467291
40776362801
91616662034
15942861757
05309955739
14823720709
40817404880
40015378500
12366109890
04791645170
39055521833
44012663828
85522457600
35919979860
37892049860
30745526896
30992612896
08342718697
07760645929
35339693805
05101454931
05847961375
25715752876
94680426187
10675517869
96819510500
11747371742
11067477713
51390272915
35087173802
05124160446
07819775920
04776540967
05583526696
91475732287
37562993840
30072582863
09316932769
27371397835
12431417786
04951537966
33013352841
89980867515
32287489878
31323821830
06571722194
04555271483
21377374858
66094704487
07199954859
27470277838
03973361282
26823559861
23177805830
02976050970
04229521928
04187726900
04182706196
32969570300
69253978104
04028894956
04040512197
03972988621
03806921636
03823744526
03956042140
03016394936
03934628621
03566033774
03941642022
03913533656
03773780974
03551246106
03447273003
03422292900
01822686911
01445476436
02725294940
02775814000
00569382092
01633940675
08254019924
00421269910
00407361723
00323698166
04698011159
09670593727
00016557280
41622266870
08880236938
33626843866
06752461562
33274653802
07710938965
50333649877
79371892153
42082469875
82236631049
11189137950
14861285720
61421822369
08210910779
05699899901
19432894843
70336064276
06549093180
09847445923
59571047520
34951231808
42216935840
91069840530
98209680030
31458873862
63390027068
45247222890
27464112881
06642925939
41489375805
36261038899
70563102144
25303268861
30405438818
32191835813
27812007863
35345123837
06250603263
35535979848
10633459798
08115998923
21781369828
68940092953
22638749842
05373809497
14418572732
80448631172
50314095845
33058029870
75816504215
05147532935
50124579515
08827202951
32206033860
08157241952
46010756880
09047722922
06703900620
43795239850
73795402204
06527834497
38882453898
63422549234
15042084711
50438961838
12249350809
09435721850
80916996549
35947121840
55298249272
70191567205
46118295883
10429826788
43114359833
40271168870
94332150104
07662164977
09302970914
08245796310
04495913956
96705663049
34388798835
32885892811
43458733809
83819614249
82593442204
10943732905
21684386845
42045278840
38830069809
70097759155
04441033419
24594071813
44418897801
16589932840
04790010066
04690200912
11783077603
06336198170
71172920591
11529565901
08745657742
05160738932
08091678673
42367728844
43650117827
09152971910
04589448904
60579659305
27677632807
41488468869
39913556805
10889424900
38286779835
10245984895
27084758860
40666157839
14472763702
23012710809
61477710434
24658409836
40174589808
28263843847
08364962990
45402140987
30469541822
36984312892
22130863892
85225630553
09544490965
41164103814
31508937800
30272550884
34257787813
35149119830
34084263842
16145231858
04522267916
05484827990
34083750898
91899249249
46140620163
28291416877
41244929875
90606515020
61359963987
73493201915
24971505830
89846478372
05913176480
58601015549
42944439871
04848509629
08359852960
08359688982
13220040802
89429834134
28344246830
05456249758
78360773904
09515567700
10134553802
97198820182
05273934796
12256243800
59024003687
70422885991
97255149634
26145699841
29615030864
47001330078
64086887053
38659814886
41957249889
09155980945
39104124839
16270244846
32326902890
31753845874
05258969452
85960322749
07857045900
40857956191
21344232850
29622994822
36271439810
52561895904
41962891852
10659764962
15536201867
17042579801
15793289895
06067728206
13721942663
60350273340
30180412833
87467968000
30160753856
62385895404
85022365049
31374936847
28765615816
22979649864
27784646895
16724818800
46630523806
09776203876
22297166893
70275572234
85777414516
33282874855
30838723802
17219242808
07068477763
81158378491
06816706900
42938135866
57890544634
29422718848
05290693939
65256921991
06849419374
04572967989
88358690568
05707733183
05823398980
69390282349
48561606053
09631521818
80846238004
05543058950
08790718771
34103199806
34118113821
34129610864
37520120805
21404452877
09627854905
57654069553
28815384871
08388944452
89735617153
63077698900
39531886822
39837123800
31981705830
72653469049
08116718606
06168627170
11785184695
06378483493
07898087909
15137864153
41748449842
41288521120
30159150884
46244728882
13003998641
09821685943
09805110893
27951019801
70009501100
24619585807
67279457215
10800485963
69975825087
09992801719
05514129926
07059767932
40233582827
46313629876
14323355882
48194565120
42036276806
08474509963
41060016915
08369845959
07291022975
22423208820
47661157837
11995079707
44524594809
04744612466
89980190191
71201041104
34570204856
92356338500
41941397808
06291545977
07325366930
13537748728
68548133287
99641020110
33009235810
05088621914
07299195364
71369162162
51534622420
83834044768
09310393807
11044134852
08801695756
45978721831
82317950144
62681023394
05601227136
37389741805
37015340801
14377703803
62206486920
47232919387
88668746200
23632777837
07981254973
44357902894
22629287890
26229448882
60302388338
27283444858
09222875702
35124197803
78979480997
35549805871
39757639818
34710566534
37410842806
41834795842
55485359272
08864142967
22413297898
32778322876
08892843931
09993186830
07336424970
13120237833
41435391870
14623506746
07937321660
09731686762
87279703100
10427583950
28381446856
08317128997
09518465746
11387159801
91909457191
07333065944
33573594808
65543262604
28987304833
29625588876
05176366975
10865877904
05610410673
18423937828
04598514973
10990450961
07323510902
06155306567
14275177703
46168728805
06591365621
05024067126
83098011904
22541646860
05067181907
96860324015
06120076182
82932433172
68742401291
19998017840
12647058407
13173397703
98957090568
18744477805
53947924020
75874288015
58319492904
35783739820
06090590509
09336336967
09928086931
82103372034
34230716800
12044549816
28701133829
10849591945
10581229835
05824423628
53328027904
04671894122
46782125668
12074922809
12327396697
29870601812
27418526857
13887374851
96251034220
05087624642
37619729895
31793217840
38167009858
63977052500
32800135859
27009317852
89959469972
37936294813
14823786807
11504645855
09185957895
09494377605
30801208840
12131550707
08281594675
88322106149
04399085908
17248324841
83743910497
11074210476
41854716883
13360589602
21773895850
36293042816
04442704180
35748865866
27268842880
62094305384
26667352819
60102681333
13949937730
50199792879
30672679825
70551356138
06754183993
04706655137
36150091856
08471623463
10759720940
05691006908
82776571704
07891910910
06483045158
35362232819
36815751856
11234039451
05846923151
85074926149
13330317426
36253814869
08780203736
10185414702
12930050888
08822977750
99392879687
11315956454
36131686858
11355677947
08152253936
41757722866
35259061888
55925987268
10418510733
13199549608
15905370761
77266196434
14414842727
11077424710
97531855453
05817067650
11774944693
39228162821
07905744620
05208069482
08361333827
06423277931
60228195390
46643730821
04799252160
10095593624
10390348961
29904042870
08876911880
11862471770
81155565215
92968090534
96558466953
10210147962
29552312825
39799999120
29680416810
33969089883
06008009541
61153796287
07353099909
09560308904
05059962946
67258468234
07389020636
40319475859
32073509843
42496540876
39919548855
29951300880
19441556866
16945541800
06468442451
97600067153
28206085823
08602228961
07098414930
15640412631
32737711860
65034368153
46226009861
18172138814
73882178787
16100252880
26521068806
09158974741
20279747845
96941669853
26569676865
08238653630
09312186752
11478529792
81730195920
08460009971
14378989719
32409301886
79796990415
07302697795
19137908782
45496327806
10792539710
24786441856
08439245947
06196872400
32039883215
15242278897
32827569841
06956959755
08789910931
22788384823
83924850925
32426224991
22493163842
28888607838
09960137929
28732400837
10329686992
37121245892
16562250854
37136689813
94656606049
40600306860
91699894000
46036750110
25289903836
07580966409
42834150818
42364349893
04699902529
59291192104
40798624825
06968478684
51744147272
07369291936
28517881168
07626306988
10395498961
06665074811
53337700187
37417254802
22235991840
28201242831
09875895636
76208141168
31428922814
32640930818
41027210880
96034378087
10960675795
08289274726
09900019466
45423869889
04314761873
73391913649
40542804808
19543020884
11379581974
27790671871
35789771874
84841451900
70300097972
38731515886
22489129864
08385875182
24869042800
05538951928
23011518831
04515759892
10549354751
42785365852
45437530110
23080979818
10108208931
62460080115
72782137972
12173280767
38032838848
96241543091
30752634860
08454570713
23687501850
12396215663
04799074636
21663746893
92834400130
06499536652
45242524871
15837562800
07081458688
07202678977
73672491349
21993147829
10729065979
05101636100
48125594809
09720706996
97434116900
27064843811
13178756728
97330302015
35986073851
45732340807
24957538840
12824065664
73352438315
37729100843
07257966770
10759016852
42740651899
16387790743
69116806115
12910653773
33825615812
07053774821
14046339799
16391479852
91788706153
29082136805
60649453034
05385248983
43436878804
70245859195
70235485489
45835835833
23009548850
09145021902
17192851876
04694526413
05009530902
05084934985
61720402949
45890308882
06574056632
96019484220
46203405884
33167067802
18880047701
99126168391
04748903767
06550038197
60324908318
14361286760
34467826807
04362120130
08189629689
12707977780
15125861880
43832040315
10469750723
96397950387
07641617921
99140411168
31586843818
34512136304
06137972640
27235520809
41314770845
13934495656
06314208947
07761209480
07327744622
94255253072
35797221829
09538579992
08190198793
61729861393
38630031875
54342074915
35257928833
08362458739
48176751871
39876240862
08590255867
37485015877
48234265504
96470330010
07302988846
16854524776
11508525935
46716321870
10646693956
12887047639
05282341964
05988056563
26964782877
08957350918
09230770906
31052442803
36714569572
94686556015
26403612875
11255117966
06042154605
27891038287
95732969349
32135926841
04501947101
10092770657
65008642391
38664269840
14680058803
09564897882
11321262825
10715650955
40060835800
14466861757
04522048440
50655256687
33663665836
11138056928
27884595800
29924639812
43822803898
08122589758
38759715820
38374446862
07217104505
34810767892
06036193637
10112599745
06428022540
40063854805
32662491000
11177902907
07901219998
42962859801
44224625806
62183485396
42406822826
07753944916
86493337704
13968919785
69935890368
12751538797
32186920832
67046657220
05132035914
09208473589
99686430172
11843492741
79657230349
62510797204
70710252153
09175353830
54005353487
42707554820
58596704434
97310824253
66393183500
37208143862
56106277885
26702184824
98852272968
07464123980
11482581671
41952458854
80145760200
27118822841
07589471607
10994334958
88921905120
92293336972
09599581776
06217582643
05211593189
74733974191
10620740418
35320510870
09387240703
47332345897
26962887809
12168518670
05572186910
04381406133
11098140621
16591627855
07477304822
59392584172
37122738272
27032651828
04456361905
70763827177
04772033025
24662607434
22388059828
12338951760
37203436500
71306480906
13252344602
99125900072
43815175801
36174679896
06528181535
74722182434
09256944790
78470102087
86575554334
75611465668
06430560686
05687821783
06940926496
33431901875
09129940966
92862667900
07856012870
12668847931
69604169068
35279011835
05869261945
05644955494
37987832847
99856913500
08606602906
07843371605
40196388880
08197178941
07806997938
04623917959
11673399673
39671242820
07787500867
09804814650
09400437935
21684328802
13997617732
85373060020
40700351841
82269149491
95083278120
07608892102
12190455430
77866320500
14420484764
16525836700
08614464967
55933661015
11377183742
44540613863
76371549987
21653236817
51329050568
09219046490
60359994768
12122285885
09691309882
05907366630
31054007888
07033180985
46789260110
07676899419
23910546889
08894414647
11261077865
86053523291
16106508836
08341747669
09636151903
22407365852
31048729885
35710923842
11669169790
10752012410
28604357866
16398718100
11545610894
04749920983
70441898220
15301852701
17316157879
04969208557
10834056755
09404719900
10620654686
15943850848
60907592287
79310311720
06278451930
05785612984
06783561305
91091420106
45247258819
44163489835
37640230829
07584379435
83646922672
35272138805
16582269844
46104721800
05128074692
25122939802
22673572830
29570992840
50173789870
45367581862
04474835956
11699512795
44005832873
08011483919
37350443870
43058314817
40080903800
12397966760
09927389469
25868027809
07645281731
21599779854
39328672899
15535791865
76523950972
84269391987
28156900472
64732282172
26322061895
84662794153
17273278882
09312844814
05172704981
08559770941
95822267572
44081878870
97071099120
15670683757
40947711821
04761519967
86957546691
40331836807
65542215220
07438892409
09984967905
14524912754
10232349983
70480652147
23028922835
07440566912
10302974954
06293982169
13594574709
27709197841
12672730709
05800831955
26435502854
70245108203
10046390901
11196833788
70353905968
93868685987
10958494681
86625918687
74113879320
06674726575
94468699272
34435358875
04823811593
06577460450
36453720833
62437348972
14761171871
14682677799
71643001949
07206347177
17182924811
18288629830
09491405624
07065788563
11524225703
89406796015
04592664388
62967240982
22505392862
12589392745
19072696816
34896884817
11086303750
05471124910
85734462772
16413116811
51637057091
10404456405
12373983800
07334086996
61700762320
45386246836
88317382400
42345576847
71874909253
87446197153
07336685692
30703447807
10248368940
08158618855
45518709862
23291284879
08696419723
61011399300
82075433020
04664125682
75224208149
09425905975
40447863053
05690368369
84302852968
06671189935
95617426915
12044993732
70601608178
45520117829
13377352805
04753544605
44426629837
05380078427
07438777480
12621187609
48308858821
16434940742
97144541668
05802615737
33267285810
06550717922
57037566691
78551129600
80244831572
05008861646
09671797857
04317745607
38211664879
12920732765
09599556747
08076744784
08886084706
99461137087
11002080894
24563170410
04589981920
29668782828
13731478811
36299953810
21628240865
59005416572
05327738531
41761444832
07898693736
04318158446
77588185449
28004471846
16293735838
08599660977
96066830015
06809084983
42866950852
06105690908
05855901769
94801479987
40542616807
71105999149
04586189347
09560987895
45689001821
77813936191
78247136520
45194530110
38880561871
04567187024
36738008848
29717497893
50925296287
72013478291
24861243220
12855917808
11228833400
33231573890
06857528101
07284911921
08158417957
31346070857
09993237680
38291684898
68272804549
90997492015
33550333838
41064088805
05186775673
95085670230
37844154829
37606268827
08616179917
12578308802
98677780068
36533444840
08783269959
81820909204
93842520930
48630419857
70888571461
24610594897
28110435866
11343238757
38942827896
10238820602
10946159947
90551311649
24572579806
04557538908
06577985928
04526992909
07647035878
43428787803
43636357115
69468745015
08649082882
76700429234
26784472861
68100523991
38534335885
09304009928
39114339803
80113168349
10986142832
06069441680
31804517852
06113202909
26857373833
09220982986
08116979752
22348613816
63868024034
38702910870
08169686750
91324238100
22977901809
45573432877
04596942196
59987111491
82308713100
07136257913
17863796865
37920305861
79911072487
70169519015
77608542187
62117124305
43380089893
06677273458
64944514549
33344560808
73084220115
07592684950
22843051134
05791806973
06940325905
33903111813
39247367824
05964372694
78967902620
04622018993
93558570634
69606099172
91339812134
05483909674
05716584748
86866737249
70035285680
05277931910
27899211808
32307249842
29925346843
05481509903
28290083831
57244600178
57152713120
26088685840
04847686977
87266563453
42159013838
08415631600
09286743980
11874004676
20326203249
16549976847
06284211767
06427887661
05963153921
79292453572
37800130886
56189567053
73636479768
16246168876
16794502801
75855453987
65936760120
33154663860
16426089800
08581761810
05625827389
21915299845
36412595848
25763811895
16966992828
10941621758
32378216831
81096720191
10092434703
11220491888
05098447151
43014928879
05867033732
11759987700
92370101253
26830223873
07474225670
72946644049
37091352220
19043269867
29266807320
08777727975
25821177812
09185609935
46322152874
21930095899
08963445682
05964583989
81590199120
13272600850
43699582884
44119710890
29333995803
26590393800
05800192685
17909508808
94273669900
41494600862
33310623831
78647134591
10113306601
79050433715
13053855860
86896245468
09748436799
36686031895
20018704859
93498799134
04550698756
96628464172
36432590850
08418370742
35647787568
70237263904
58559434968
25073233883
08896297737
43590878886
06947243432
98884921104
78415055900
64276562287
08960270741
05256327780
44892348805
31186708867
09053984755
05568184747
40479378860
12788484879
46841069854
56725531172
59940530900
17421967800
05721899662
33427701808
22777643881
06437088982
74215477972
86836668400
89244435004
44838832915
06923009537
83391258004
81116004100
09997291603
07865894856
38725839802
25871032826
09324363905
36894818134
17893480807
68402201768
68056680004
88248410234
43550799888
09652405760
33427656829
11101880643
09768711817
06364151981
36418383800
06102331818
79076149100
19163278855
73680532415
75405105953
94375240920
96381523034
60589795104
64245900059
29886598859
05593346720
17278385806
14224604876
91986796191
70127300139
78896622972
86157868287
06651027980
65522028149
83533028887
30376151846
27557521811
04500374957
58273891020
29890008874
98574787191
64666956115
34819355015
05210460924
76197263904
17267647880
07107995782
09834049846
05359217723
05103328380
18752915808
94875634072
37499466809
43288596172
30438545869
66712220106
91957273704
64135276504
22051101876
29848721851
17084316833
33660439894
41832926893
10403539838
26123988808
04350145877
35668229220
66694051468
64058794534
49587234553
44540272349
83084932034
43044352215
65456386372
25742923830
12521304816
68862679149
54697352068
89135628049
09023053796
98959522015
79017665904
17206974856
35007991830
08963439607
84168633187
60685212904
08786554760
09959715876
07019492444
21715302869
31540227839
93699441920
15473395864
98904361915
21325167827
66498597968
62620908949
81190255120
09045836785
10353109886
33404769856
10351959769
04288161932
28370807801
12636901817
13471188886
62516795815
22271268842
26851202387
04283924741
21468190814
04236414090
04238844688
04280438102
04253852645
04226939603
04195836964
04235580485
04233186160
04229623925
04187144790
04171075955
04225840611
04221471921
04150050007
04168465306
04184313965
04174743185
04122366992
04136023979
04169688996
04075101924
04100706022
04109526990
04033247009
04102354077
04106465558
04077960371
04051235661
04067206909
04038721973
04029827977
04046878061
04067330669
04051460940
03981950305
04004242665
03986057935
04032581622
03971636144
04016631599
04016591945
04000156683
03974238450
03922212093
03918060098
03963013044
03904714457
03924552690
03889124135
03899328337
03914502045
03900263019
03860831186
03872272535
03852465443
03885567490
03561588107
03798586900
03777204374
03778923510
03771275407
03771794420
03717446959
03679758073
03547490138
03501098936
03552706410
03275239996
03082149600
03035626685
03343862096
03310003426
02950897924
03018404904
02360143077
02594767140
02804545113
02732079626
01801907170
02707848026
02490352946
02098638388
02591786755
01418093025
01757416200
01779627980
01578196205
01933872551
01601647298
01589195647
01333919140
01714770060
01674614438
01560723432
01379947294
01566012228
01558017240
01506671756
01428886729
00890147906
01427779350
01172495050
00770491448
00592493318
01043721258
00390041203
00419510184
00395754038
00174668066
00383047919
00153139641
00126391092
00260078786
00064931145
00131432397
00167701614
00142043125
00101778171
00055383009
90075358972
59729694672
55236758149
77328698772
75798913449
61445096153
13867646805
14975331713
33599712808
05721945958
90891694900
28878522805
05706258589
07981020808
27351918856
04300856303
04702894900
79843450582
38112386803
36532545821
17765067826
08186503463
74225405249
90169280578
22370707844
30407368841
69103542904
59405759949
80420958215
05384636190
07192252999
08956691967
30541146866
12595757725
74598759968
32656225841
15188923882
04678514171
76412440330
54121345304
77046498334
38698215823
33733498852
10973421746
27340933832
17158072860
24815863873
11851452656
33824748835
64227766915
18191247895
08816180803
70127704140
91177510120
06072985963
24978935865
33021412890
34717549899
13550732783
09873997725
78530164253
91042402787
10134587707
41790026806
06325706609
63903865249
09634458718
07000329750
06856028938
41836570244
12207871835
21654553832
61482030225
17024840846
92711057100
31388626837
74734083304
13502427801
07303020675
05736104601
87512947291
41941361870
33390771859
05157903383
85372080604
25932908890
07987925829
18628684840
17615215862
28842481882
81796404187
18347392846
06431519825
10092152643
99120011768
65142284534
04549932937
30089277856
41633184889
10734444656
70846723972
06190908551
31702959856
31517651816
15333348898
14787533827
28420297801
08112542406
36193147802
42188627881
28621732823
39231358820
06417112985
15521487859
22985831881
06930019925
06952435948
40450021890
80465358004
22903524890
09120062931
22374168859
31175178802
26128111840
84490802900
07883240714
08655281603
12922736822
28691219890
33234501831
93707509249
77025610925
04562104155
80683568191
49688600130
83417257972
37900063862
88675971249
81183399049
19674720847
34080061803
98584359591
56528418420
21918240809
72450290168
60236078534
65771389404
47193772899
36890524837
30272885800
37094753845
26841811879
35531874847
07579936720
78990262968
66385563391
06290837389
12006516779
27215613836
32358297844
56252579068
33625414880
99911531600
15443704826
08770233799
52807010172
05662498474
94784540130
12457391741
19657682886
08214287723
80049214691
86663976915
08521842716
34112810814
06927236686
37631415889
05497137601
76501400910
74337491520
98226460034
05670591542
81141980100
33745282876
04424067467
56222459153
73516740604
25664714875
94365547100
08020532897
83074678534
59510382191
28457465805
04633220373
19345719890
15814198800
07833692638
31273736869
16316003897
06759326458
88807606968
65354435668
10857807757
47673559315
26231183882
99473402953
22353078842
98368001900
56804920910
06956012707
88605582472
05586412969
11109679777
78510759634
24967157149
05044859974
05699508724
08914841758
32950389880
13597927831
07582073797
66957567087
37438366880
07425596709
30796131805
06521608916
33227443880
30345833899
08910848863
32575204844
30110612892
58794727287
08226123640
44464703100
27357814882
89817273504
11074784642
36287840854
97125806520
07152034796
12524155676
76906507168
35707896830
45859680163
37975915866
37953511894
30971680876
07892591923
14993900848
31434887863
18927773802
80685838072
05072040933
43130887172
28418579803
43660142387
51837773300
47326930163
31529432880
83685847104
29970318349
12661977880
31852171871
71567305687
11550102800
06833913641
28039366828
84366800144
10276102932
84736879904
61595551115
10507665635
06530345639
07095242852
14449939840
23394359863
11363183729
32838981897
68523181334
15537459817
14961048895
38769319839
44204501850
43457606072
05314361957
07462714680
77196635434
11789703883
98404202168
64482146668
36565287805
37634711896
35175996894
09791721955
34745958811
93675046915
36657105886
09154269946
37126191898
99792010025
05562703980
07559120989
07069095180
70533148987
07810808605
07456418900
44169809220
15559992801
11246476860
05086487420
05194086750
17790214705
05635360475
90356047172
52807185568
10033223602
75465655453
44679401893
43064499807
05860751354
98684396120
36416250845
09023034902
06074573921
05797286688
44066141846
10933335709
18079227829
35972296896
04682034359
32018161830
72863420291
08439871627
54117275615
99889994100
62325329291
39856360870
99771250159
06186498670
06561663802
10379244799
45287465068
93754922149
28194515866
89497309287
35038169848
47947503826
87670895934
92054455920
44192387808
28642492864
22746165821
12606064739
07997718486
11690898445
14505755797
13665821878
17028459748
06344279893
06454265633
05556505705
47608277300
06827293963
85704741215
07659955730
06101943992
15829602830
12984397606
09024910919
45061637100
08958144980
49487906134
13117716700
64884538315
25398739875
61026225370
05221700131
10158025679
32386372820
05543032722
12115109724
09171610766
38448293851
05001354609
30056207867
80597726000
77337387920
05657230736
08171532683
09816985730
07302043914
38752669866
83627570006
05349718908
08180593975
30415465826
63418304168
85565229987
21827326832
39183369805
16130825765
07358683790
73511706149
26594661817
11746197919
14717576845
72269642104
92632700159
28402975828
30383054800
98386298049
22481492803
12772890856
63146410206
44082712844
22679453808
08294756997
34463230829
05894323975
61934453900
89841808404
05338591901
78306280920
46652877830
41432630920
39547470817
70184007160
07169519836
41699293813
07338845980
75347393734
12108180940
04379501906
44061770861
98435370330
41184514844
40688595820
31936246830
24942939879
41644928809
11073662756
33417827884
94380163091
28977609828
06197725304
44914138867
33289276899
70018169651
47129470801
79727492304
05302228920
30735231893
12413193758
11976125642
38541094820
83175660568
10533731801
27480160259
91788811615
10487396944
96472898987
36132271856
12673850732
35064912889
05884404930
70179071165
08285041999
36754193808
08247602806
10960528903
31227820810
31753801826
33342920025
32681412854
30750986808
14907281714
16771499731
07411826618
04711422986
26580507802
73860514415
05162778982
26730471824
07314954976
98345109187
18113020845
09401022933
28596938826
37516770892
36776949816
33137076889
11472950771
14630251812
06948869475
04570753680
45284459806
35253938818
49131650899
04972529105
80224784404
47233431809
28934086807
10023669683
07226723905
77162960359
27367953850
41364106892
37718685802
70938040049
21891698877
06858382933
11971808423
10924026910
77393970244
31756122881
08811228905
16687204858
05133064985
09464691999
04729503988
18000467828
04844724100
96798548172
37045872810
35676752220
09034598683
05913254970
34070880860
68005032900
09112299650
09122496920
79683940153
31725004895
07285711535
06389890869
13791880756
06988313656
49892517091
04649560640
16148133709
70595755291
84730374991
37390752874
80334016134
33534873874
96311177234
16717586842
11279292830
05317466903
26862776886
05759575732
92036066615
66404509687
10819005983
35644400034
45128411800
10274128748
06357062960
71810617120
06127587450
14789268802
25427427821
38011388878
37583585821
46659323520
42957973839
61103616404
95643419572
13949657886
05121437900
43784356249
10444539905
52506371591
06369493627
42669824889
13999394757
11648047408
40957355890
35240387869
16218384802
11388118904
11041529759
08554256441
21648511880
36164678889
10417801920
04991145902
63202808168
12599819750
30883554810
08371583974
80829201904
89721810134
46211825870
82471509991
05709661910
88141314904
39909998858
29247118867
04887892659
44979983120
12353962661
05805471167
10873956664
14387652748
17411194727
37317933856
04386642056
11882250907
29008307880
07091018648
08214796954
69369216987
09709655671
41820146855
46791326808
43609252987
95779990000
43846411841
60225793687
39834969899
46414751804
06150335984
15489484896
69757399949
50755631803
53717473204
10493221425
08089857523
27971699808
79071210278
82784639304
42622655878
05610547970
37400546899
50439447810
98480170972
84477881134
61802524320
08544389716
80933114915
81324863072
31165771888
08528329909
54696208249
63464896072
17865013841
84801646387
11909643416
74072641987
90111141087
11516802900
07608332905
49113598899
40909342814
44069264884
89228570210
10455263710
06180448922
82427844691
64291456204
12337124703
05654486926
29827043153
77283945253
07993563950
06089010596
61340006987
45440380817
07438391531
13856288716
52229262220
30837251249
48501496855
71316523268
30518343863
60818426306
06127077176
88238539234
90672224020
85992724540
50961080159
20449088839
35642009168
08464531931
36234838855
66581753653
06284723903
04450004140
44381833830
32945075857
08804512970
49018752991
09227957979
70444278125
32690570831
28754625807
06103151961
11963105729
46031295806
12860730737
69573565153
31359641831
32111007846
35491288861
08168887956
37952604856
31578313805
08244475650
39487707867
70227347200
39786928806
04628067660
42407270819
96232439104
89562658104
05720032932
09979499613
70985979020
92363881672
22631072820
40505349833
35583319828
46299674865
11365963489
46449757884
11112876600
53618521120
44180009846
09925046785
16958297865
17332323702
05887694602
08442399925
36228980890
28267555870
38236425886
28723816864
98793942915
05209965937
90856562068
42958576884
78145538220
28597948833
04751781146
87524120915
06473390308
34265985823
07134906400
37804332149
10183065956
31505817889
21762205874
44244302867
12516888880
11272143813
04877437681
76850900153
29690026801
16492418875
10482590998
08152313777
11982654937
75204690182
37862444809
07873938867
07074315494
06805591325
07568677540
53543467972
94783632472
33642386857
97672270168
77555392100
04325582509
32998612806
10318533758
25734811823
41416913807
26758837866
10199129959
75716674968
20073943835
09019678906
22642398838
06385258963
08155473902
04715869195
10500215766
07691527675
06530046640
09973853679
32433027810
31519365802
06122073903
77350448953
13937117822
09597699788
27216584848
10407382739
75652420987
27308630870
70143865145
29415234806
19549512568
32316935869
44145911806
04337267689
04585188169
40886910838
08440567820
25148846836
37454879829
55260918649
83529357049
67263135949
44813663893
82596204134
37816516819
73744557049
11554727995
13641314712
09249252722
38170010888
35972520877
05989830157
10209400420
83958703100
38366448860
35032143804
78683602672
94036349953
47058408874
51230747591
08823916402
14819530879
04452489982
44100078404
06617234960
14000955730
03913439986
03884967703
03885553198
03884578642
03857427973
03848496364
03864127157
03845142944
03821605090
03811572962
03813157709
03784552730
03786740488
03774434921
03781047997
03726001905
03768756904
03770728009
03747885969
03762034125
03686457970
03745487303
03737655766
03752220066
03748755538
03687363180
03706911132
03716399990
03697013998
03673392506
03707965198
03682600116
03673991647
03658766905
03660623105
03629245110
03646133430
03615594967
03642644970
03661971000
03601822245
03672066508
03626434230
03555307088
03606749171
03573152600
03592397907
03588006680
03568493926
03547454174
03514370109
03466954908
03540320032
03538967806
03505886190
03473625914
03499903105
03450308939
03493194722
03464347931
03450314904
03464556263
03451993759
03446580158
03447046961
03332053167
03438291509
03446428100
03349710042
03373435862
03413516442
03369607514
03369228335
03340232890
03329728019
03339358028
03318717002
03315587000
03284006028
03313475043
03309777928
03301780164
03299717197
03249234494
03279717116
03281083242
03206738202
03271732469
03256969429
03251987216
03266859286
03274484903
03272467904
03251091417
03184534014
03242734602
03243487110
03182724150
03214305905
03212180943
03186566479
03202013920
03137634024
03199885543
03193974161
03108247964
03185706102
03182124633
03156201294
03053401746
03135582990
03038539139
03130486305
03108447629
03063001333
03072806918
03022827423
03062046902
03026875058
03039051075
03016158612
03005544516
02943819700
02985003105
03014484008
03006935403
02950664156
02939858128
02877825140
02928627251
02949937624
02936262941
02950248101
02928438289
02941645616
02909787770
02885564962
02885312300
02889662101
02887730630
02855845530
02864850281
02900091977
02855044103
02810486816
02784543480
02712773780
02819424040
02807916406
02798553113
02768425966
02728930481
02666070719
02782683152
02702990339
02687584096
02689276186
02672895104
02706653825
02640757571
02657170943
02653643960
02631730976
02655664019
02604592916
02635744076
02597204960
02599699150
02625781076
02619204305
02626331325
02616310040
02620194423
02601469005
02489514679
02596360101
02549407067
02534970518
02541103980
02478089467
02514670900
02480497399
02448508100
02468698444
02458559980
02470126533
02460603797
02452180840
02369103370
02433978106
02446272150
02410115403
02416196960
02379693005
02383677116
02413144021
02379987343
02306003955
02401639071
02370993812
02366637047
02311335022
02349207935
02354804440
02291235974
02343440751
02309581844
02326568435
02314869524
02287169008
02304809006
02289467510
02254630164
02213304963
02249264970
02247105912
02256494977
02251862927
02239409096
02244371190
02139829948
02188379926
02195960930
02214442707
02193258716
02209785227
02147508411
02190119154
02179680660
02146236450
02112199080
02061311431
02126131114
02125303566
02007866102
02120686955
02093229501
02040488006
02088031499
02073478590
02005518506
02047248132
02066926175
01895841143
02057489531
02015777121
01920349014
01991813066
01985080265
01937522555
01968172696
01971060054
01909809071
01936564777
01967383502
01919200100
01879072009
01932354638
01881029069
01890614050
01901649210
01895704073
01888335793
01871421730
01866246038
01846996902
01877634530
01862284733
01811858570
01855322099
01802751009
01850871167
01839437910
01776066065
01820997090
01760755001
01819225682
01811420150
01715250516
01725940655
01711876364
01779017057
01748770055
01731552190
01744161054
01639201173
01714137171
01705207065
01703737032
01702680045
01690883162
01658383109
01612637043
01661571980
01661102131
01631775030
01572987790
01568247010
01530715245
01583813608
01495517110
01508551685
01464074151
01522454993
01516200918
01449418058
01497166640
01470928094
01456999354
01472427548
01426207506
01408594200
01370666004
01411461177
01366911024
01401210805
01317754565
01388972042
01384696792
01284598594
01333423012
01352255154
01338964631
01318800714
01348194545
01329711513
01284506223
01241530033
01316973239
01280519061
01305770650
01215606940
01260351130
01226736033
01230109005
01283789051
01173610626
01209960141
01224665945
01143108159
01215363788
01219732125
01174465646
01188483137
01072657023
01150273275
01158370199
01050650999
01138354775
01136935320
01113554789
01130593371
01119661080
01076593011
01084447592
01078653780
01078629722
01067975900
00984030107
01069198307
01026699967
00982128002
00993873103
01024673073
01038267005
01054986967
01008238155
00971580111
00964923092
00971565236
00878159231
00919385036
00960328203
00932770240
00959144390
00913016020
00916896005
00892018844
00852991975
00882368117
00803105401
00858407930
00881530450
00861063929
00875972330
00890264970
00819349550
00832134147
00833385780
00806050012
00791549992
00710021976
00764759132
00723164622
00764829955
00759585970
00720520746
00769547060
00721852106
00615116680
00714028533
00704218704
00674467108
00667011714
00630811300
00684948079
00677602367
00673824527
00665432909
00638953901
00629829152
00610872036
00612539954
00601627083
00606578200
00607648724
00600306070
00509857957
00597870900
00579997081
00557222109
00490546943
00539246905
00544383141
00460436910
00529884224
00527159735
00522354670
00439624592
00511726902
00423573063
00442219911
00477323260
00469355336
00474863255
00443732361
00448183005
00425739988
00348172982
00375040021
00363540156
00407320105
00393111040
00383297001
00384214100
00379536994
00337326711
00346744113
00326132104
00327508035
00334686563
00323302009
00259135577
00301497702
00213542510
00210001313
00295804203
00253071500
00217781241
00080701302
00155261355
00105393444
00083269088
00118846221
00122848900
00113149743
00085004790
00093240031
00049755960
00074733036
00052708713
00029826250
00021462909
00068008155
00016205090
09521290439
06321511960
12546786628
34937719831
08657275970
46486787880
12225707936
11038401933
22866686802
43696840807
30168612836
04893491105
04950443933
88649083153
17381259800
13947300980
26453021811
02413226931
05945803901
37460501204
02782069055
00125675232
01302755579
30053406869
09261371663
31590698851
11869826752
08155180999
11488137722
25806005828
04911492120
76904016272
67482740449
04528260204
45906996800
40191500879
46698322806
08349114770
04823380592
52889092968
05927427928
45253536515
43826195809
09137349856
02412865906
02607617294
01958676020
03358056554
04151183019
01942825200
00543240509
04391310228
43349451802
49066879890
70659682435
09775912636
40485313871
49605073811
48935510866
61616623373
07165453903
08003841488
17920964881
08607985930
32135332895
41682722813
37566886827
14141980862
18250456742
04263191927
26192337802
04234934003
03330017104
03628532906
03985548625
03975361190
02620422906
02566853126
03263602128
00590707060
02350001083
02336865505
02035145058
02257423658
01246421445
00564130923
00240470664
70146548108
30907874827
11044912731
06850507931
36640381850
45868686861
33975111860
12258305675
37585427824
40597234876
08751517957
71987576187
06733528975
12355052948
91186854049
10406876878
06163516745
85491942472
38217251843
69815518100
82483019749
41686141823
60844475386
50845575880
07742016656
48548933895
61809969387
08892637444
46202057882
06030011308
07964686569
08645076900
70764292170
41127973894
11885352697
04975445476
09162575929
11361957778
04967681905
12638504998
21936485818
88886913087
11423586905
36773004870
40925754838
17171081729
06517967508
39808826830
94760721991
46475449822
11149547995
41058713825
34316968807
05119293662
44099161811
10904011755
46584753832
95331506534
07787647965
60682894354
77786262253
40752839845
05212495113
06558392321
06380714103
06336755983
10240728432
41130719855
16461903780
82972494091
98849697104
23124408810
06275764783
46172546848
35694267850
13228283933
14284922831
06507994456
47223100842
57678219687
80682057053
42064963820
41124623876
04089705100
37071290806
04061803000
03634788844
04114134905
03820228314
03578036552
02631053931
02428370189
02889262189
02215354119
02346283240
01819072916
02027997946
01761316044
01760885045
01799582086
01586643029
01115768140
00871804131
00451865022
00863638163
00087316323
00418120005
00135641020
00070437084
08144219899
33818822875
00015847152
10695270923
15969373788
46946215800
60902198351
25550563860
39997295897
82928410082
09390783925
09398190907
70130739464
27363958831
45860588895
12562220200
05243979104
09125768980
28215186840
09815779974
91931533920
04340032980
85672378234
70492140197
94067074115
22012318851
33904737856
04561751998
45256297899
40120916894
21485809819
06291530198
06178272146
07029604628
49071225860
06192012156
46639327899
85574104504
08196038992
09855974450
05504436907
46375143802
97938548049
46988667822
94841217134
05457129128
15569865802
18005133723
35684667830
45127999072
08196309503
05183037132
61346000328
96744383434
50788269801
70068711409
05478357103
40066626889
09922011956
05687296093
27102531869
45105913817
42302672828
06587243630
16215194735
41991583591
99749165004
14278887795
40944733867
11724499459
11236083938
89271092287
08556570909
84928786068
27367086871
04676172958
04360276079
11222455994
45712162890
51591707234
09624332924
09111040971
05907230908
06015680954
96161337053
75739330025
33965570854
35487700885
08721051992
79282946215
05651338101
06127057140
28383967810
04538154130
40916719855
89869346634
10629870985
09407567737
06957863697
10521723930
22596105870
09657052939
10719241685
45180476801
17018278830
04420505001
10480569452
70473942143
46660805893
16371761633
04733097182
09602567929
17019078877
04996129905
36869149801
08717697948
45776416825
15537260735
21982875879
50323128866
17053017893
06069773411
05248474108
04453687052
83433961387
05672522645
09895397682
09525685942
04276281997
04292411948
04242635133
04131200740
04261237512
04264638976
03900941378
03962623094
03814605926
03556974916
03593433923
03661494074
03358524914
03509673000
03397573963
03524352910
03238647326
03484929600
03101920051
03118740027
03192586028
02885916079
03216102963
02775966020
02773510143
02749655005
02690351099
02377946089
02359940147
02528802420
02330375271
02256696090
02340176000
02012297064
02224498020
01944873007
01976062535
01797067133
01423461100
01867616270
01271142970
01256994928
01202372961
01007329416
00562738002
00845207954
00511876203
00446070912
00280957661
00408694238
00474882390
00250024730
00356245071
00360796931
00333795059
10192550640
13550248628
04542892000
16017419870
11846560454
37891077860
47432460833
70721815049
09104919769
10777786940
05210290581
72442638134
70693499206
85536636049
09091719397
37529589873
82302740025
87284600063
06153653375
27407807884
36834757813
70029590698
10187777926
70140096132
05714776909
07974925930
48495456885
60295621346
12642420426
12924353998
10852178417
57843848053
07013088935
76637883034
06746133680
95831665100
27142700858
69321566368
37568154807
41647985803
35875421800
14790639754
45439952870
14507093627
05809693717
42901873820
05002197965
05250165974
48612215870
44118453851
07785406502
92610862334
38013983153
94875057920
48723855860
55507525811
31421883805
04654603212
08432932507
39069876809
07317802301
09958786923
08819123525
87903997491
16408936792
10171708865
10936827955
04956020600
82325928004
37774650890
10662742907
81842902920
64137511187
13559228441
32248465858
10099702754
31879638894
16965380683
09936735978
33671279818
16765434739
22376401810
42057602800
21629070890
40868266825
08198631658
52482689821
13940705608
39239838830
32158202858
07310942124
10981278701
93022573120
05564869516
36263207825
13813929620
45490591846
68232586672
25483883870
05435467055
18321974848
04369507073
26933604802
17243681840
15088202792
12789856702
46848245860
09848113975
09959316904
30376072890
27073394072
45631215845
56167113149
32136950843
05723021346
13422717935
34089015898
84646136015
05109877530
70973552123
07347754909
12931113760
13872429620
09236889786
05752791332
27497995898
40741271800
40219885800
69611645287
06698456128
37092967813
95606840944
10136285945
22537967860
77417135153
10527620939
07947610380
31239267886
85889893521
21891605100
27100161843
05186312142
06131010900
29627901865
39020117858
95240870144
50350855897
98610031691
76142272049
06727953961
11340281996
05814191112
95199802100
30767279824
33729116878
40939400880
24992677800
09874595701
06260204418
85929271100
26152396867
05298420923
09233670716
37941225859
08507097928
71757759387
84693282049
94355312100
12329348959
05813098631
10354681664
33714339272
10711021929
54310806015
70199976198
10238134679
08301601914
12351936752
85682543068
07910458703
10353489930
70301046255
07155423971
32536355896
05508869743
26885651842
37809370855
07699676980
53914635053
21680233874
28963751805
16341417764
13074620730
79205666220
99572001191
10155542966
11464082774
08182963990
07863404959
04715708000
44974947800
26932457881
04850946062
05720888179
04639400322
73848956934
08602305460
80104351985
07652700990
92653499215
08609010686
35936254828
12425113770
70712781137
10501618902
10886020964
04840244189
05883618529
06604321967
04319520270
70288320239
04880279935
45358611886
13326478712
21629662801
06618013658
38770975884
05007507504
73461415987
07706410919
11020567406
35073435842
06511495337
70814045294
05890542958
07681732306
23133788884
52874966053
23147301869
16115331714
77886615387
05262095690
04655687002
14543085400
06774922945
09894558909
06430150941
09918684984
20185715249
04689994692
43998204890
05616274364
25718322805
71049021479
21779409826
21726613844
04430843783
37773377812
10563832916
05919030917
17613765784
84957760578
35084786889
07001712906
08128225952
09108956600
39162836854
48172374810
12365761950
16283529739
08176802689
23060227802
41001040813
32930039825
04958645012
38592876800
49589430805
05317402182
05173249706
21889444880
97581690253
29803550896
13627221621
49360192830
05374416383
22907850830
65417151149
08754475465
23061017879
70421514450
76674991104
51328502864
36297117829
11380013925
15200733723
34457422860
85418471015
12429964945
90563131187
17980758730
04386963952
19378037755
10317502905
49367504845
08198255907
58986200953
73041629100
09067033871
37828708831
12762808405
10559462921
11660502977
05559958107
17906851846
37086102881
09234412982
46730019824
70614914183
70304256269
08043893900
20062366874
20610828827
45708054859
81883536987
49012961831
37282666806
07939579665
07489626978
10078501407
45189634825
36719827804
14555371607
08857645959
05968864389
10703951700
24622578883
12518642951
08231728996
34088928814
13878210752
47123278801
05897008124
14146512875
17802559774
13464509605
11895579678
10686725441
12080026941
39081514814
08941786959
45789528864
09324715950
08561255633
71460935497
09147666781
30716105802
12590561989
52717851810
10532909933
13343713775
05498884117
13619248702
41677405830
45734592862
43971543847
64600025504
13127223986
40738965120
49637498826
09245182789
08492837799
04551538922
18427686897
07834762990
07886034937
15677634646
49576435803
30202883809
43530326828
31109894848
10622127977
95324097934
95246401553
38788816818
59498900191
06785678919
42789867852
46686169587
05034492105
05536299050
99293064049
09931588705
07297111961
12640643908
31708513817
41318974828
15795877638
15858497748
35478112879
18242101833
91217911200
35399268876
86015983582
09406315980
45800086850
05894513758
38184797800
10092254640
04537952423
86137962571
13639517423
05931742166
09857793908
94980616100
04334947352
26679823803
59778873291
10101697937
13423727608
50336916000
09718676902
33427377865
47246225803
09004379444
11870403711
39081839870
44547474826
40688190847
42373145880
40133064840
08626630590
61827705388
50161056857
07795835740
09132153929
26389409842
05304993047
29863324809
35528379814
22651891894
05543374445
08826173974
40946480893
12756418730
05423789737
05562799561
12886590673
08169506794
11823914861
70135574471
53742680587
34057164898
05968765569
44623491803
04369678048
71252886004
78238986915
04791714750
04476570119
11817956647
11558011641
38414504825
11822045975
21523184809
10835914950
04606933011
64346048072
17019681778
47661596830
09275271976
08402640974
07983802927
04749431516
43763277862
04433247197
22656739861
37419362866
87291215234
09444250628
04414426502
04716784142
06140110947
05138789554
04685685300
05687471510
06315448100
40114470804
42972720830
34806305880
18342576892
04404869126
18121767750
08402321950
07118904635
06223736924
45653143049
37773701857
05679661519
07062626627
11467662976
08039684935
08431146907
38340770896
70347279457
09601725997
49260714877
62516876653
06316300409
10352542985
11607531640
76376087000
12926286694
13851923723
06045476336
48144571894
41751208826
07877450656
08180327663
05742243944
06656284124
51027879691
98015800897
41620168871
13340228604
91600570330
05447024170
09459160948
32799954855
06076147903
08607725602
05633603990
18062430839
84598778091
86927973915
15004506698
47788974803
11974891933
30157709850
09341784700
65899938234
09752467989
12437914897
39788553800
70744968208
27991411885
41520786859
04537258993
97074004715
96351306515
70311929435
33516050802
26677025810
64838668015
05317962994
39298363869
31898565830
10165250950
08405899995
05209782344
21745767835
08508894996
07425093707
07546508398
34641370826
05890774573
39964785852
85769863536
35609399840
40768661854
07109056961
14432565608
11719998957
79716733534
50179977091
10037443976
13588120718
13388095639
09368695938
03896964127
03972660901
04009238151
03851272196
03895301159
03753242080
03751897003
03759568165
03780019060
03726897100
03766717006
03681586080
03673407040
03675695077
03384628217
03444564040
03444618581
03321059037
03336185998
03407689080
03245873255
03255156033
03237438030
03239613042
03296036121
03235848029
03124987993
03237240940
03106671947
03034728719
03003883062
03142290940
03107970557
02949314902
03096816506
03037369922
02995268950
02934925064
02970638207
02925861326
02894332319
02753921121
02808539983
02770494074
02817820088
02747760901
02679320140
02660070075
02559306905
02625348003
02616951266
02388779065
02515146090
02466959941
02406297101
02405104105
02298222070
02320364706
02238953930
02211054170
02121423214
02135618080
02093253305
02185023039
02187085139
01909871117
02011591635
01981600035
01952486190
01774490200
01823359922
01703530446
01724941763
01656172925
01656060027
01796531480
01575657007
01685822010
01710157461
01672856027
01733555790
01618309609
01609516079
01491630531
01439068011
01494744902
01334159963
01409288552
01294072595
01366922069
01135441030
01253746907
01166345700
01016640447
01136654151
00981812465
00898946000
01015394019
00850911036
00705325911
00776641085
00719739314
00607524910
00462093280
00439423260
00325909547
00432330909
00374888302
00157116255
00304369233
00261265083
00099722267
00151886202
00003688062
01807711080
78059623168
06317088985
02559201992
88196062320
02408013003
12613424966
71878807900
47096353828
69695571115
05097494458
08397729399
07588421479
11528040732
06563419984
42721193899
21515676803
14054406866
50689004869
02800510188
47924858865
34569176860
02652275186
04474894103
13575468664
43486314840
01973880199
03583535057
